seed,image,cluster,step,labels,chosen,chosen_cluster,score_margin,chosen_score,score_argmax,chosen_is_score_argmax,full_res_argmin,chosen_is_min_full_res,chosen_full_res,min_full_res
0,kodim01,0,1,phys|robust,phys,datos,0.25042152404785156,-9.74968433380127,phys,1,phys,1,0.0005032111657783389,0.0005032111657783389
0,kodim01,0,2,phys|robust,phys,datos,0.3448944091796875,-9.864922523498535,phys,1,phys,1,0.0005303339567035437,0.0005303339567035437
0,kodim01,0,3,phys|robust,phys,datos,0.5373744964599609,-9.471670150756836,phys,1,phys,1,9.979555761674419e-05,9.979555761674419e-05
0,kodim01,0,4,phys|robust,phys,datos,0.27251529693603516,-9.650789260864258,phys,1,phys,1,0.00022027162776794285,0.00022027162776794285
0,kodim01,0,5,phys|robust,phys,datos,0.5545196533203125,-9.721015930175781,phys,1,phys,1,0.00010492747242096812,0.00010492747242096812
0,kodim01,0,6,phys|robust,phys,datos,0.38888072967529297,-9.639017105102539,phys,1,phys,1,0.000105793857073877,0.000105793857073877
0,kodim01,0,7,phys|robust,phys,datos,0.4958171844482422,-9.831036567687988,phys,1,phys,1,9.662560478318483e-05,9.662560478318483e-05
0,kodim01,0,8,phys|robust,phys,datos,0.19179344177246094,-9.991150856018066,phys,1,phys,1,0.0003963567141909152,0.0003963567141909152
0,kodim01,1,1,conv|prox_tv,prox_tv,suavidad,0.3081388473510742,-9.658767700195312,prox_tv,1,prox_tv,1,0.00021358921367209405,0.00021358921367209405
0,kodim01,1,2,conv|prox_tv,prox_tv,suavidad,0.18961620330810547,-9.56605052947998,prox_tv,1,prox_tv,1,0.0001366847864119336,0.0001366847864119336
0,kodim01,1,3,conv|prox_tv,conv,suavidad,0.6283884048461914,-9.394756317138672,conv,1,conv,1,8.111500937957317e-05,8.111500937957317e-05
0,kodim01,1,4,conv|prox_tv,prox_tv,suavidad,0.13803386688232422,-9.667304992675781,prox_tv,1,prox_tv,1,7.141751848394051e-05,7.141751848394051e-05
0,kodim01,1,5,conv|prox_tv,prox_tv,suavidad,0.16043472290039062,-9.719904899597168,prox_tv,1,prox_tv,1,0.00015487421478610486,0.00015487421478610486
0,kodim01,1,6,conv|prox_tv,conv,suavidad,0.5569963455200195,-9.524103164672852,conv,1,conv,1,9.34593117563054e-05,9.34593117563054e-05
0,kodim01,1,7,conv|prox_tv,conv,suavidad,0.530879020690918,-9.640783309936523,conv,1,conv,1,0.00015920677105896175,0.00015920677105896175
0,kodim01,1,8,conv|prox_tv,conv,suavidad,0.6927738189697266,-9.516794204711914,conv,1,conv,1,0.00012276697088964283,0.00012276697088964283
0,kodim01,2,1,conv_lowtv|wavelet|inr,conv_lowtv,frecuencia,0.7434968948364258,-9.620205879211426,conv_lowtv,1,conv_lowtv,1,0.0002378065837547183,0.0002378065837547183
0,kodim01,2,2,conv_lowtv|wavelet|inr,conv_lowtv,frecuencia,0.7637367248535156,-9.671640396118164,conv_lowtv,1,conv_lowtv,1,0.00020126975141465664,0.00020126975141465664
0,kodim01,2,3,conv_lowtv|wavelet|inr,conv_lowtv,frecuencia,1.0211248397827148,-9.601497650146484,conv_lowtv,1,conv_lowtv,1,0.00011627273488556966,0.00011627273488556966
0,kodim01,2,4,conv_lowtv|wavelet|inr,conv_lowtv,frecuencia,0.8715448379516602,-9.814906120300293,conv_lowtv,1,conv_lowtv,1,0.00023480247182305902,0.00023480247182305902
0,kodim01,2,5,conv_lowtv|wavelet|inr,conv_lowtv,frecuencia,0.904994010925293,-9.736621856689453,conv_lowtv,1,conv_lowtv,1,0.0002081247657770291,0.0002081247657770291
0,kodim01,2,6,conv_lowtv|wavelet|inr,conv_lowtv,frecuencia,1.045079231262207,-9.81325912475586,conv_lowtv,1,conv_lowtv,1,0.00020005663100164384,0.00020005663100164384
0,kodim01,2,7,conv_lowtv|wavelet|inr,conv_lowtv,frecuencia,1.0838947296142578,-9.818572044372559,conv_lowtv,1,conv_lowtv,1,0.00010844310600077733,0.00010844310600077733
0,kodim01,2,8,conv_lowtv|wavelet|inr,conv_lowtv,frecuencia,0.9796237945556641,-9.842867851257324,conv_lowtv,1,conv_lowtv,1,0.00012213150330353528,0.00012213150330353528
0,kodim01,3,1,dct|had,had,transformada,0.4427757263183594,-9.578728675842285,had,1,had,1,0.0001307434431510046,0.0001307434431510046
0,kodim01,3,2,dct|had,dct,transformada,0.5166292190551758,-9.44472885131836,dct,1,dct,1,0.00014449912123382092,0.00014449912123382092
0,kodim01,3,3,dct|had,had,transformada,0.4418811798095703,-9.795794486999512,had,1,had,1,0.00028329138876870275,0.00028329138876870275
0,kodim01,3,4,dct|had,dct,transformada,0.6915931701660156,-9.557358741760254,dct,1,dct,1,0.00012057362619088963,0.00012057362619088963
0,kodim01,3,5,dct|had,dct,transformada,0.6136064529418945,-9.566190719604492,dct,1,dct,1,0.0001027570542646572,0.0001027570542646572
0,kodim01,3,6,dct|had,dct,transformada,0.5198564529418945,-9.607728004455566,dct,1,dct,1,0.00016319160931743681,0.00016319160931743681
0,kodim01,3,7,dct|had,had,transformada,0.1181793212890625,-9.918335914611816,had,1,had,1,0.0004705468309111893,0.0004705468309111893
0,kodim01,3,8,dct|had,dct,transformada,0.49733829498291016,-9.886613845825195,dct,1,dct,1,0.0004730276996269822,0.0004730276996269822
0,kodim01,4,1,tv2|huber,tv2,regularizador,0.03638744354248047,-9.62038803100586,tv2,1,huber,0,0.0009560734615661204,0.0005115289823152125
0,kodim01,4,2,tv2|huber,tv2,regularizador,0.06370067596435547,-9.644707679748535,tv2,1,huber,0,0.0015655603492632508,0.0006889241631142795
0,kodim01,4,3,tv2|huber,tv2,regularizador,0.09288787841796875,-9.614943504333496,tv2,1,huber,0,0.0009525076020509005,0.0007495653699152172
0,kodim01,4,4,tv2|huber,huber,regularizador,0.02385711669921875,-9.681195259094238,huber,1,huber,1,0.0004384364583529532,0.0004384364583529532
0,kodim01,4,5,tv2|huber,tv2,regularizador,0.13175201416015625,-9.594138145446777,tv2,1,huber,0,0.0009416899993084371,0.0007762862369418144
0,kodim01,4,6,tv2|huber,tv2,regularizador,0.7979679107666016,-9.406511306762695,tv2,1,tv2,1,0.0008869827724993229,0.0008869827724993229
0,kodim01,4,7,tv2|huber,huber,regularizador,0.04436779022216797,-9.811315536499023,huber,1,huber,1,0.00028613905305974185,0.00028613905305974185
0,kodim01,4,8,tv2|huber,tv2,regularizador,0.07985496520996094,-9.636937141418457,tv2,1,huber,0,0.0007085182587616146,0.0004701635625679046
0,kodim01,5,1,dct|tv2,tv2,regularizador,0.08735084533691406,-9.626986503601074,tv2,1,dct,0,0.000617431360296905,0.0004433651629369706
0,kodim01,5,2,dct|tv2,tv2,regularizador,0.07471179962158203,-9.46910572052002,tv2,1,dct,0,0.0008975013042800128,0.0001190989205497317
0,kodim01,5,3,dct|tv2,tv2,regularizador,0.7612075805664062,-9.319771766662598,tv2,1,tv2,1,0.0007447102107107639,0.0007447102107107639
0,kodim01,5,4,dct|tv2,tv2,regularizador,0.0001850128173828125,-9.747851371765137,tv2,1,dct,0,0.001491066301241517,0.00033526401966810226
0,kodim01,5,5,dct|tv2,tv2,regularizador,0.09230422973632812,-9.67075252532959,tv2,1,dct,0,0.0009803579887375236,0.0002901039842981845
0,kodim01,5,6,dct|tv2,tv2,regularizador,0.16713714599609375,-9.678791999816895,tv2,1,dct,0,0.0007222552667371929,0.00043801445281133056
0,kodim01,5,7,dct|tv2,tv2,regularizador,0.05001544952392578,-9.784080505371094,tv2,1,dct,0,0.001051971921697259,0.00032892273156903684
0,kodim01,5,8,dct|tv2,tv2,regularizador,0.1200714111328125,-9.806561470031738,tv2,1,dct,0,0.0010721331927925348,0.0002593887038528919
0,kodim02,0,1,phys|robust,phys,datos,0.39267539978027344,-10.18396282196045,phys,1,phys,1,0.00018439766427036375,0.00018439766427036375
0,kodim02,0,2,phys|robust,phys,datos,0.1457347869873047,-10.489594459533691,phys,1,phys,1,0.0006534462445415556,0.0006534462445415556
0,kodim02,0,3,phys|robust,phys,datos,0.7431869506835938,-10.284571647644043,phys,1,phys,1,0.00013631241745315492,0.00013631241745315492
0,kodim02,0,4,phys|robust,phys,datos,0.3166656494140625,-10.274649620056152,phys,1,phys,1,0.0001048933481797576,0.0001048933481797576
0,kodim02,0,5,phys|robust,phys,datos,0.3157491683959961,-10.619405746459961,phys,1,phys,1,0.00011130764323752373,0.00011130764323752373
0,kodim02,0,6,phys|robust,phys,datos,1.2572135925292969,-10.745162010192871,phys,1,phys,1,0.00011082711716881022,0.00011082711716881022
0,kodim02,0,7,phys|robust,phys,datos,0.39278316497802734,-10.703455924987793,phys,1,phys,1,7.398485468002036e-05,7.398485468002036e-05
0,kodim02,0,8,phys|robust,phys,datos,0.4887428283691406,-10.88880443572998,phys,1,phys,1,0.00022514617012348026,0.00022514617012348026
0,kodim02,1,1,conv|prox_tv,conv,suavidad,0.5834484100341797,-10.017110824584961,conv,1,conv,1,0.00020424523972906172,0.00020424523972906172
0,kodim02,1,2,conv|prox_tv,conv,suavidad,0.527836799621582,-10.145219802856445,conv,1,conv,1,0.00015761188114993274,0.00015761188114993274
0,kodim02,1,3,conv|prox_tv,conv,suavidad,0.5310516357421875,-10.278491020202637,conv,1,conv,1,0.00014085366274230182,0.00014085366274230182
0,kodim02,1,4,conv|prox_tv,prox_tv,suavidad,0.07666587829589844,-10.661738395690918,prox_tv,1,prox_tv,1,0.0002464491408318281,0.0002464491408318281
0,kodim02,1,5,conv|prox_tv,prox_tv,suavidad,0.09197235107421875,-10.67829418182373,prox_tv,1,prox_tv,1,7.367839862126857e-05,7.367839862126857e-05
0,kodim02,1,6,conv|prox_tv,conv,suavidad,0.5328369140625,-10.425002098083496,conv,1,conv,1,6.722187390550971e-05,6.722187390550971e-05
0,kodim02,1,7,conv|prox_tv,conv,suavidad,0.6435480117797852,-10.673524856567383,conv,1,conv,1,7.983657997101545e-05,7.983657997101545e-05
0,kodim02,1,8,conv|prox_tv,conv,suavidad,0.6028900146484375,-10.533785820007324,conv,1,conv,1,7.022454519756138e-05,7.022454519756138e-05
0,kodim02,2,1,conv_lowtv|wavelet|inr,conv_lowtv,frecuencia,0.5218544006347656,-10.163996696472168,conv_lowtv,1,conv_lowtv,1,0.0002759684866759926,0.0002759684866759926
0,kodim02,2,2,conv_lowtv|wavelet|inr,conv_lowtv,frecuencia,0.8934326171875,-10.068556785583496,conv_lowtv,1,conv_lowtv,1,0.00016232641064561903,0.00016232641064561903
0,kodim02,2,3,conv_lowtv|wavelet|inr,conv_lowtv,frecuencia,0.6777725219726562,-10.707837104797363,conv_lowtv,1,conv_lowtv,1,0.00022579057258553803,0.00022579057258553803
0,kodim02,2,4,conv_lowtv|wavelet|inr,conv_lowtv,frecuencia,0.9346103668212891,-10.490677833557129,conv_lowtv,1,conv_lowtv,1,5.6807530199876055e-05,5.6807530199876055e-05
0,kodim02,2,5,conv_lowtv|wavelet|inr,conv_lowtv,frecuencia,0.9773750305175781,-10.585370063781738,conv_lowtv,1,conv_lowtv,1,0.00011400734365452081,0.00011400734365452081
0,kodim02,2,6,conv_lowtv|wavelet|inr,conv_lowtv,frecuencia,0.8926725387573242,-10.690262794494629,conv_lowtv,1,conv_lowtv,1,0.00013062510697636753,0.00013062510697636753
0,kodim02,2,7,conv_lowtv|wavelet|inr,conv_lowtv,frecuencia,0.15570545196533203,-11.89399528503418,conv_lowtv,1,conv_lowtv,1,0.0005639106384478509,0.0005639106384478509
0,kodim02,2,8,conv_lowtv|wavelet|inr,conv_lowtv,frecuencia,0.9722795486450195,-11.074747085571289,conv_lowtv,1,conv_lowtv,1,0.00021419767290353775,0.00021419767290353775
0,kodim02,3,1,dct|had,dct,transformada,0.5237083435058594,-10.048373222351074,dct,1,dct,1,0.00021539104636758566,0.00021539104636758566
0,kodim02,3,2,dct|had,had,transformada,1.0046615600585938,-11.351775169372559,had,1,had,1,0.0012512921821326017,0.0012512921821326017
0,kodim02,3,3,dct|had,had,transformada,0.5299091339111328,-11.02791690826416,had,1,had,1,0.0007745620096102357,0.0007745620096102357
0,kodim02,3,4,dct|had,had,transformada,0.3902397155761719,-11.01027774810791,had,1,had,1,0.0001681913126958534,0.0001681913126958534
0,kodim02,3,5,dct|had,dct,transformada,0.4857978820800781,-10.706064224243164,dct,1,dct,1,0.00017674422997515649,0.00017674422997515649
0,kodim02,3,6,dct|had,dct,transformada,0.5645084381103516,-10.849139213562012,dct,1,dct,1,0.0001752219395712018,0.0001752219395712018
0,kodim02,3,7,dct|had,dct,transformada,0.4668569564819336,-10.927924156188965,dct,1,dct,1,8.085402077995241e-05,8.085402077995241e-05
0,kodim02,3,8,dct|had,had,transformada,0.18308734893798828,-10.985532760620117,had,1,had,1,9.099118324229494e-05,9.099118324229494e-05
0,kodim02,4,1,tv2|huber,huber,regularizador,0.03904914855957031,-10.339581489562988,huber,1,huber,1,0.0005094993393868208,0.0005094993393868208
0,kodim02,4,2,tv2|huber,huber,regularizador,0.1317272186279297,-10.519790649414062,huber,1,huber,1,0.0005593796377070248,0.0005593796377070248
0,kodim02,4,3,tv2|huber,tv2,regularizador,0.8586997985839844,-10.266695976257324,tv2,1,tv2,1,0.0003769210015889257,0.0003769210015889257
0,kodim02,4,4,tv2|huber,tv2,regularizador,1.1118221282958984,-10.132288932800293,tv2,1,tv2,1,0.00029713730327785015,0.00029713730327785015
0,kodim02,4,5,tv2|huber,tv2,regularizador,0.6994876861572266,-10.174210548400879,tv2,1,tv2,1,0.0003403927548788488,0.0003403927548788488
0,kodim02,4,6,tv2|huber,tv2,regularizador,0.688929557800293,-10.257294654846191,tv2,1,tv2,1,0.0004764499608427286,0.0004764499608427286
0,kodim02,4,7,tv2|huber,tv2,regularizador,0.7707681655883789,-10.207435607910156,tv2,1,tv2,1,0.0003142399073112756,0.0003142399073112756
0,kodim02,4,8,tv2|huber,tv2,regularizador,1.4382209777832031,-10.48120403289795,tv2,1,tv2,1,0.00039328596903942525,0.00039328596903942525
0,kodim02,5,1,dct|tv2,dct,transformada,0.08446121215820312,-10.234206199645996,dct,1,dct,1,0.0002235703868791461,0.0002235703868791461
0,kodim02,5,2,dct|tv2,tv2,regularizador,0.9284830093383789,-9.949089050292969,tv2,1,tv2,1,0.0004702228179667145,0.0004702228179667145
0,kodim02,5,3,dct|tv2,tv2,regularizador,0.035492897033691406,-10.550200462341309,tv2,1,dct,0,0.000900117913261056,0.000507247808855027
0,kodim02,5,4,dct|tv2,tv2,regularizador,0.011579513549804688,-10.575037956237793,tv2,1,dct,0,0.0006398698897100985,0.000242303911363706
0,kodim02,5,5,dct|tv2,tv2,regularizador,0.1476764678955078,-10.620501518249512,tv2,1,dct,0,0.0006336192600429058,0.00032581124105490744
0,kodim02,5,6,dct|tv2,tv2,regularizador,3.762178421020508,-11.763274192810059,tv2,1,tv2,1,0.0009020738652907312,0.0009020738652907312
0,kodim02,5,7,dct|tv2,tv2,regularizador,0.7406425476074219,-12.385258674621582,tv2,1,tv2,1,0.0013517766492441297,0.0013517766492441297
0,kodim02,5,8,dct|tv2,tv2,regularizador,0.07699203491210938,-10.713187217712402,tv2,1,dct,0,0.0006319336243905127,0.00024986822973005474
0,kodim03,0,1,phys|robust,phys,datos,0.4830818176269531,-10.398900032043457,phys,1,phys,1,0.00017975551600102335,0.00017975551600102335
0,kodim03,0,2,phys|robust,phys,datos,0.20561885833740234,-10.169303894042969,phys,1,phys,1,0.00027177107403986156,0.00027177107403986156
0,kodim03,0,3,phys|robust,phys,datos,0.2944183349609375,-9.769575119018555,phys,1,phys,1,0.00015045063628349453,0.00015045063628349453
0,kodim03,0,4,phys|robust,phys,datos,0.22567176818847656,-9.795955657958984,phys,1,phys,1,8.334720769198611e-05,8.334720769198611e-05
0,kodim03,0,5,phys|robust,robust,datos,0.08962154388427734,-9.711807250976562,robust,1,phys,0,0.00013169922749511898,0.00010205993748968467
0,kodim03,0,6,phys|robust,phys,datos,0.2702322006225586,-9.986411094665527,phys,1,phys,1,0.00023383283405564725,0.00023383283405564725
0,kodim03,0,7,phys|robust,phys,datos,0.5999670028686523,-9.524959564208984,phys,1,phys,1,5.072753629065119e-05,5.072753629065119e-05
0,kodim03,0,8,phys|robust,phys,datos,0.1941852569580078,-9.878418922424316,phys,1,phys,1,8.668884402140975e-05,8.668884402140975e-05
0,kodim03,1,1,conv|prox_tv,conv,suavidad,0.6946144104003906,-10.318016052246094,conv,1,conv,1,0.00015307955618482083,0.00015307955618482083
0,kodim03,1,2,conv|prox_tv,prox_tv,suavidad,0.10482406616210938,-9.940434455871582,prox_tv,1,prox_tv,1,0.00012503532343544066,0.00012503532343544066
0,kodim03,1,3,conv|prox_tv,conv,suavidad,0.13269424438476562,-9.839751243591309,conv,1,prox_tv,0,0.00012227224942762405,0.00011837461352115497
0,kodim03,1,4,conv|prox_tv,prox_tv,suavidad,0.4753446578979492,-9.744587898254395,prox_tv,1,prox_tv,1,6.858387496322393e-05,6.858387496322393e-05
0,kodim03,1,5,conv|prox_tv,conv,suavidad,0.9272098541259766,-9.469513893127441,conv,1,conv,1,6.584527727682143e-05,6.584527727682143e-05
0,kodim03,1,6,conv|prox_tv,conv,suavidad,0.5044469833374023,-9.42597484588623,conv,1,conv,1,3.790452319663018e-05,3.790452319663018e-05
0,kodim03,1,7,conv|prox_tv,conv,suavidad,0.46296215057373047,-9.520615577697754,conv,1,conv,1,4.5394011976895854e-05,4.5394011976895854e-05
0,kodim03,1,8,conv|prox_tv,prox_tv,suavidad,0.4024667739868164,-9.706608772277832,prox_tv,1,prox_tv,1,5.6505876273149624e-05,5.6505876273149624e-05
0,kodim03,2,1,conv_lowtv|wavelet|inr,conv_lowtv,frecuencia,1.6444072723388672,-9.917518615722656,conv_lowtv,1,conv_lowtv,1,0.00018016842659562826,0.00018016842659562826
0,kodim03,2,2,conv_lowtv|wavelet|inr,conv_lowtv,frecuencia,1.2707023620605469,-9.639914512634277,conv_lowtv,1,conv_lowtv,1,0.0001300932781305164,0.0001300932781305164
0,kodim03,2,3,conv_lowtv|wavelet|inr,conv_lowtv,frecuencia,1.1571903228759766,-9.62524700164795,conv_lowtv,1,conv_lowtv,1,8.714974683243781e-05,8.714974683243781e-05
0,kodim03,2,4,conv_lowtv|wavelet|inr,conv_lowtv,frecuencia,1.3167486190795898,-9.534659385681152,conv_lowtv,1,conv_lowtv,1,7.155166531447321e-05,7.155166531447321e-05
0,kodim03,2,5,conv_lowtv|wavelet|inr,conv_lowtv,frecuencia,1.4232826232910156,-9.685599327087402,conv_lowtv,1,conv_lowtv,1,9.786411101231351e-05,9.786411101231351e-05
0,kodim03,2,6,conv_lowtv|wavelet|inr,conv_lowtv,frecuencia,1.2921991348266602,-9.660069465637207,conv_lowtv,1,conv_lowtv,1,7.740996079519391e-05,7.740996079519391e-05
0,kodim03,2,7,conv_lowtv|wavelet|inr,conv_lowtv,frecuencia,1.4757843017578125,-9.639946937561035,conv_lowtv,1,conv_lowtv,1,9.298603254137561e-05,9.298603254137561e-05
0,kodim03,2,8,conv_lowtv|wavelet|inr,conv_lowtv,frecuencia,1.2435855865478516,-9.97402286529541,conv_lowtv,1,conv_lowtv,1,7.397599256364629e-05,7.397599256364629e-05
0,kodim03,3,1,dct|had,had,transformada,0.07662391662597656,-10.826507568359375,had,1,had,1,0.0003355082299094647,0.0003355082299094647
0,kodim03,3,2,dct|had,had,transformada,0.3700294494628906,-9.575684547424316,had,1,had,1,0.00010001990449381992,0.00010001990449381992
0,kodim03,3,3,dct|had,dct,transformada,0.41554737091064453,-9.623509407043457,dct,1,dct,1,0.00010642257984727621,0.00010642257984727621
0,kodim03,3,4,dct|had,had,transformada,0.11403083801269531,-9.793313026428223,had,1,had,1,8.82229651324451e-05,8.82229651324451e-05
0,kodim03,3,5,dct|had,dct,transformada,0.4893960952758789,-10.395036697387695,dct,1,dct,1,0.0003388886689208448,0.0003388886689208448
0,kodim03,3,6,dct|had,dct,transformada,0.5586919784545898,-9.871781349182129,dct,1,dct,1,8.255074499174953e-05,8.255074499174953e-05
0,kodim03,3,7,dct|had,dct,transformada,0.6584100723266602,-9.752516746520996,dct,1,dct,1,4.584516500472091e-05,4.584516500472091e-05
0,kodim03,3,8,dct|had,dct,transformada,0.3423633575439453,-9.949570655822754,dct,1,dct,1,8.219968731282279e-05,8.219968731282279e-05
0,kodim03,4,1,tv2|huber,huber,regularizador,0.23034000396728516,-10.210134506225586,huber,1,huber,1,0.0002601208398118615,0.0002601208398118615
0,kodim03,4,2,tv2|huber,huber,regularizador,0.2353191375732422,-9.523823738098145,huber,1,huber,1,0.00019712357607204467,0.00019712357607204467
0,kodim03,4,3,tv2|huber,huber,regularizador,0.03565788269042969,-9.665783882141113,huber,1,huber,1,0.00025346368784084916,0.00025346368784084916
0,kodim03,4,4,tv2|huber,huber,regularizador,0.0048656463623046875,-9.733044624328613,huber,1,huber,1,0.00020176416728645563,0.00020176416728645563
0,kodim03,4,5,tv2|huber,huber,regularizador,0.09322071075439453,-9.805976867675781,huber,1,huber,1,0.00024479933199472725,0.00024479933199472725
0,kodim03,4,6,tv2|huber,huber,regularizador,0.06396293640136719,-9.77414608001709,huber,1,huber,1,0.00022833363618701696,0.00022833363618701696
0,kodim03,4,7,tv2|huber,huber,regularizador,0.19553565979003906,-9.70592212677002,huber,1,huber,1,0.00020321135525591671,0.00020321135525591671
0,kodim03,4,8,tv2|huber,huber,regularizador,0.13150405883789062,-9.810212135314941,huber,1,huber,1,0.00017595409008208662,0.00017595409008208662
0,kodim03,5,1,dct|tv2,dct,transformada,0.703730583190918,-10.249037742614746,dct,1,dct,1,0.00013460595801007003,0.00013460595801007003
0,kodim03,5,2,dct|tv2,dct,transformada,0.2744464874267578,-9.646771430969238,dct,1,dct,1,0.0002398660290054977,0.0002398660290054977
0,kodim03,5,3,dct|tv2,dct,transformada,0.24616241455078125,-9.43671703338623,dct,1,dct,1,6.646915426244959e-05,6.646915426244959e-05
0,kodim03,5,4,dct|tv2,dct,transformada,0.5673208236694336,-9.592079162597656,dct,1,dct,1,5.993103332002647e-05,5.993103332002647e-05
0,kodim03,5,5,dct|tv2,dct,transformada,0.2041912078857422,-9.5895414352417,dct,1,dct,1,7.888642721809447e-05,7.888642721809447e-05
0,kodim03,5,6,dct|tv2,tv2,regularizador,0.14250755310058594,-9.815038681030273,tv2,1,dct,0,0.00021440416458062828,0.00010007745731854811
0,kodim03,5,7,dct|tv2,dct,transformada,0.04010009765625,-10.11568546295166,dct,1,dct,1,0.00011462788825156167,0.00011462788825156167
0,kodim03,5,8,dct|tv2,tv2,regularizador,0.28963565826416016,-9.733109474182129,tv2,1,dct,0,0.00021091771486680955,0.00011245135101489723
0,kodim04,0,1,phys|robust,phys,datos,0.292144775390625,-9.495396614074707,phys,1,phys,1,0.0003236088086850941,0.0003236088086850941
0,kodim04,0,2,phys|robust,phys,datos,0.14919662475585938,-9.201519966125488,phys,1,phys,1,0.00023283959308173507,0.00023283959308173507
0,kodim04,0,3,phys|robust,phys,datos,0.39155101776123047,-8.923483848571777,phys,1,phys,1,0.00017687169020064175,0.00017687169020064175
0,kodim04,0,4,phys|robust,phys,datos,0.5001277923583984,-9.048606872558594,phys,1,phys,1,0.00014569750055670738,0.00014569750055670738
0,kodim04,0,5,phys|robust,phys,datos,0.29433536529541016,-8.999528884887695,phys,1,phys,1,0.00013500502973329276,0.00013500502973329276
0,kodim04,0,6,phys|robust,phys,datos,0.4506416320800781,-9.0086088180542,phys,1,phys,1,0.00010148065484827384,0.00010148065484827384
0,kodim04,0,7,phys|robust,phys,datos,0.5041208267211914,-8.942646026611328,phys,1,phys,1,9.058269642991945e-05,9.058269642991945e-05
0,kodim04,0,8,phys|robust,phys,datos,0.26664161682128906,-9.192667961120605,phys,1,phys,1,0.00012743232946377248,0.00012743232946377248
0,kodim04,1,1,conv|prox_tv,conv,suavidad,0.9178495407104492,-9.303417205810547,conv,1,conv,1,0.00020117023086640984,0.00020117023086640984
0,kodim04,1,2,conv|prox_tv,prox_tv,suavidad,0.5069046020507812,-9.724987983703613,prox_tv,1,prox_tv,1,0.00036980543518438935,0.00036980543518438935
0,kodim04,1,3,conv|prox_tv,conv,suavidad,0.5089349746704102,-8.668795585632324,conv,1,conv,1,0.00012517125287558883,0.00012517125287558883
0,kodim04,1,4,conv|prox_tv,prox_tv,suavidad,0.40885448455810547,-8.745427131652832,prox_tv,1,prox_tv,1,0.00011473579070298001,0.00011473579070298001
0,kodim04,1,5,conv|prox_tv,prox_tv,suavidad,0.2443695068359375,-8.601983070373535,prox_tv,1,prox_tv,1,6.797568494221196e-05,6.797568494221196e-05
0,kodim04,1,6,conv|prox_tv,conv,suavidad,0.5768556594848633,-8.456602096557617,conv,1,conv,1,5.6244036386488006e-05,5.6244036386488006e-05
0,kodim04,1,7,conv|prox_tv,prox_tv,suavidad,0.29041004180908203,-8.86210823059082,prox_tv,1,prox_tv,1,0.00011185749463038519,0.00011185749463038519
0,kodim04,1,8,conv|prox_tv,conv,suavidad,0.6429576873779297,-8.633186340332031,conv,1,conv,1,6.355703226290643e-05,6.355703226290643e-05
0,kodim04,2,1,conv_lowtv|wavelet|inr,conv_lowtv,frecuencia,0.655095100402832,-9.711153984069824,conv_lowtv,1,conv_lowtv,1,0.0003444253234192729,0.0003444253234192729
0,kodim04,2,2,conv_lowtv|wavelet|inr,conv_lowtv,frecuencia,0.4989585876464844,-9.257325172424316,conv_lowtv,1,conv_lowtv,1,0.000315007142489776,0.000315007142489776
0,kodim04,2,3,conv_lowtv|wavelet|inr,conv_lowtv,frecuencia,1.0481338500976562,-9.012818336486816,conv_lowtv,1,conv_lowtv,1,0.00026585173327475786,0.00026585173327475786
0,kodim04,2,4,conv_lowtv|wavelet|inr,conv_lowtv,frecuencia,1.0167779922485352,-8.997997283935547,conv_lowtv,1,conv_lowtv,1,0.0001779126760084182,0.0001779126760084182
0,kodim04,2,5,conv_lowtv|wavelet|inr,conv_lowtv,frecuencia,1.1518831253051758,-8.947890281677246,conv_lowtv,1,conv_lowtv,1,0.00015333961346186697,0.00015333961346186697
0,kodim04,2,6,conv_lowtv|wavelet|inr,conv_lowtv,frecuencia,0.8822946548461914,-8.93554973602295,conv_lowtv,1,conv_lowtv,1,9.300329838879406e-05,9.300329838879406e-05
0,kodim04,2,7,conv_lowtv|wavelet|inr,conv_lowtv,frecuencia,0.9866085052490234,-9.01563549041748,conv_lowtv,1,conv_lowtv,1,0.00010417867451906204,0.00010417867451906204
0,kodim04,2,8,conv_lowtv|wavelet|inr,conv_lowtv,frecuencia,0.9242343902587891,-9.137070655822754,conv_lowtv,1,conv_lowtv,1,7.822862971806899e-05,7.822862971806899e-05
0,kodim04,3,1,dct|had,had,transformada,0.3346681594848633,-9.725099563598633,had,1,had,1,0.0002380813384661451,0.0002380813384661451
0,kodim04,3,2,dct|had,had,transformada,0.4558544158935547,-8.806839942932129,had,1,had,1,0.0002207258512498811,0.0002207258512498811
0,kodim04,3,3,dct|had,dct,transformada,0.7792844772338867,-8.668733596801758,dct,1,dct,1,0.00017456903879065067,0.00017456903879065067
0,kodim04,3,4,dct|had,dct,transformada,0.8786754608154297,-8.846993446350098,dct,1,dct,1,0.0001639143010834232,0.0001639143010834232
0,kodim04,3,5,dct|had,had,transformada,0.9986362457275391,-8.965134620666504,had,1,had,1,7.795027340762317e-05,7.795027340762317e-05
0,kodim04,3,6,dct|had,had,transformada,0.5624427795410156,-9.505125999450684,had,1,had,1,0.00027690239949151874,0.00027690239949151874
0,kodim04,3,7,dct|had,dct,transformada,0.47986698150634766,-9.108646392822266,dct,1,dct,1,0.00013127969577908516,0.00013127969577908516
0,kodim04,3,8,dct|had,had,transformada,0.17910003662109375,-9.163228988647461,had,1,had,1,0.00011397741764085367,0.00011397741764085367
0,kodim04,4,1,tv2|huber,huber,regularizador,0.4833984375,-9.921006202697754,huber,1,huber,1,0.00042542198207229376,0.00042542198207229376
0,kodim04,4,2,tv2|huber,tv2,regularizador,0.7507705688476562,-8.417594909667969,tv2,1,tv2,1,0.0003381923888809979,0.0003381923888809979
0,kodim04,4,3,tv2|huber,tv2,regularizador,0.8357143402099609,-8.341753959655762,tv2,1,tv2,1,0.00021590317192021757,0.00021590317192021757
0,kodim04,4,4,tv2|huber,tv2,regularizador,0.22980022430419922,-8.96724796295166,tv2,1,huber,0,0.00032185239251703024,0.00024447645409964025
0,kodim04,4,5,tv2|huber,tv2,regularizador,0.01883983612060547,-9.08510684967041,tv2,1,huber,0,0.0002669520617928356,0.0001657861575949937
0,kodim04,4,6,tv2|huber,huber,regularizador,0.26140499114990234,-9.231461524963379,huber,1,huber,1,0.00021625193767249584,0.00021625193767249584
0,kodim04,4,7,tv2|huber,huber,regularizador,0.008115768432617188,-9.201922416687012,huber,1,huber,1,0.00028339988784864545,0.00028339988784864545
0,kodim04,4,8,tv2|huber,huber,regularizador,0.049386024475097656,-9.224102973937988,huber,1,huber,1,0.0002871020114980638,0.0002871020114980638
0,kodim04,5,1,dct|tv2,dct,transformada,0.15586471557617188,-9.58402156829834,dct,1,dct,1,0.00022438527958001941,0.00022438527958001941
0,kodim04,5,2,dct|tv2,tv2,regularizador,0.16025066375732422,-9.034796714782715,tv2,1,dct,0,0.0009378685499541461,0.0002387992717558518
0,kodim04,5,3,dct|tv2,dct,transformada,0.1826028823852539,-8.745691299438477,dct,1,dct,1,0.00010805726196849719,0.00010805726196849719
0,kodim04,5,4,dct|tv2,tv2,regularizador,0.0118865966796875,-8.735453605651855,tv2,1,dct,0,0.00032929793815128505,0.00013200822286307812
0,kodim04,5,5,dct|tv2,tv2,regularizador,0.07205486297607422,-8.913104057312012,tv2,1,dct,0,0.00032540454412810504,0.00011573892697924748
0,kodim04,5,6,dct|tv2,dct,transformada,0.19608211517333984,-8.895100593566895,dct,1,dct,1,6.454833055613562e-05,6.454833055613562e-05
0,kodim04,5,7,dct|tv2,dct,transformada,0.002338409423828125,-9.14936351776123,dct,1,dct,1,0.0002390855661360547,0.0002390855661360547
0,kodim04,5,8,dct|tv2,tv2,regularizador,0.07238101959228516,-9.073531150817871,tv2,1,dct,0,0.00037721317494288087,0.00021948445646557957
0,kodim05,0,1,phys|robust,robust,datos,0.025603294372558594,-12.089357376098633,robust,1,phys,0,0.005834902171045542,0.0005018604570068419
0,kodim05,0,2,phys|robust,phys,datos,0.32752513885498047,-11.852028846740723,phys,1,phys,1,0.0013065225211903453,0.0013065225211903453
0,kodim05,0,3,phys|robust,phys,datos,0.7999639511108398,-12.270441055297852,phys,1,phys,1,0.0003428725467529148,0.0003428725467529148
0,kodim05,0,4,phys|robust,phys,datos,0.3243217468261719,-12.378365516662598,phys,1,phys,1,0.0002981370489578694,0.0002981370489578694
0,kodim05,0,5,phys|robust,phys,datos,2.167013168334961,-13.599902153015137,phys,1,phys,1,0.0008480671094730496,0.0008480671094730496
0,kodim05,0,6,phys|robust,phys,datos,0.10626888275146484,-12.72336483001709,phys,1,phys,1,0.0009941419120877981,0.0009941419120877981
0,kodim05,0,7,phys|robust,phys,datos,0.3718986511230469,-12.438714027404785,phys,1,phys,1,0.00015523550973739475,0.00015523550973739475
0,kodim05,0,8,phys|robust,phys,datos,0.19294166564941406,-12.57337474822998,phys,1,phys,1,0.00018907747289631516,0.00018907747289631516
0,kodim05,1,1,conv|prox_tv,conv,suavidad,0.8014602661132812,-11.795384407043457,conv,1,conv,1,0.0005236085271462798,0.0005236085271462798
0,kodim05,1,2,conv|prox_tv,conv,suavidad,0.6097049713134766,-11.751187324523926,conv,1,conv,1,0.0004036941973026842,0.0004036941973026842
0,kodim05,1,3,conv|prox_tv,conv,suavidad,0.5271024703979492,-12.298978805541992,conv,1,conv,1,0.0003632854495663196,0.0003632854495663196
0,kodim05,1,4,conv|prox_tv,prox_tv,suavidad,0.050942420959472656,-12.42641830444336,prox_tv,1,prox_tv,1,0.0004894231096841395,0.0004894231096841395
0,kodim05,1,5,conv|prox_tv,conv,suavidad,0.43981361389160156,-12.212733268737793,conv,1,conv,1,0.0005614691763184965,0.0005614691763184965
0,kodim05,1,6,conv|prox_tv,conv,suavidad,2.170506477355957,-12.639914512634277,conv,1,conv,1,0.00032319777528755367,0.00032319777528755367
0,kodim05,1,7,conv|prox_tv,prox_tv,suavidad,0.7487115859985352,-12.721532821655273,prox_tv,1,prox_tv,1,0.00021661828213836998,0.00021661828213836998
0,kodim05,1,8,conv|prox_tv,prox_tv,suavidad,1.452742576599121,-13.539976119995117,prox_tv,1,prox_tv,1,0.0005577614065259695,0.0005577614065259695
0,kodim05,2,1,conv_lowtv|wavelet|inr,conv_lowtv,frecuencia,0.713831901550293,-12.100944519042969,conv_lowtv,1,conv_lowtv,1,0.0007821687613613904,0.0007821687613613904
0,kodim05,2,2,conv_lowtv|wavelet|inr,conv_lowtv,frecuencia,0.6228761672973633,-12.529366493225098,conv_lowtv,1,conv_lowtv,1,0.0008634114637970924,0.0008634114637970924
0,kodim05,2,3,conv_lowtv|wavelet|inr,conv_lowtv,frecuencia,0.818364143371582,-12.427910804748535,conv_lowtv,1,conv_lowtv,1,0.0007266666507348418,0.0007266666507348418
0,kodim05,2,4,conv_lowtv|wavelet|inr,conv_lowtv,frecuencia,0.7736129760742188,-12.506367683410645,conv_lowtv,1,conv_lowtv,1,0.00029483504476957023,0.00029483504476957023
0,kodim05,2,5,conv_lowtv|wavelet|inr,conv_lowtv,frecuencia,0.8789253234863281,-12.721272468566895,conv_lowtv,1,conv_lowtv,1,0.0004008611722383648,0.0004008611722383648
0,kodim05,2,6,conv_lowtv|wavelet|inr,conv_lowtv,frecuencia,1.2251291275024414,-13.192045211791992,conv_lowtv,1,conv_lowtv,1,0.0008367769187316298,0.0008367769187316298
0,kodim05,2,7,conv_lowtv|wavelet|inr,conv_lowtv,frecuencia,1.1915369033813477,-12.927026748657227,conv_lowtv,1,conv_lowtv,1,0.00033690209966152906,0.00033690209966152906
0,kodim05,2,8,conv_lowtv|wavelet|inr,conv_lowtv,frecuencia,1.210993766784668,-13.345815658569336,conv_lowtv,1,conv_lowtv,1,0.001532269176095724,0.001532269176095724
0,kodim05,3,1,dct|had,dct,transformada,0.8396120071411133,-12.061722755432129,dct,1,dct,1,0.0005496571538969874,0.0005496571538969874
0,kodim05,3,2,dct|had,had,transformada,0.22045040130615234,-12.085526466369629,had,1,had,1,0.000491674873046577,0.000491674873046577
0,kodim05,3,3,dct|had,dct,transformada,0.4783744812011719,-12.775856971740723,dct,1,dct,1,0.001000691088847816,0.001000691088847816
0,kodim05,3,4,dct|had,had,transformada,0.1285724639892578,-12.773900032043457,had,1,had,1,0.0003680966910906136,0.0003680966910906136
0,kodim05,3,5,dct|had,dct,transformada,0.4322090148925781,-12.775712013244629,dct,1,dct,1,0.00039506106986664236,0.00039506106986664236
0,kodim05,3,6,dct|had,had,transformada,0.25121212005615234,-12.850037574768066,had,1,had,1,0.00041530627640895545,0.00041530627640895545
0,kodim05,3,7,dct|had,had,transformada,0.9137678146362305,-13.760270118713379,had,1,had,1,0.0010360657470300794,0.0010360657470300794
0,kodim05,3,8,dct|had,had,transformada,0.2879657745361328,-13.080994606018066,had,1,had,1,0.0008129950729198754,0.0008129950729198754
0,kodim05,4,1,tv2|huber,huber,regularizador,0.11208724975585938,-11.86919116973877,huber,1,huber,1,0.0007953218882903457,0.0007953218882903457
0,kodim05,4,2,tv2|huber,huber,regularizador,0.1217193603515625,-12.221699714660645,huber,1,huber,1,0.0007729710778221488,0.0007729710778221488
0,kodim05,4,3,tv2|huber,tv2,regularizador,1.303243637084961,-12.643357276916504,tv2,1,tv2,1,0.0019347462803125381,0.0019347462803125381
0,kodim05,4,4,tv2|huber,huber,regularizador,0.046630859375,-12.65046215057373,huber,1,huber,1,0.0009168644319288433,0.0009168644319288433
0,kodim05,4,5,tv2|huber,tv2,regularizador,0.1557321548461914,-12.799531936645508,tv2,1,huber,0,0.002248588250949979,0.0017181583680212498
0,kodim05,4,6,tv2|huber,tv2,regularizador,0.9549388885498047,-12.466059684753418,tv2,1,tv2,1,0.0017162190051749349,0.0017162190051749349
0,kodim05,4,7,tv2|huber,tv2,regularizador,1.3196754455566406,-12.44273853302002,tv2,1,tv2,1,0.0015019422862678766,0.0015019422862678766
0,kodim05,4,8,tv2|huber,tv2,regularizador,0.8128175735473633,-12.528212547302246,tv2,1,tv2,1,0.0026580141857266426,0.0026580141857266426
0,kodim05,5,1,dct|tv2,tv2,regularizador,0.09982490539550781,-11.958178520202637,tv2,1,dct,0,0.001681328285485506,0.0007649300969205797
0,kodim05,5,2,dct|tv2,tv2,regularizador,0.18001174926757812,-12.46635913848877,tv2,1,dct,0,0.0021414535585790873,0.0004987831925973296
0,kodim05,5,3,dct|tv2,tv2,regularizador,0.06257247924804688,-12.78250789642334,tv2,1,dct,0,0.0035792337730526924,0.0008865756681188941
0,kodim05,5,4,dct|tv2,tv2,regularizador,0.31011486053466797,-12.325884819030762,tv2,1,dct,0,0.0015153867425397038,0.000538678199518472
0,kodim05,5,5,dct|tv2,tv2,regularizador,0.31110382080078125,-12.4605131149292,tv2,1,dct,0,0.001446072943508625,0.0011141295544803143
0,kodim05,5,6,dct|tv2,tv2,regularizador,0.34796142578125,-12.84778881072998,tv2,1,dct,0,0.001690639997832477,0.0011986031895503402
0,kodim05,5,7,dct|tv2,tv2,regularizador,1.3022880554199219,-12.673481941223145,tv2,1,tv2,1,0.001558020245283842,0.001558020245283842
0,kodim05,5,8,dct|tv2,tv2,regularizador,0.7086505889892578,-12.987624168395996,tv2,1,dct,0,0.0016976057086139917,0.0011462359689176083
0,kodim06,0,1,phys|robust,phys,datos,0.2612009048461914,-10.06139850616455,phys,1,phys,1,0.0004973758477717638,0.0004973758477717638
0,kodim06,0,2,phys|robust,phys,datos,0.6133565902709961,-9.941607475280762,phys,1,phys,1,0.00013521329674404114,0.00013521329674404114
0,kodim06,0,3,phys|robust,phys,datos,0.5055208206176758,-10.002311706542969,phys,1,phys,1,0.00019319319108035415,0.00019319319108035415
0,kodim06,0,4,phys|robust,phys,datos,0.31173133850097656,-9.905888557434082,phys,1,phys,1,0.000314463977701962,0.000314463977701962
0,kodim06,0,5,phys|robust,phys,datos,0.29860496520996094,-9.93712329864502,phys,1,phys,1,0.00018099094450008124,0.00018099094450008124
0,kodim06,0,6,phys|robust,phys,datos,0.38076210021972656,-10.211039543151855,phys,1,phys,1,0.00039171730168163776,0.00039171730168163776
0,kodim06,0,7,phys|robust,phys,datos,0.5032138824462891,-10.05016040802002,phys,1,phys,1,9.174610750051215e-05,9.174610750051215e-05
0,kodim06,0,8,phys|robust,phys,datos,0.3146648406982422,-10.29948616027832,phys,1,phys,1,0.0002672910923138261,0.0002672910923138261
0,kodim06,1,1,conv|prox_tv,prox_tv,suavidad,0.0845193862915039,-10.0249605178833,prox_tv,1,prox_tv,1,0.00015877718396950513,0.00015877718396950513
0,kodim06,1,2,conv|prox_tv,conv,suavidad,0.007987022399902344,-10.07962417602539,conv,1,prox_tv,0,0.00038404774386435747,0.00019588289433158934
0,kodim06,1,3,conv|prox_tv,conv,suavidad,0.4348297119140625,-9.814715385437012,conv,1,conv,1,0.0003691702731885016,0.0003691702731885016
0,kodim06,1,4,conv|prox_tv,conv,suavidad,0.6414051055908203,-9.828991889953613,conv,1,conv,1,0.00023185669851955026,0.00023185669851955026
0,kodim06,1,5,conv|prox_tv,conv,suavidad,0.7965373992919922,-9.860487937927246,conv,1,conv,1,0.00020691078680101782,0.00020691078680101782
0,kodim06,1,6,conv|prox_tv,conv,suavidad,0.4507179260253906,-9.9945707321167,conv,1,conv,1,0.00014884436677675694,0.00014884436677675694
0,kodim06,1,7,conv|prox_tv,prox_tv,suavidad,0.0947723388671875,-10.08520793914795,prox_tv,1,prox_tv,1,0.0003303722769487649,0.0003303722769487649
0,kodim06,1,8,conv|prox_tv,conv,suavidad,0.5774087905883789,-9.82690143585205,conv,1,conv,1,0.00010508600098546594,0.00010508600098546594
0,kodim06,2,1,conv_lowtv|wavelet|inr,conv_lowtv,frecuencia,0.5344448089599609,-10.439513206481934,conv_lowtv,1,conv_lowtv,1,0.00044010396231897175,0.00044010396231897175
0,kodim06,2,2,conv_lowtv|wavelet|inr,conv_lowtv,frecuencia,0.40425682067871094,-10.41768741607666,conv_lowtv,1,wavelet,0,0.0007332615205086768,0.0005010137683711946
0,kodim06,2,3,conv_lowtv|wavelet|inr,conv_lowtv,frecuencia,0.6227226257324219,-10.41153621673584,conv_lowtv,1,conv_lowtv,1,0.00010239372932119295,0.00010239372932119295
0,kodim06,2,4,conv_lowtv|wavelet|inr,conv_lowtv,frecuencia,0.7865352630615234,-10.427107810974121,conv_lowtv,1,conv_lowtv,1,0.00040554977022111416,0.00040554977022111416
0,kodim06,2,5,conv_lowtv|wavelet|inr,conv_lowtv,frecuencia,0.8437099456787109,-10.42038631439209,conv_lowtv,1,conv_lowtv,1,8.567250915803015e-05,8.567250915803015e-05
0,kodim06,2,6,conv_lowtv|wavelet|inr,conv_lowtv,frecuencia,0.7680988311767578,-10.62766170501709,conv_lowtv,1,conv_lowtv,1,0.00045222361222840846,0.00045222361222840846
0,kodim06,2,7,conv_lowtv|wavelet|inr,conv_lowtv,frecuencia,0.6676445007324219,-10.563591957092285,conv_lowtv,1,conv_lowtv,1,0.0003317485679872334,0.0003317485679872334
0,kodim06,2,8,conv_lowtv|wavelet|inr,conv_lowtv,frecuencia,0.7033329010009766,-10.721793174743652,conv_lowtv,1,conv_lowtv,1,0.0002358152560191229,0.0002358152560191229
0,kodim06,3,1,dct|had,dct,transformada,0.4896717071533203,-9.974998474121094,dct,1,dct,1,0.0005254984716884792,0.0005254984716884792
0,kodim06,3,2,dct|had,had,transformada,0.06871795654296875,-9.96235466003418,had,1,had,1,0.0005800293292850256,0.0005800293292850256
0,kodim06,3,3,dct|had,had,transformada,0.08856678009033203,-9.96639633178711,had,1,had,1,0.0003272279864177108,0.0003272279864177108
0,kodim06,3,4,dct|had,dct,transformada,0.45872020721435547,-9.897068977355957,dct,1,dct,1,0.0005382532253861427,0.0005382532253861427
0,kodim06,3,5,dct|had,had,transformada,0.4857053756713867,-10.055357933044434,had,1,had,1,0.000414006324717775,0.000414006324717775
0,kodim06,3,6,dct|had,had,transformada,0.24304771423339844,-10.009385108947754,had,1,had,1,0.0002626635250635445,0.0002626635250635445
0,kodim06,3,7,dct|had,had,transformada,0.1451272964477539,-10.076874732971191,had,1,had,1,0.00018026585166808218,0.00018026585166808218
0,kodim06,3,8,dct|had,dct,transformada,0.4214801788330078,-9.964028358459473,dct,1,dct,1,0.00040937471203505993,0.00040937471203505993
0,kodim06,4,1,tv2|huber,tv2,regularizador,0.0491485595703125,-10.228510856628418,tv2,1,huber,0,0.0012821218697354198,0.0003789823385886848
0,kodim06,4,2,tv2|huber,huber,regularizador,0.0063228607177734375,-9.760329246520996,huber,1,huber,1,0.0004424463550094515,0.0004424463550094515
0,kodim06,4,3,tv2|huber,tv2,regularizador,0.750544548034668,-9.462783813476562,tv2,1,tv2,1,0.00041598634561523795,0.00041598634561523795
0,kodim06,4,4,tv2|huber,tv2,regularizador,0.06192588806152344,-9.904902458190918,tv2,1,huber,0,0.0008368431008420885,0.0001867121463874355
0,kodim06,4,5,tv2|huber,tv2,regularizador,0.6399707794189453,-9.625409126281738,tv2,1,tv2,1,0.0005269027897156775,0.0005269027897156775
0,kodim06,4,6,tv2|huber,tv2,regularizador,0.8298711776733398,-9.631394386291504,tv2,1,tv2,1,0.0003533691633492708,0.0003533691633492708
0,kodim06,4,7,tv2|huber,huber,regularizador,0.07796955108642578,-10.142380714416504,huber,1,huber,1,0.00030112933018244803,0.00030112933018244803
0,kodim06,4,8,tv2|huber,tv2,regularizador,0.009602546691894531,-9.843515396118164,tv2,1,huber,0,0.00040375004755333066,0.0002861355897039175
0,kodim06,5,1,dct|tv2,tv2,regularizador,0.5212745666503906,-9.822100639343262,tv2,1,tv2,1,0.0003868389467243105,0.0003868389467243105
0,kodim06,5,2,dct|tv2,dct,transformada,0.08164310455322266,-9.87920093536377,dct,1,dct,1,0.00045430034515447915,0.00045430034515447915
0,kodim06,5,3,dct|tv2,dct,transformada,0.008103370666503906,-9.950045585632324,dct,1,dct,1,0.0003669458965305239,0.0003669458965305239
0,kodim06,5,4,dct|tv2,tv2,regularizador,1.6109848022460938,-9.644247055053711,tv2,1,tv2,1,0.00046525750076398253,0.00046525750076398253
0,kodim06,5,5,dct|tv2,tv2,regularizador,0.18911075592041016,-9.91280746459961,tv2,1,dct,0,0.0003959853493142873,0.00016243250865954906
0,kodim06,5,6,dct|tv2,tv2,regularizador,0.10092639923095703,-9.93757438659668,tv2,1,dct,0,0.0004559958179015666,0.000301708176266402
0,kodim06,5,7,dct|tv2,tv2,regularizador,0.7893896102905273,-9.566466331481934,tv2,1,tv2,1,0.0001914112945087254,0.0001914112945087254
0,kodim06,5,8,dct|tv2,tv2,regularizador,0.1259307861328125,-9.987788200378418,tv2,1,dct,0,0.0005040345131419599,0.0003503736515995115
0,kodim07,0,1,phys|robust,phys,datos,0.39267444610595703,-9.177966117858887,phys,1,phys,1,0.00031046586809679866,0.00031046586809679866
0,kodim07,0,2,phys|robust,phys,datos,0.3390235900878906,-9.320987701416016,phys,1,phys,1,0.00025699136313050985,0.00025699136313050985
0,kodim07,0,3,phys|robust,phys,datos,0.30679798126220703,-9.119851112365723,phys,1,phys,1,0.0002712806744966656,0.0002712806744966656
0,kodim07,0,4,phys|robust,phys,datos,0.4078493118286133,-9.063756942749023,phys,1,phys,1,0.000123287332826294,0.000123287332826294
0,kodim07,0,5,phys|robust,phys,datos,0.27901363372802734,-9.138223648071289,phys,1,phys,1,0.0003618804330471903,0.0003618804330471903
0,kodim07,0,6,phys|robust,phys,datos,0.12170886993408203,-9.18844985961914,phys,1,phys,1,0.00029622207512147725,0.00029622207512147725
0,kodim07,0,7,phys|robust,phys,datos,0.2424640655517578,-9.224879264831543,phys,1,phys,1,0.0005094744265079498,0.0005094744265079498
0,kodim07,0,8,phys|robust,phys,datos,0.39650535583496094,-9.233305931091309,phys,1,phys,1,0.00026242100284434855,0.00026242100284434855
0,kodim07,1,1,conv|prox_tv,conv,suavidad,0.46945858001708984,-9.072111129760742,conv,1,conv,1,0.00023495157074648887,0.00023495157074648887
0,kodim07,1,2,conv|prox_tv,prox_tv,suavidad,0.2147226333618164,-9.21753215789795,prox_tv,1,prox_tv,1,0.00015475909458473325,0.00015475909458473325
0,kodim07,1,3,conv|prox_tv,conv,suavidad,0.5562763214111328,-9.029414176940918,conv,1,conv,1,0.0002058506361208856,0.0002058506361208856
0,kodim07,1,4,conv|prox_tv,conv,suavidad,0.7029342651367188,-8.89987850189209,conv,1,conv,1,0.00014534502406604588,0.00014534502406604588
0,kodim07,1,5,conv|prox_tv,prox_tv,suavidad,0.2895326614379883,-9.113744735717773,prox_tv,1,prox_tv,1,0.0002096802490996197,0.0002096802490996197
0,kodim07,1,6,conv|prox_tv,conv,suavidad,0.5723114013671875,-9.034008026123047,conv,1,conv,1,0.00027275914908386767,0.00027275914908386767
0,kodim07,1,7,conv|prox_tv,conv,suavidad,0.5836524963378906,-9.095023155212402,conv,1,conv,1,0.00018677249317988753,0.00018677249317988753
0,kodim07,1,8,conv|prox_tv,prox_tv,suavidad,0.13798999786376953,-9.283465385437012,prox_tv,1,prox_tv,1,0.000256994302617386,0.000256994302617386
0,kodim07,2,1,conv_lowtv|wavelet|inr,conv_lowtv,frecuencia,0.6327972412109375,-9.165261268615723,conv_lowtv,1,conv_lowtv,1,0.00027046786271966994,0.00027046786271966994
0,kodim07,2,2,conv_lowtv|wavelet|inr,conv_lowtv,frecuencia,0.7055349349975586,-9.161025047302246,conv_lowtv,1,conv_lowtv,1,0.00021081588056404144,0.00021081588056404144
0,kodim07,2,3,conv_lowtv|wavelet|inr,conv_lowtv,frecuencia,0.6131191253662109,-9.275971412658691,conv_lowtv,1,conv_lowtv,1,0.00041417882312089205,0.00041417882312089205
0,kodim07,2,4,conv_lowtv|wavelet|inr,conv_lowtv,frecuencia,0.550929069519043,-9.39198112487793,conv_lowtv,1,wavelet,0,0.0008811445441097021,0.0008567982004024088
0,kodim07,2,5,conv_lowtv|wavelet|inr,conv_lowtv,frecuencia,0.6727933883666992,-9.399353981018066,conv_lowtv,1,conv_lowtv,1,0.00047868600813671947,0.00047868600813671947
0,kodim07,2,6,conv_lowtv|wavelet|inr,conv_lowtv,frecuencia,0.9053726196289062,-9.452406883239746,conv_lowtv,1,conv_lowtv,1,0.00017972811474464834,0.00017972811474464834
0,kodim07,2,7,conv_lowtv|wavelet|inr,conv_lowtv,frecuencia,0.9586238861083984,-9.237988471984863,conv_lowtv,1,conv_lowtv,1,0.00021450722124427557,0.00021450722124427557
0,kodim07,2,8,conv_lowtv|wavelet|inr,conv_lowtv,frecuencia,0.7764644622802734,-9.323067665100098,conv_lowtv,1,conv_lowtv,1,0.0003613016742747277,0.0003613016742747277
0,kodim07,3,1,dct|had,had,transformada,0.2160806655883789,-9.373863220214844,had,1,had,1,0.0004570342425722629,0.0004570342425722629
0,kodim07,3,2,dct|had,dct,transformada,0.5123081207275391,-8.866902351379395,dct,1,dct,1,0.0002936307282652706,0.0002936307282652706
0,kodim07,3,3,dct|had,had,transformada,0.1222085952758789,-9.244272232055664,had,1,had,1,0.00032051739981397986,0.00032051739981397986
0,kodim07,3,4,dct|had,dct,transformada,0.5613222122192383,-9.007072448730469,dct,1,dct,1,0.00022225208522286266,0.00022225208522286266
0,kodim07,3,5,dct|had,had,transformada,0.18192481994628906,-9.278632164001465,had,1,had,1,0.0003247788699809462,0.0003247788699809462
0,kodim07,3,6,dct|had,dct,transformada,0.5091476440429688,-8.919562339782715,dct,1,dct,1,0.00015695273759774864,0.00015695273759774864
0,kodim07,3,7,dct|had,dct,transformada,0.4443941116333008,-9.22568130493164,dct,1,dct,1,0.0005071041523478925,0.0005071041523478925
0,kodim07,3,8,dct|had,had,transformada,0.13420963287353516,-9.370051383972168,had,1,had,1,0.0003531407273840159,0.0003531407273840159
0,kodim07,4,1,tv2|huber,tv2,regularizador,0.04299354553222656,-9.168265342712402,tv2,1,huber,0,0.0011712792329490185,0.0008223237236961722
0,kodim07,4,2,tv2|huber,tv2,regularizador,0.006669044494628906,-8.906047821044922,tv2,1,huber,0,0.001120803994126618,0.0005494192009791732
0,kodim07,4,3,tv2|huber,tv2,regularizador,0.08933067321777344,-8.974066734313965,tv2,1,huber,0,0.0014104980509728193,0.0008030914468690753
0,kodim07,4,4,tv2|huber,tv2,regularizador,0.07070636749267578,-9.002321243286133,tv2,1,huber,0,0.0014240203890949488,0.0004951283917762339
0,kodim07,4,5,tv2|huber,tv2,regularizador,0.12932300567626953,-9.001774787902832,tv2,1,huber,0,0.0017011093441396952,0.0008014283957891166
0,kodim07,4,6,tv2|huber,tv2,regularizador,0.162109375,-9.017705917358398,tv2,1,huber,0,0.000978650525212288,0.0006248871795833111
0,kodim07,4,7,tv2|huber,tv2,regularizador,0.08279037475585938,-9.110342979431152,tv2,1,huber,0,0.0014108179602771997,0.0005788328708149493
0,kodim07,4,8,tv2|huber,tv2,regularizador,0.09392070770263672,-9.276507377624512,tv2,1,huber,0,0.0015699471114203334,0.0010801315074786544
0,kodim07,5,1,dct|tv2,tv2,regularizador,0.7983894348144531,-8.844046592712402,tv2,1,tv2,1,0.000900343235116452,0.000900343235116452
0,kodim07,5,2,dct|tv2,tv2,regularizador,0.15155792236328125,-8.94571590423584,tv2,1,dct,0,0.001155074336566031,0.00034828996285796165
0,kodim07,5,3,dct|tv2,tv2,regularizador,0.12199687957763672,-8.8289213180542,tv2,1,dct,0,0.0012813739012926817,0.0003074897394981235
0,kodim07,5,4,dct|tv2,tv2,regularizador,0.13616085052490234,-8.904840469360352,tv2,1,dct,0,0.0010153939947485924,0.0004503603558987379
0,kodim07,5,5,dct|tv2,tv2,regularizador,0.054366111755371094,-9.136818885803223,tv2,1,dct,0,0.0025275766383856535,0.0008947086753323674
0,kodim07,5,6,dct|tv2,tv2,regularizador,0.11469459533691406,-9.09662914276123,tv2,1,dct,0,0.0013763243332505226,0.0003329650789964944
0,kodim07,5,7,dct|tv2,tv2,regularizador,0.1373462677001953,-9.077130317687988,tv2,1,dct,0,0.0011041336692869663,0.0003713223268277943
0,kodim07,5,8,dct|tv2,tv2,regularizador,0.004590034484863281,-9.252517700195312,tv2,1,dct,0,0.0016941226786002517,0.00031973194563761353
0,kodim08,0,1,phys|robust,phys,datos,0.4759521484375,-9.532889366149902,phys,1,phys,1,0.00017434141773264855,0.00017434141773264855
0,kodim08,0,2,phys|robust,phys,datos,0.3836383819580078,-9.51122760772705,phys,1,phys,1,0.0001935442996909842,0.0001935442996909842
0,kodim08,0,3,phys|robust,phys,datos,0.5790367126464844,-9.362988471984863,phys,1,phys,1,0.0002600252628326416,0.0002600252628326416
0,kodim08,0,4,phys|robust,phys,datos,0.1412334442138672,-9.550690650939941,phys,1,phys,1,0.00014182461018208414,0.00014182461018208414
0,kodim08,0,5,phys|robust,phys,datos,0.35788822174072266,-9.45199203491211,phys,1,phys,1,8.981650171335787e-05,8.981650171335787e-05
0,kodim08,0,6,phys|robust,phys,datos,0.21924781799316406,-9.560005187988281,phys,1,phys,1,0.00023394322488456964,0.00023394322488456964
0,kodim08,0,7,phys|robust,phys,datos,0.36785316467285156,-9.6111421585083,phys,1,phys,1,0.0003620991774369031,0.0003620991774369031
0,kodim08,0,8,phys|robust,phys,datos,0.40157318115234375,-9.472552299499512,phys,1,phys,1,0.0001260535209439695,0.0001260535209439695
0,kodim08,1,1,conv|prox_tv,prox_tv,suavidad,0.2692403793334961,-9.604077339172363,prox_tv,1,prox_tv,1,0.00018926731718238443,0.00018926731718238443
0,kodim08,1,2,conv|prox_tv,conv,suavidad,0.34724998474121094,-9.371549606323242,conv,1,conv,1,0.00017168423801194876,0.00017168423801194876
0,kodim08,1,3,conv|prox_tv,conv,suavidad,0.5263347625732422,-9.557257652282715,conv,1,conv,1,0.00022455412545241416,0.00022455412545241416
0,kodim08,1,4,conv|prox_tv,prox_tv,suavidad,0.12396717071533203,-9.555901527404785,prox_tv,1,prox_tv,1,0.0003187160473316908,0.0003187160473316908
0,kodim08,1,5,conv|prox_tv,conv,suavidad,0.6221685409545898,-9.388139724731445,conv,1,conv,1,0.00014397568884305656,0.00014397568884305656
0,kodim08,1,6,conv|prox_tv,conv,suavidad,0.44928932189941406,-9.2695951461792,conv,1,conv,1,0.00016863159544300288,0.00016863159544300288
0,kodim08,1,7,conv|prox_tv,conv,suavidad,0.6464157104492188,-9.320992469787598,conv,1,conv,1,0.00012191983114462346,0.00012191983114462346
0,kodim08,1,8,conv|prox_tv,prox_tv,suavidad,0.15184593200683594,-9.50314998626709,prox_tv,1,prox_tv,1,0.00014031885075382888,0.00014031885075382888
0,kodim08,2,1,conv_lowtv|wavelet|inr,conv_lowtv,frecuencia,0.6395339965820312,-9.739277839660645,conv_lowtv,1,conv_lowtv,1,0.0002811220765579492,0.0002811220765579492
0,kodim08,2,2,conv_lowtv|wavelet|inr,conv_lowtv,frecuencia,0.6816473007202148,-9.578688621520996,conv_lowtv,1,conv_lowtv,1,0.00011905344581464306,0.00011905344581464306
0,kodim08,2,3,conv_lowtv|wavelet|inr,conv_lowtv,frecuencia,0.73883056640625,-9.536420822143555,conv_lowtv,1,conv_lowtv,1,0.00020779905025847256,0.00020779905025847256
0,kodim08,2,4,conv_lowtv|wavelet|inr,conv_lowtv,frecuencia,0.6748256683349609,-9.700868606567383,conv_lowtv,1,conv_lowtv,1,0.0002551423676777631,0.0002551423676777631
0,kodim08,2,5,conv_lowtv|wavelet|inr,conv_lowtv,frecuencia,0.9012556076049805,-9.441091537475586,conv_lowtv,1,conv_lowtv,1,0.00015504770271945745,0.00015504770271945745
0,kodim08,2,6,conv_lowtv|wavelet|inr,conv_lowtv,frecuencia,0.7678079605102539,-9.691062927246094,conv_lowtv,1,conv_lowtv,1,0.0003032127278856933,0.0003032127278856933
0,kodim08,2,7,conv_lowtv|wavelet|inr,conv_lowtv,frecuencia,1.2510576248168945,-9.373026847839355,conv_lowtv,1,conv_lowtv,1,0.00010072072473121807,0.00010072072473121807
0,kodim08,2,8,conv_lowtv|wavelet|inr,conv_lowtv,frecuencia,1.1873645782470703,-9.481337547302246,conv_lowtv,1,conv_lowtv,1,0.00014168619236443192,0.00014168619236443192
0,kodim08,3,1,dct|had,dct,transformada,0.5802116394042969,-9.413016319274902,dct,1,dct,1,0.00017313066928181797,0.00017313066928181797
0,kodim08,3,2,dct|had,dct,transformada,0.8332786560058594,-9.442187309265137,dct,1,dct,1,0.00035114798811264336,0.00035114798811264336
0,kodim08,3,3,dct|had,had,transformada,0.2516660690307617,-9.46650505065918,had,1,had,1,0.00016144721303135157,0.00016144721303135157
0,kodim08,3,4,dct|had,had,transformada,0.1926412582397461,-9.568965911865234,had,1,had,1,0.0002180738520110026,0.0002180738520110026
0,kodim08,3,5,dct|had,had,transformada,0.30452823638916016,-9.77054500579834,had,1,had,1,0.0004058780614286661,0.0004058780614286661
0,kodim08,3,6,dct|had,dct,transformada,0.5564393997192383,-9.560157775878906,dct,1,dct,1,0.00013464942458085716,0.00013464942458085716
0,kodim08,3,7,dct|had,had,transformada,0.32869911193847656,-9.856974601745605,had,1,had,1,0.0003731430624611676,0.0003731430624611676
0,kodim08,3,8,dct|had,dct,transformada,0.5527448654174805,-9.684001922607422,dct,1,dct,1,0.0003112216654699296,0.0003112216654699296
0,kodim08,4,1,tv2|huber,huber,regularizador,0.06795597076416016,-9.690983772277832,huber,1,huber,1,0.0003399552369955927,0.0003399552369955927
0,kodim08,4,2,tv2|huber,tv2,regularizador,0.7877492904663086,-9.168128967285156,tv2,1,tv2,1,0.0008418793440796435,0.0008418793440796435
0,kodim08,4,3,tv2|huber,tv2,regularizador,0.11538124084472656,-9.359280586242676,tv2,1,huber,0,0.0007235989323817194,0.0005805834662169218
0,kodim08,4,4,tv2|huber,tv2,regularizador,0.27095508575439453,-9.304890632629395,tv2,1,huber,0,0.0008123494335450232,0.0005705265211872756
0,kodim08,4,5,tv2|huber,tv2,regularizador,0.10915279388427734,-9.2784423828125,tv2,1,huber,0,0.0006547451484948397,0.0004548798897303641
0,kodim08,4,6,tv2|huber,tv2,regularizador,0.19412612915039062,-9.334203720092773,tv2,1,huber,0,0.000823737820610404,0.0006091403192840517
0,kodim08,4,7,tv2|huber,tv2,regularizador,0.25924110412597656,-9.390294075012207,tv2,1,huber,0,0.0007831838447600603,0.0007579653756693006
0,kodim08,4,8,tv2|huber,tv2,regularizador,1.0173721313476562,-9.023320198059082,tv2,1,tv2,1,0.0005617832066491246,0.0005617832066491246
0,kodim08,5,1,dct|tv2,tv2,regularizador,0.019804000854492188,-9.753966331481934,tv2,1,dct,0,0.0010124893160536885,0.0005429259035736322
0,kodim08,5,2,dct|tv2,tv2,regularizador,1.0152921676635742,-8.85687255859375,tv2,1,tv2,1,0.0007612260524183512,0.0007612260524183512
0,kodim08,5,3,dct|tv2,tv2,regularizador,0.3598899841308594,-9.177058219909668,tv2,1,dct,0,0.0009768209420144558,0.0007423195638693869
0,kodim08,5,4,dct|tv2,tv2,regularizador,0.21693706512451172,-9.233016014099121,tv2,1,dct,0,0.0007884998922236264,0.0002914387150667608
0,kodim08,5,5,dct|tv2,tv2,regularizador,0.4557609558105469,-9.161355018615723,tv2,1,dct,0,0.0006014100508764386,0.00043500243918970227
0,kodim08,5,6,dct|tv2,tv2,regularizador,0.4050779342651367,-9.250155448913574,tv2,1,dct,0,0.0007976253400556743,0.0007160652312450111
0,kodim08,5,7,dct|tv2,tv2,regularizador,0.2556161880493164,-9.39156723022461,tv2,1,dct,0,0.0009105124627240002,0.0002857104118447751
0,kodim08,5,8,dct|tv2,tv2,regularizador,0.21051597595214844,-9.370627403259277,tv2,1,dct,0,0.0008173087844625115,0.0004968307912349701
0,kodim09,0,1,phys|robust,phys,datos,0.48933982849121094,-9.838898658752441,phys,1,phys,1,0.00031955091981217265,0.00031955091981217265
0,kodim09,0,2,phys|robust,phys,datos,0.3373699188232422,-9.806504249572754,phys,1,phys,1,0.0005959209520369768,0.0005959209520369768
0,kodim09,0,3,phys|robust,phys,datos,0.40064525604248047,-9.857553482055664,phys,1,phys,1,0.0004391584370750934,0.0004391584370750934
0,kodim09,0,4,phys|robust,phys,datos,0.5950508117675781,-9.636094093322754,phys,1,phys,1,0.0002620558952912688,0.0002620558952912688
0,kodim09,0,5,phys|robust,phys,datos,0.3452739715576172,-9.80034351348877,phys,1,phys,1,0.00018095946870744228,0.00018095946870744228
0,kodim09,0,6,phys|robust,phys,datos,0.5305156707763672,-9.697470664978027,phys,1,phys,1,0.00023788960243109614,0.00023788960243109614
0,kodim09,0,7,phys|robust,phys,datos,0.42179107666015625,-9.876023292541504,phys,1,phys,1,0.0002098058903357014,0.0002098058903357014
0,kodim09,0,8,phys|robust,phys,datos,0.40706920623779297,-9.85589599609375,phys,1,phys,1,0.00027902520378120244,0.00027902520378120244
0,kodim09,1,1,conv|prox_tv,conv,suavidad,0.4950599670410156,-9.662104606628418,conv,1,conv,1,0.00017516297521069646,0.00017516297521069646
0,kodim09,1,2,conv|prox_tv,prox_tv,suavidad,0.21173095703125,-9.66828441619873,prox_tv,1,prox_tv,1,0.0002896510704886168,0.0002896510704886168
0,kodim09,1,3,conv|prox_tv,prox_tv,suavidad,0.14392375946044922,-9.68433952331543,prox_tv,1,prox_tv,1,0.00020639874855987728,0.00020639874855987728
0,kodim09,1,4,conv|prox_tv,prox_tv,suavidad,0.11041069030761719,-9.694944381713867,prox_tv,1,prox_tv,1,0.00019455706933513284,0.00019455706933513284
0,kodim09,1,5,conv|prox_tv,prox_tv,suavidad,0.23458003997802734,-9.77994155883789,prox_tv,1,prox_tv,1,0.00019207014702260494,0.00019207014702260494
0,kodim09,1,6,conv|prox_tv,prox_tv,suavidad,0.19698524475097656,-9.846063613891602,prox_tv,1,prox_tv,1,0.00029278156580403447,0.00029278156580403447
0,kodim09,1,7,conv|prox_tv,prox_tv,suavidad,0.053340911865234375,-9.980871200561523,prox_tv,1,prox_tv,1,0.00034197448985651135,0.00034197448985651135
0,kodim09,1,8,conv|prox_tv,conv,suavidad,0.428009033203125,-9.872712135314941,conv,1,conv,1,0.00025856727734208107,0.00025856727734208107
0,kodim09,2,1,conv_lowtv|wavelet|inr,conv_lowtv,frecuencia,0.6635093688964844,-9.887103080749512,conv_lowtv,1,conv_lowtv,1,0.0002866016293410212,0.0002866016293410212
0,kodim09,2,2,conv_lowtv|wavelet|inr,conv_lowtv,frecuencia,0.761836051940918,-9.716022491455078,conv_lowtv,1,conv_lowtv,1,0.00027925235917791724,0.00027925235917791724
0,kodim09,2,3,conv_lowtv|wavelet|inr,conv_lowtv,frecuencia,0.8628644943237305,-9.852959632873535,conv_lowtv,1,conv_lowtv,1,0.0006207369151525199,0.0006207369151525199
0,kodim09,2,4,conv_lowtv|wavelet|inr,conv_lowtv,frecuencia,0.7158603668212891,-9.89383602142334,conv_lowtv,1,conv_lowtv,1,0.0005543341394513845,0.0005543341394513845
0,kodim09,2,5,conv_lowtv|wavelet|inr,conv_lowtv,frecuencia,0.8247098922729492,-9.775135040283203,conv_lowtv,1,conv_lowtv,1,0.00027222794597037137,0.00027222794597037137
0,kodim09,2,6,conv_lowtv|wavelet|inr,conv_lowtv,frecuencia,0.9386157989501953,-9.74626636505127,conv_lowtv,1,conv_lowtv,1,0.00019909408001694828,0.00019909408001694828
0,kodim09,2,7,conv_lowtv|wavelet|inr,conv_lowtv,frecuencia,1.0261974334716797,-9.816594123840332,conv_lowtv,1,conv_lowtv,1,0.0003445351612754166,0.0003445351612754166
0,kodim09,2,8,conv_lowtv|wavelet|inr,conv_lowtv,frecuencia,0.8113632202148438,-9.956524848937988,conv_lowtv,1,conv_lowtv,1,0.0005182041204534471,0.0005182041204534471
0,kodim09,3,1,dct|had,had,transformada,0.03152942657470703,-10.030224800109863,had,1,had,1,0.0003874867397826165,0.0003874867397826165
0,kodim09,3,2,dct|had,had,transformada,0.2835407257080078,-9.837054252624512,had,1,had,1,0.0004257866239640862,0.0004257866239640862
0,kodim09,3,3,dct|had,had,transformada,0.3428525924682617,-9.842107772827148,had,1,had,1,0.0005162726738490164,0.0005162726738490164
0,kodim09,3,4,dct|had,had,transformada,0.26036548614501953,-9.911006927490234,had,1,had,1,0.00029210952925495803,0.00029210952925495803
0,kodim09,3,5,dct|had,had,transformada,0.08426856994628906,-9.973275184631348,had,1,had,1,0.0002707493840716779,0.0002707493840716779
0,kodim09,3,6,dct|had,had,transformada,0.12905025482177734,-10.02336311340332,had,1,had,1,0.0002778760972432792,0.0002778760972432792
0,kodim09,3,7,dct|had,had,transformada,0.2974214553833008,-9.9201078414917,had,1,had,1,0.00023066598805598915,0.00023066598805598915
0,kodim09,3,8,dct|had,had,transformada,0.31377124786376953,-9.933568000793457,had,1,had,1,0.00021260380162857473,0.00021260380162857473
0,kodim09,4,1,tv2|huber,huber,regularizador,0.031785011291503906,-9.883448600769043,huber,1,huber,1,0.00047076589544303715,0.00047076589544303715
0,kodim09,4,2,tv2|huber,huber,regularizador,0.08218765258789062,-9.583374977111816,huber,1,huber,1,0.0005616151029244065,0.0005616151029244065
0,kodim09,4,3,tv2|huber,huber,regularizador,0.06873321533203125,-9.647019386291504,huber,1,huber,1,0.0007501878426410258,0.0007501878426410258
0,kodim09,4,4,tv2|huber,tv2,regularizador,0.04835700988769531,-9.657419204711914,tv2,1,huber,0,0.0010724607855081558,0.001057783025316894
0,kodim09,4,5,tv2|huber,tv2,regularizador,0.8224735260009766,-9.2808198928833,tv2,1,tv2,1,0.0006106202490627766,0.0006106202490627766
0,kodim09,4,6,tv2|huber,tv2,regularizador,0.858551025390625,-9.260542869567871,tv2,1,tv2,1,0.0007461900822818279,0.0007461900822818279
0,kodim09,4,7,tv2|huber,huber,regularizador,0.06962013244628906,-9.799098014831543,huber,1,huber,1,0.0006084521883167326,0.0006084521883167326
0,kodim09,4,8,tv2|huber,tv2,regularizador,0.08089065551757812,-9.763413429260254,tv2,1,huber,0,0.0009691839222796261,0.000677546311635524
0,kodim09,5,1,dct|tv2,dct,transformada,0.11392688751220703,-9.75586986541748,dct,1,dct,1,0.000165086894412525,0.000165086894412525
0,kodim09,5,2,dct|tv2,dct,transformada,0.04698371887207031,-9.591752052307129,dct,1,dct,1,0.0001981589011847973,0.0001981589011847973
0,kodim09,5,3,dct|tv2,tv2,regularizador,0.043087005615234375,-9.561322212219238,tv2,1,dct,0,0.0008484405116178095,0.0003117918677162379
0,kodim09,5,4,dct|tv2,tv2,regularizador,0.17988204956054688,-9.6282320022583,tv2,1,dct,0,0.0010100568179041147,0.0006780048133805394
0,kodim09,5,5,dct|tv2,tv2,regularizador,0.12472343444824219,-9.566376686096191,tv2,1,dct,0,0.0008142266306094825,0.0002955207310151309
0,kodim09,5,6,dct|tv2,dct,transformada,0.008434295654296875,-9.726692199707031,dct,1,dct,1,0.0008803933160379529,0.0008803933160379529
0,kodim09,5,7,dct|tv2,tv2,regularizador,0.8227901458740234,-9.314080238342285,tv2,1,tv2,1,0.00044350745156407356,0.00044350745156407356
0,kodim09,5,8,dct|tv2,dct,transformada,0.07043647766113281,-9.748623847961426,dct,1,dct,1,0.00028452358674257994,0.00028452358674257994
0,kodim10,0,1,phys|robust,phys,datos,0.42041015625,-8.781027793884277,phys,1,phys,1,0.000351093418430537,0.000351093418430537
0,kodim10,0,2,phys|robust,phys,datos,0.3628683090209961,-8.686260223388672,phys,1,phys,1,0.0003124518843833357,0.0003124518843833357
0,kodim10,0,3,phys|robust,phys,datos,0.2968616485595703,-8.802225112915039,phys,1,phys,1,0.000344448781106621,0.000344448781106621
0,kodim10,0,4,phys|robust,phys,datos,0.3653745651245117,-8.652271270751953,phys,1,phys,1,0.0001055918401107192,0.0001055918401107192
0,kodim10,0,5,phys|robust,phys,datos,0.2960824966430664,-8.805780410766602,phys,1,phys,1,0.000731532636564225,0.000731532636564225
0,kodim10,0,6,phys|robust,phys,datos,0.33701419830322266,-8.83084774017334,phys,1,phys,1,0.00022194178018253297,0.00022194178018253297
0,kodim10,0,7,phys|robust,phys,datos,0.3977651596069336,-8.809995651245117,phys,1,phys,1,0.0001468863629270345,0.0001468863629270345
0,kodim10,0,8,phys|robust,phys,datos,0.27952003479003906,-8.886768341064453,phys,1,phys,1,0.0001399427856085822,0.0001399427856085822
0,kodim10,1,1,conv|prox_tv,conv,suavidad,0.49431419372558594,-8.60460376739502,conv,1,conv,1,0.00014591393119189888,0.00014591393119189888
0,kodim10,1,2,conv|prox_tv,prox_tv,suavidad,0.16560649871826172,-8.661761283874512,prox_tv,1,prox_tv,1,0.0001588289305800572,0.0001588289305800572
0,kodim10,1,3,conv|prox_tv,prox_tv,suavidad,0.14548492431640625,-8.763257026672363,prox_tv,1,prox_tv,1,0.00024153482809197158,0.00024153482809197158
0,kodim10,1,4,conv|prox_tv,conv,suavidad,0.5153636932373047,-8.596287727355957,conv,1,conv,1,0.0001261420111404732,0.0001261420111404732
0,kodim10,1,5,conv|prox_tv,conv,suavidad,0.5349950790405273,-8.579132080078125,conv,1,conv,1,0.00021201632625889033,0.00021201632625889033
0,kodim10,1,6,conv|prox_tv,conv,suavidad,0.5144100189208984,-8.616950035095215,conv,1,conv,1,0.00024638482136651874,0.00024638482136651874
0,kodim10,1,7,conv|prox_tv,prox_tv,suavidad,0.8295173645019531,-8.799670219421387,prox_tv,1,prox_tv,1,0.0001979195949388668,0.0001979195949388668
0,kodim10,1,8,conv|prox_tv,prox_tv,suavidad,0.13834667205810547,-8.796375274658203,prox_tv,1,prox_tv,1,8.022302790777758e-05,8.022302790777758e-05
0,kodim10,2,1,conv_lowtv|wavelet|inr,conv_lowtv,frecuencia,0.6549501419067383,-8.57568645477295,conv_lowtv,1,conv_lowtv,1,0.00031218837830238044,0.00031218837830238044
0,kodim10,2,2,conv_lowtv|wavelet|inr,conv_lowtv,frecuencia,0.8021011352539062,-8.473735809326172,conv_lowtv,1,conv_lowtv,1,0.00018926768098026514,0.00018926768098026514
0,kodim10,2,3,conv_lowtv|wavelet|inr,conv_lowtv,frecuencia,0.8588781356811523,-8.433839797973633,conv_lowtv,1,conv_lowtv,1,0.00014349607226904482,0.00014349607226904482
0,kodim10,2,4,conv_lowtv|wavelet|inr,conv_lowtv,frecuencia,0.7258262634277344,-8.616832733154297,conv_lowtv,1,conv_lowtv,1,0.00024252086586784571,0.00024252086586784571
0,kodim10,2,5,conv_lowtv|wavelet|inr,conv_lowtv,frecuencia,0.9431009292602539,-8.503089904785156,conv_lowtv,1,conv_lowtv,1,0.00014407896378543228,0.00014407896378543228
0,kodim10,2,6,conv_lowtv|wavelet|inr,conv_lowtv,frecuencia,1.0100717544555664,-8.488550186157227,conv_lowtv,1,conv_lowtv,1,6.856993422843516e-05,6.856993422843516e-05
0,kodim10,2,7,conv_lowtv|wavelet|inr,conv_lowtv,frecuencia,0.9627552032470703,-8.533143043518066,conv_lowtv,1,conv_lowtv,1,6.580715853488073e-05,6.580715853488073e-05
0,kodim10,2,8,conv_lowtv|wavelet|inr,conv_lowtv,frecuencia,0.8685474395751953,-8.630715370178223,conv_lowtv,1,conv_lowtv,1,0.0002266930096084252,0.0002266930096084252
0,kodim10,3,1,dct|had,had,transformada,0.23128890991210938,-8.897518157958984,had,1,had,1,0.00011770233686547726,0.00011770233686547726
0,kodim10,3,2,dct|had,had,transformada,0.29951953887939453,-8.803190231323242,had,1,had,1,0.00012353996862657368,0.00012353996862657368
0,kodim10,3,3,dct|had,had,transformada,0.22874832153320312,-8.964775085449219,had,1,had,1,0.0001522113016108051,0.0001522113016108051
0,kodim10,3,4,dct|had,had,transformada,0.15722942352294922,-9.134244918823242,had,1,had,1,0.00022643504780717194,0.00022643504780717194
0,kodim10,3,5,dct|had,had,transformada,0.20159530639648438,-9.016035079956055,had,1,had,1,0.00027282771770842373,0.00027282771770842373
0,kodim10,3,6,dct|had,had,transformada,0.2141714096069336,-9.018671035766602,had,1,had,1,0.0003139074833597988,0.0003139074833597988
0,kodim10,3,7,dct|had,had,transformada,0.1824789047241211,-9.172691345214844,had,1,had,1,0.00042556336848065257,0.00042556336848065257
0,kodim10,3,8,dct|had,had,transformada,0.22998428344726562,-9.186013221740723,had,1,had,1,0.00017925571592058986,0.00017925571592058986
0,kodim10,4,1,tv2|huber,tv2,regularizador,0.008363723754882812,-8.789783477783203,tv2,1,huber,0,0.00082901690620929,0.00026639230782166123
0,kodim10,4,2,tv2|huber,tv2,regularizador,0.06801509857177734,-8.586092948913574,tv2,1,huber,0,0.0006812273059040308,0.0003785250592045486
0,kodim10,4,3,tv2|huber,tv2,regularizador,0.03809070587158203,-8.606407165527344,tv2,1,huber,0,0.0007394861313514411,0.0004453776346053928
0,kodim10,4,4,tv2|huber,tv2,regularizador,0.05805492401123047,-8.575197219848633,tv2,1,huber,0,0.0004576771170832217,0.00038018773193471134
0,kodim10,4,5,tv2|huber,huber,regularizador,0.010714530944824219,-8.6709623336792,huber,1,huber,1,0.00034019071608781815,0.00034019071608781815
0,kodim10,4,6,tv2|huber,huber,regularizador,0.08696556091308594,-8.874139785766602,huber,1,huber,1,0.0006618766929022968,0.0006618766929022968
0,kodim10,4,7,tv2|huber,huber,regularizador,0.014706611633300781,-8.781458854675293,huber,1,huber,1,0.00046478144940920174,0.00046478144940920174
0,kodim10,4,8,tv2|huber,huber,regularizador,0.12596511840820312,-8.759526252746582,huber,1,huber,1,0.00033872263156808913,0.00033872263156808913
0,kodim10,5,1,dct|tv2,tv2,regularizador,0.12824726104736328,-8.76720142364502,tv2,1,dct,0,0.0006159557960927486,0.0003437944396864623
0,kodim10,5,2,dct|tv2,tv2,regularizador,0.08320236206054688,-8.531641960144043,tv2,1,dct,0,0.0006446319748647511,0.00025791910593397915
0,kodim10,5,3,dct|tv2,tv2,regularizador,0.17044448852539062,-8.437477111816406,tv2,1,dct,0,0.0004204128053970635,0.00031992391450330615
0,kodim10,5,4,dct|tv2,tv2,regularizador,0.09585285186767578,-8.525039672851562,tv2,1,dct,0,0.00047983566764742136,0.0002286952076246962
0,kodim10,5,5,dct|tv2,dct,transformada,0.06450462341308594,-8.61313247680664,dct,1,dct,1,0.0002443065168336034,0.0002443065168336034
0,kodim10,5,6,dct|tv2,tv2,regularizador,0.03882408142089844,-8.717534065246582,tv2,1,dct,0,0.00043987089884467423,0.00019377107673790306
0,kodim10,5,7,dct|tv2,tv2,regularizador,0.0839681625366211,-8.614578247070312,tv2,1,dct,0,0.0004983808612450957,0.00016306081670336425
0,kodim10,5,8,dct|tv2,tv2,regularizador,0.8824319839477539,-8.360763549804688,tv2,1,tv2,1,0.0006264083785936236,0.0006264083785936236
0,kodim11,0,1,phys|robust,phys,datos,0.46696949005126953,-10.453034400939941,phys,1,phys,1,0.00036457699025049806,0.00036457699025049806
0,kodim11,0,2,phys|robust,phys,datos,0.13963603973388672,-10.416184425354004,phys,1,phys,1,0.0005102826980873942,0.0005102826980873942
0,kodim11,0,3,phys|robust,phys,datos,0.4597187042236328,-10.439240455627441,phys,1,phys,1,0.0002529611811041832,0.0002529611811041832
0,kodim11,0,4,phys|robust,phys,datos,0.4034719467163086,-10.58322811126709,phys,1,phys,1,0.00027325315750204027,0.00027325315750204027
0,kodim11,0,5,phys|robust,phys,datos,0.27651119232177734,-10.73553466796875,phys,1,phys,1,0.000742692151106894,0.000742692151106894
0,kodim11,0,6,phys|robust,phys,datos,0.5974235534667969,-10.88686752319336,phys,1,phys,1,0.00041790190152823925,0.00041790190152823925
0,kodim11,0,7,phys|robust,phys,datos,0.5264043807983398,-10.80579948425293,phys,1,phys,1,0.0005989518249407411,0.0005989518249407411
0,kodim11,0,8,phys|robust,phys,datos,0.2927541732788086,-10.86715030670166,phys,1,phys,1,0.0005607158527709544,0.0005607158527709544
0,kodim11,1,1,conv|prox_tv,prox_tv,suavidad,0.26643848419189453,-10.653205871582031,prox_tv,1,prox_tv,1,0.0003543487109709531,0.0003543487109709531
0,kodim11,1,2,conv|prox_tv,conv,suavidad,0.40413951873779297,-10.316878318786621,conv,1,conv,1,0.00029666448244825006,0.00029666448244825006
0,kodim11,1,3,conv|prox_tv,prox_tv,suavidad,0.020719528198242188,-10.750658988952637,prox_tv,1,prox_tv,1,0.0008422135142609477,0.0008422135142609477
0,kodim11,1,4,conv|prox_tv,conv,suavidad,0.6301002502441406,-10.552321434020996,conv,1,conv,1,0.0007181286928243935,0.0007181286928243935
0,kodim11,1,5,conv|prox_tv,conv,suavidad,0.6389255523681641,-10.616280555725098,conv,1,conv,1,0.00042522032163105905,0.00042522032163105905
0,kodim11,1,6,conv|prox_tv,prox_tv,suavidad,0.3323650360107422,-10.922215461730957,prox_tv,1,prox_tv,1,0.0004998217918910086,0.0004998217918910086
0,kodim11,1,7,conv|prox_tv,prox_tv,suavidad,0.2479228973388672,-10.823668479919434,prox_tv,1,prox_tv,1,0.0002888062736019492,0.0002888062736019492
0,kodim11,1,8,conv|prox_tv,conv,suavidad,0.4117403030395508,-10.845141410827637,conv,1,conv,1,0.0005797093617729843,0.0005797093617729843
0,kodim11,2,1,conv_lowtv|wavelet|inr,conv_lowtv,frecuencia,1.0049982070922852,-10.417980194091797,conv_lowtv,1,conv_lowtv,1,0.00018721289234235883,0.00018721289234235883
0,kodim11,2,2,conv_lowtv|wavelet|inr,conv_lowtv,frecuencia,0.8434648513793945,-10.747811317443848,conv_lowtv,1,conv_lowtv,1,0.0008439954835921526,0.0008439954835921526
0,kodim11,2,3,conv_lowtv|wavelet|inr,conv_lowtv,frecuencia,0.922459602355957,-10.851823806762695,conv_lowtv,1,conv_lowtv,1,0.0009950143285095692,0.0009950143285095692
0,kodim11,2,4,conv_lowtv|wavelet|inr,conv_lowtv,frecuencia,0.8226165771484375,-11.04988956451416,conv_lowtv,1,conv_lowtv,1,0.0005501936539076269,0.0005501936539076269
0,kodim11,2,5,conv_lowtv|wavelet|inr,conv_lowtv,frecuencia,0.6853160858154297,-11.380165100097656,conv_lowtv,1,conv_lowtv,1,0.0018550270469859242,0.0018550270469859242
0,kodim11,2,6,conv_lowtv|wavelet|inr,conv_lowtv,frecuencia,0.9335670471191406,-11.207067489624023,conv_lowtv,1,conv_lowtv,1,0.0006469643558375537,0.0006469643558375537
0,kodim11,2,7,conv_lowtv|wavelet|inr,conv_lowtv,frecuencia,0.8499479293823242,-11.295795440673828,conv_lowtv,1,conv_lowtv,1,0.00022761344735044986,0.00022761344735044986
0,kodim11,2,8,conv_lowtv|wavelet|inr,conv_lowtv,frecuencia,0.7381114959716797,-11.44937801361084,conv_lowtv,1,conv_lowtv,1,0.000764652038924396,0.000764652038924396
0,kodim11,3,1,dct|had,had,transformada,0.1614999771118164,-10.89914321899414,had,1,had,1,0.00036884073051624,0.00036884073051624
0,kodim11,3,2,dct|had,had,transformada,0.2116413116455078,-10.469086647033691,had,1,had,1,0.0004937237245030701,0.0004937237245030701
0,kodim11,3,3,dct|had,had,transformada,0.1989269256591797,-10.762431144714355,had,1,had,1,0.00047576832002960145,0.00047576832002960145
0,kodim11,3,4,dct|had,had,transformada,0.3095359802246094,-10.951338768005371,had,1,had,1,0.0005176366539672017,0.0005176366539672017
0,kodim11,3,5,dct|had,had,transformada,0.22082996368408203,-10.969356536865234,had,1,had,1,0.0005358394701033831,0.0005358394701033831
0,kodim11,3,6,dct|had,dct,transformada,0.5612726211547852,-10.798905372619629,dct,1,dct,1,0.000712748384103179,0.000712748384103179
0,kodim11,3,7,dct|had,dct,transformada,0.500518798828125,-10.807404518127441,dct,1,dct,1,0.0008134631207212806,0.0008134631207212806
0,kodim11,3,8,dct|had,dct,transformada,0.42069530487060547,-11.00256061553955,dct,1,dct,1,0.0011146959150210023,0.0011146959150210023
0,kodim11,4,1,tv2|huber,huber,regularizador,0.23178768157958984,-10.570540428161621,huber,1,huber,1,0.0006644664099439979,0.0006644664099439979
0,kodim11,4,2,tv2|huber,tv2,regularizador,0.6809606552124023,-10.296883583068848,tv2,1,tv2,1,0.00250567146576941,0.00250567146576941
0,kodim11,4,3,tv2|huber,huber,regularizador,0.9148998260498047,-10.924339294433594,huber,1,huber,1,0.0011628934880718589,0.0011628934880718589
0,kodim11,4,4,tv2|huber,huber,regularizador,0.12523460388183594,-10.75061321258545,huber,1,huber,1,0.0009745030547492206,0.0009745030547492206
0,kodim11,4,5,tv2|huber,huber,regularizador,0.012169837951660156,-10.84216022491455,huber,1,huber,1,0.001377709093503654,0.001377709093503654
0,kodim11,4,6,tv2|huber,huber,regularizador,0.08506488800048828,-10.852559089660645,huber,1,huber,1,0.001993628917261958,0.001993628917261958
0,kodim11,4,7,tv2|huber,huber,regularizador,0.49600887298583984,-10.980451583862305,huber,1,huber,1,0.0015702421078458428,0.0015702421078458428
0,kodim11,4,8,tv2|huber,tv2,regularizador,0.011453628540039062,-11.057372093200684,tv2,1,huber,0,0.0035190118942409754,0.002084663836285472
0,kodim11,5,1,dct|tv2,dct,transformada,0.22643375396728516,-10.998476028442383,dct,1,dct,1,0.0009155857842415571,0.0009155857842415571
0,kodim11,5,2,dct|tv2,dct,transformada,0.011872291564941406,-10.476364135742188,dct,1,dct,1,0.0008621833403594792,0.0008621833403594792
0,kodim11,5,3,dct|tv2,dct,transformada,0.0015106201171875,-10.555319786071777,dct,1,dct,1,0.0004938138299621642,0.0004938138299621642
0,kodim11,5,4,dct|tv2,tv2,regularizador,0.08051872253417969,-10.573783874511719,tv2,1,dct,0,0.0018620191840454936,0.0015711438609287143
0,kodim11,5,5,dct|tv2,tv2,regularizador,0.07059001922607422,-10.685839653015137,tv2,1,dct,0,0.0017961413832381368,0.0017857678467407823
0,kodim11,5,6,dct|tv2,tv2,regularizador,0.18356609344482422,-10.76883602142334,tv2,1,dct,0,0.0013511308934539557,0.0009300532983615994
0,kodim11,5,7,dct|tv2,tv2,regularizador,0.1383075714111328,-10.79550838470459,tv2,1,dct,0,0.0016621333779767156,0.0006608658586628735
0,kodim11,5,8,dct|tv2,tv2,regularizador,1.0961227416992188,-10.496994018554688,tv2,1,tv2,1,0.0019127303967252374,0.0019127303967252374
0,kodim12,0,1,phys|robust,phys,datos,0.11610603332519531,-9.97459888458252,phys,1,phys,1,7.825965440133587e-05,7.825965440133587e-05
0,kodim12,0,2,phys|robust,phys,datos,0.08159255981445312,-9.86491584777832,phys,1,phys,1,9.058295108843595e-05,9.058295108843595e-05
0,kodim12,0,3,phys|robust,phys,datos,0.2716388702392578,-9.32351016998291,phys,1,phys,1,5.199803854338825e-05,5.199803854338825e-05
0,kodim12,0,4,phys|robust,phys,datos,0.4397239685058594,-9.24597454071045,phys,1,phys,1,3.930690581910312e-05,3.930690581910312e-05
0,kodim12,0,5,phys|robust,phys,datos,0.3165435791015625,-9.251740455627441,phys,1,phys,1,4.597333463607356e-05,4.597333463607356e-05
0,kodim12,0,6,phys|robust,phys,datos,0.14445018768310547,-9.347644805908203,phys,1,phys,1,4.8342371883336455e-05,4.8342371883336455e-05
0,kodim12,0,7,phys|robust,phys,datos,0.6570119857788086,-9.26743221282959,phys,1,phys,1,5.024777419748716e-05,5.024777419748716e-05
0,kodim12,0,8,phys|robust,phys,datos,0.1802816390991211,-9.273924827575684,phys,1,phys,1,4.695988172898069e-05,4.695988172898069e-05
0,kodim12,1,1,conv|prox_tv,conv,suavidad,0.6018991470336914,-9.678125381469727,conv,1,conv,1,7.314345566555858e-05,7.314345566555858e-05
0,kodim12,1,2,conv|prox_tv,prox_tv,suavidad,0.20493412017822266,-9.564437866210938,prox_tv,1,prox_tv,1,8.832353341858834e-05,8.832353341858834e-05
0,kodim12,1,3,conv|prox_tv,prox_tv,suavidad,0.5199441909790039,-9.576926231384277,prox_tv,1,prox_tv,1,8.783907105680555e-05,8.783907105680555e-05
0,kodim12,1,4,conv|prox_tv,prox_tv,suavidad,0.4526786804199219,-9.302923202514648,prox_tv,1,prox_tv,1,5.812700328533538e-05,5.812700328533538e-05
0,kodim12,1,5,conv|prox_tv,prox_tv,suavidad,0.23941802978515625,-9.230595588684082,prox_tv,1,prox_tv,1,5.922435593674891e-05,5.922435593674891e-05
0,kodim12,1,6,conv|prox_tv,conv,suavidad,0.6825790405273438,-8.887600898742676,conv,1,conv,1,2.9453332899720408e-05,2.9453332899720408e-05
0,kodim12,1,7,conv|prox_tv,conv,suavidad,0.5645895004272461,-8.960700988769531,conv,1,conv,1,4.642088242690079e-05,4.642088242690079e-05
0,kodim12,1,8,conv|prox_tv,conv,suavidad,0.625086784362793,-8.934378623962402,conv,1,conv,1,3.624513919930905e-05,3.624513919930905e-05
0,kodim12,2,1,conv_lowtv|wavelet|inr,conv_lowtv,frecuencia,0.9496583938598633,-9.85207462310791,conv_lowtv,1,conv_lowtv,1,6.618809857172891e-05,6.618809857172891e-05
0,kodim12,2,2,conv_lowtv|wavelet|inr,conv_lowtv,frecuencia,1.0655593872070312,-9.528166770935059,conv_lowtv,1,conv_lowtv,1,7.225714944070205e-05,7.225714944070205e-05
0,kodim12,2,3,conv_lowtv|wavelet|inr,conv_lowtv,frecuencia,1.0389747619628906,-9.491485595703125,conv_lowtv,1,conv_lowtv,1,5.627501377603039e-05,5.627501377603039e-05
0,kodim12,2,4,conv_lowtv|wavelet|inr,conv_lowtv,frecuencia,1.1714897155761719,-9.067151069641113,conv_lowtv,1,conv_lowtv,1,6.559008033946157e-05,6.559008033946157e-05
0,kodim12,2,5,conv_lowtv|wavelet|inr,conv_lowtv,frecuencia,1.2855920791625977,-8.976646423339844,conv_lowtv,1,conv_lowtv,1,5.7972320064436644e-05,5.7972320064436644e-05
0,kodim12,2,6,conv_lowtv|wavelet|inr,conv_lowtv,frecuencia,0.753687858581543,-9.256938934326172,conv_lowtv,1,conv_lowtv,1,5.876201612409204e-05,5.876201612409204e-05
0,kodim12,2,7,conv_lowtv|wavelet|inr,conv_lowtv,frecuencia,0.8632183074951172,-9.4327974319458,conv_lowtv,1,conv_lowtv,1,0.0001342963078059256,0.0001342963078059256
0,kodim12,2,8,conv_lowtv|wavelet|inr,conv_lowtv,frecuencia,1.0226249694824219,-9.190674781799316,conv_lowtv,1,conv_lowtv,1,3.84656414098572e-05,3.84656414098572e-05
0,kodim12,3,1,dct|had,had,transformada,0.5727758407592773,-9.986788749694824,had,1,had,1,8.620218432042748e-05,8.620218432042748e-05
0,kodim12,3,2,dct|had,had,transformada,0.27165985107421875,-9.63704776763916,had,1,had,1,6.088933514547534e-05,6.088933514547534e-05
0,kodim12,3,3,dct|had,had,transformada,0.2832145690917969,-9.35143756866455,had,1,had,1,9.363138815388083e-05,9.363138815388083e-05
0,kodim12,3,4,dct|had,had,transformada,0.35913848876953125,-9.450518608093262,had,1,had,1,6.297288928180933e-05,6.297288928180933e-05
0,kodim12,3,5,dct|had,had,transformada,0.27458763122558594,-9.460478782653809,had,1,had,1,8.373124728677794e-05,8.373124728677794e-05
0,kodim12,3,6,dct|had,had,transformada,0.4639110565185547,-9.430890083312988,had,1,had,1,6.366608431562781e-05,6.366608431562781e-05
0,kodim12,3,7,dct|had,dct,transformada,2.512662887573242,-9.405022621154785,dct,1,dct,1,7.917070615803823e-05,7.917070615803823e-05
0,kodim12,3,8,dct|had,had,transformada,0.3584127426147461,-9.40143871307373,had,1,had,1,4.906349931843579e-05,4.906349931843579e-05
0,kodim12,4,1,tv2|huber,huber,regularizador,0.09071159362792969,-10.07123851776123,huber,1,huber,1,0.00014867566642351449,0.00014867566642351449
0,kodim12,4,2,tv2|huber,huber,regularizador,0.09882736206054688,-9.309155464172363,huber,1,huber,1,0.00012918146967422217,0.00012918146967422217
0,kodim12,4,3,tv2|huber,huber,regularizador,0.33501529693603516,-9.297357559204102,huber,1,huber,1,0.00026502771652303636,0.00026502771652303636
0,kodim12,4,4,tv2|huber,huber,regularizador,0.04987812042236328,-9.197125434875488,huber,1,huber,1,0.00012994300050195307,0.00012994300050195307
0,kodim12,4,5,tv2|huber,huber,regularizador,0.06943225860595703,-9.239909172058105,huber,1,huber,1,0.00010731087968451902,0.00010731087968451902
0,kodim12,4,6,tv2|huber,huber,regularizador,0.037413597106933594,-9.2852201461792,huber,1,huber,1,0.00010223584831692278,0.00010223584831692278
0,kodim12,4,7,tv2|huber,huber,regularizador,0.10223865509033203,-9.294331550598145,huber,1,huber,1,0.0001525174593552947,0.0001525174593552947
0,kodim12,4,8,tv2|huber,huber,regularizador,0.008100509643554688,-9.525460243225098,huber,1,huber,1,0.0001812859409255907,0.0001812859409255907
0,kodim12,5,1,dct|tv2,dct,transformada,0.48899173736572266,-9.637194633483887,dct,1,dct,1,8.527569298166782e-05,8.527569298166782e-05
0,kodim12,5,2,dct|tv2,tv2,regularizador,0.08387565612792969,-9.438218116760254,tv2,1,dct,0,0.00015232284204103053,6.09853450441733e-05
0,kodim12,5,3,dct|tv2,tv2,regularizador,0.12005615234375,-9.056740760803223,tv2,1,dct,0,0.00013361236779019237,9.471045632380992e-05
0,kodim12,5,4,dct|tv2,tv2,regularizador,0.801945686340332,-8.803897857666016,tv2,1,tv2,1,0.00016907506505958736,0.00016907506505958736
0,kodim12,5,5,dct|tv2,dct,transformada,0.03184700012207031,-9.129051208496094,dct,1,dct,1,5.548484477913007e-05,5.548484477913007e-05
0,kodim12,5,6,dct|tv2,dct,transformada,0.15427398681640625,-9.22363567352295,dct,1,dct,1,0.00011011195601895452,0.00011011195601895452
0,kodim12,5,7,dct|tv2,tv2,regularizador,0.8874759674072266,-8.898066520690918,tv2,1,tv2,1,0.00015459844144061208,0.00015459844144061208
0,kodim12,5,8,dct|tv2,tv2,regularizador,0.8316183090209961,-8.805127143859863,tv2,1,tv2,1,0.00013364428014028817,0.00013364428014028817
1,kodim01,0,1,phys|robust,phys,datos,0.12216758728027344,-8.462431907653809,phys,1,phys,1,0.0004837505694013089,0.0004837505694013089
1,kodim01,0,2,phys|robust,phys,datos,0.28426361083984375,-8.351269721984863,phys,1,phys,1,0.0008149805944412947,0.0008149805944412947
1,kodim01,0,3,phys|robust,phys,datos,0.4256763458251953,-8.127579689025879,phys,1,phys,1,0.00011876939242938533,0.00011876939242938533
1,kodim01,0,4,phys|robust,phys,datos,0.13689422607421875,-8.187748908996582,phys,1,phys,1,0.00021520871086977422,0.00021520871086977422
1,kodim01,0,5,phys|robust,phys,datos,0.35663700103759766,-8.001924514770508,phys,1,phys,1,0.00010231127089355141,0.00010231127089355141
1,kodim01,0,6,phys|robust,phys,datos,0.24483299255371094,-8.04811954498291,phys,1,phys,1,0.00013363987090997398,0.00013363987090997398
1,kodim01,0,7,phys|robust,phys,datos,0.3371143341064453,-8.014531135559082,phys,1,phys,1,0.00010275992099195719,0.00010275992099195719
1,kodim01,0,8,phys|robust,phys,datos,0.06238365173339844,-8.1139554977417,phys,1,phys,1,0.0004202757263556123,0.0004202757263556123
1,kodim01,1,1,conv|prox_tv,conv,suavidad,0.5087394714355469,-8.042597770690918,conv,1,conv,1,0.00034887148649431765,0.00034887148649431765
1,kodim01,1,2,conv|prox_tv,conv,suavidad,0.0059413909912109375,-8.159396171569824,conv,1,prox_tv,0,0.000234847393585369,0.00015005067689344287
1,kodim01,1,3,conv|prox_tv,conv,suavidad,0.6810398101806641,-7.732025146484375,conv,1,conv,1,0.00019046766101382673,0.00019046766101382673
1,kodim01,1,4,conv|prox_tv,conv,suavidad,0.5982999801635742,-7.739432334899902,conv,1,conv,1,9.599978511687368e-05,9.599978511687368e-05
1,kodim01,1,5,conv|prox_tv,conv,suavidad,0.044597625732421875,-7.968623161315918,conv,1,prox_tv,0,0.00023097496887203306,0.00016821312601678073
1,kodim01,1,6,conv|prox_tv,conv,suavidad,0.022914886474609375,-8.001667976379395,conv,1,prox_tv,0,0.0002518892870284617,0.00022299868578556925
1,kodim01,1,7,conv|prox_tv,conv,suavidad,0.6803607940673828,-7.603127479553223,conv,1,conv,1,0.0002571420918684453,0.0002571420918684453
1,kodim01,1,8,conv|prox_tv,conv,suavidad,0.6420726776123047,-7.6029253005981445,conv,1,conv,1,0.00016242654237430543,0.00016242654237430543
1,kodim01,2,1,conv_lowtv|wavelet|inr,conv_lowtv,frecuencia,0.7290067672729492,-7.3425188064575195,conv_lowtv,1,conv_lowtv,1,0.00025713679497130215,0.00025713679497130215
1,kodim01,2,2,conv_lowtv|wavelet|inr,conv_lowtv,frecuencia,0.8877544403076172,-7.185250282287598,conv_lowtv,1,conv_lowtv,1,0.0001365540811093524,0.0001365540811093524
1,kodim01,2,3,conv_lowtv|wavelet|inr,conv_lowtv,frecuencia,0.9618759155273438,-7.0473127365112305,conv_lowtv,1,conv_lowtv,1,0.00010045212547993287,0.00010045212547993287
1,kodim01,2,4,conv_lowtv|wavelet|inr,conv_lowtv,frecuencia,0.8563766479492188,-7.0625104904174805,conv_lowtv,1,conv_lowtv,1,0.00020632913219742477,0.00020632913219742477
1,kodim01,2,5,conv_lowtv|wavelet|inr,conv_lowtv,frecuencia,0.915802001953125,-7.0516157150268555,conv_lowtv,1,conv_lowtv,1,0.0003630848659668118,0.0003630848659668118
1,kodim01,2,6,conv_lowtv|wavelet|inr,conv_lowtv,frecuencia,1.0017051696777344,-6.957758903503418,conv_lowtv,1,conv_lowtv,1,0.0002421650424366817,0.0002421650424366817
1,kodim01,2,7,conv_lowtv|wavelet|inr,conv_lowtv,frecuencia,1.1437110900878906,-6.788071632385254,conv_lowtv,1,conv_lowtv,1,9.430151840206236e-05,9.430151840206236e-05
1,kodim01,2,8,conv_lowtv|wavelet|inr,conv_lowtv,frecuencia,1.1392230987548828,-6.739535331726074,conv_lowtv,1,conv_lowtv,1,7.503462984459475e-05,7.503462984459475e-05
1,kodim01,3,1,dct|had,had,transformada,0.36191844940185547,-7.981136322021484,had,1,had,1,0.00010824518540175632,0.00010824518540175632
1,kodim01,3,2,dct|had,dct,transformada,0.5864744186401367,-7.800230026245117,dct,1,dct,1,0.00014724752691108733,0.00014724752691108733
1,kodim01,3,3,dct|had,had,transformada,0.45133495330810547,-7.9322052001953125,had,1,had,1,0.00018707182607613504,0.00018707182607613504
1,kodim01,3,4,dct|had,dct,transformada,0.6482696533203125,-7.773085594177246,dct,1,dct,1,0.00012365207658149302,0.00012365207658149302
1,kodim01,3,5,dct|had,dct,transformada,0.5484418869018555,-7.749142646789551,dct,1,dct,1,0.0001432938443031162,0.0001432938443031162
1,kodim01,3,6,dct|had,dct,transformada,0.5875434875488281,-7.646380424499512,dct,1,dct,1,0.00014667314826510847,0.00014667314826510847
1,kodim01,3,7,dct|had,dct,transformada,0.10378742218017578,-7.961407661437988,dct,1,had,0,0.0004420516488607973,0.0002837648498825729
1,kodim01,3,8,dct|had,had,transformada,0.14865398406982422,-7.835976600646973,had,1,had,1,0.0002568756463006139,0.0002568756463006139
1,kodim01,4,1,tv2|huber,tv2,regularizador,0.2852020263671875,-8.261317253112793,tv2,1,tv2,1,0.0007556958007626235,0.0007556958007626235
1,kodim01,4,2,tv2|huber,huber,regularizador,0.30214977264404297,-8.005945205688477,huber,1,huber,1,0.0005806342232972383,0.0005806342232972383
1,kodim01,4,3,tv2|huber,huber,regularizador,0.33544158935546875,-8.009299278259277,huber,1,huber,1,0.0006660217768512666,0.0006660217768512666
1,kodim01,4,4,tv2|huber,huber,regularizador,0.3976583480834961,-7.8960161209106445,huber,1,huber,1,0.0004969481960870326,0.0004969481960870326
1,kodim01,4,5,tv2|huber,tv2,regularizador,0.2919044494628906,-7.938807487487793,tv2,1,tv2,1,0.0007243576110340655,0.0007243576110340655
1,kodim01,4,6,tv2|huber,tv2,regularizador,0.33183765411376953,-7.843996047973633,tv2,1,tv2,1,0.0009997924789786339,0.0009997924789786339
1,kodim01,4,7,tv2|huber,huber,regularizador,0.39735984802246094,-7.701245307922363,huber,1,huber,1,0.0002940164122264832,0.0002940164122264832
1,kodim01,4,8,tv2|huber,huber,regularizador,0.3411998748779297,-7.7252702713012695,huber,1,huber,1,0.0004300766158849001,0.0004300766158849001
1,kodim01,5,1,dct|tv2,dct,transformada,0.12506103515625,-8.342391014099121,dct,1,dct,1,0.0003678352222777903,0.0003678352222777903
1,kodim01,5,2,dct|tv2,dct,transformada,0.27419090270996094,-8.089938163757324,dct,1,dct,1,0.00011156655818922445,0.00011156655818922445
1,kodim01,5,3,dct|tv2,dct,transformada,0.1729879379272461,-8.135496139526367,dct,1,dct,1,0.0003775745863094926,0.0003775745863094926
1,kodim01,5,4,dct|tv2,dct,transformada,0.2661600112915039,-8.090068817138672,dct,1,dct,1,0.0002411987807136029,0.0002411987807136029
1,kodim01,5,5,dct|tv2,dct,transformada,0.3684234619140625,-7.925728797912598,dct,1,dct,1,0.00014980357082094997,0.00014980357082094997
1,kodim01,5,6,dct|tv2,dct,transformada,0.23203086853027344,-7.9769792556762695,dct,1,dct,1,0.00030190401594154537,0.00030190401594154537
1,kodim01,5,7,dct|tv2,dct,transformada,0.33178043365478516,-7.9644060134887695,dct,1,dct,1,0.00013409514212980866,0.00013409514212980866
1,kodim01,5,8,dct|tv2,dct,transformada,0.3024730682373047,-7.898194313049316,dct,1,dct,1,0.00014370332064572722,0.00014370332064572722
1,kodim02,0,1,phys|robust,phys,datos,0.2656850814819336,-7.56144905090332,phys,1,phys,1,0.00022782590531278402,0.00022782590531278402
1,kodim02,0,2,phys|robust,robust,datos,0.04268360137939453,-7.375988006591797,robust,1,phys,0,0.005000639706850052,0.000552101933863014
1,kodim02,0,3,phys|robust,phys,datos,0.32264137268066406,-6.866405487060547,phys,1,phys,1,0.00017393071902915835,0.00017393071902915835
1,kodim02,0,4,phys|robust,phys,datos,0.27758216857910156,-6.768882751464844,phys,1,phys,1,0.00017393678717780858,0.00017393678717780858
1,kodim02,0,5,phys|robust,phys,datos,0.1919384002685547,-6.713254928588867,phys,1,phys,1,0.00016025762306526303,0.00016025762306526303
1,kodim02,0,6,phys|robust,phys,datos,1.5897998809814453,-6.439723014831543,phys,1,phys,1,9.044956823345274e-05,9.044956823345274e-05
1,kodim02,0,7,phys|robust,phys,datos,0.41072654724121094,-6.5498151779174805,phys,1,phys,1,5.7740791817195714e-05,5.7740791817195714e-05
1,kodim02,0,8,phys|robust,phys,datos,0.2940511703491211,-6.581490516662598,phys,1,phys,1,0.00023266044445335865,0.00023266044445335865
1,kodim02,1,1,conv|prox_tv,conv,suavidad,0.5672664642333984,-7.249333381652832,conv,1,conv,1,0.0002089328336296603,0.0002089328336296603
1,kodim02,1,2,conv|prox_tv,conv,suavidad,0.6351566314697266,-6.718001365661621,conv,1,conv,1,0.00015273041208274662,0.00015273041208274662
1,kodim02,1,3,conv|prox_tv,conv,suavidad,0.6177101135253906,-6.443631172180176,conv,1,conv,1,0.00010401775944046676,0.00010401775944046676
1,kodim02,1,4,conv|prox_tv,conv,suavidad,0.6299276351928711,-6.377296447753906,conv,1,conv,1,0.0001631955528864637,0.0001631955528864637
1,kodim02,1,5,conv|prox_tv,conv,suavidad,0.127899169921875,-6.488146781921387,conv,1,prox_tv,0,0.00013348055654205382,7.80555055825971e-05
1,kodim02,1,6,conv|prox_tv,conv,suavidad,0.5901432037353516,-6.17844295501709,conv,1,conv,1,6.846973701613024e-05,6.846973701613024e-05
1,kodim02,1,7,conv|prox_tv,conv,suavidad,0.6877450942993164,-6.106776237487793,conv,1,conv,1,8.891905599739403e-05,8.891905599739403e-05
1,kodim02,1,8,conv|prox_tv,conv,suavidad,0.5846900939941406,-6.049477577209473,conv,1,conv,1,5.745987800764851e-05,5.745987800764851e-05
1,kodim02,2,1,conv_lowtv|wavelet|inr,conv_lowtv,frecuencia,0.5503835678100586,-6.65572452545166,conv_lowtv,1,conv_lowtv,1,0.0002227617078460753,0.0002227617078460753
1,kodim02,2,2,conv_lowtv|wavelet|inr,conv_lowtv,frecuencia,0.7805347442626953,-6.23867130279541,conv_lowtv,1,conv_lowtv,1,0.00017397926421836019,0.00017397926421836019
1,kodim02,2,3,conv_lowtv|wavelet|inr,conv_lowtv,frecuencia,0.7803382873535156,-6.032198905944824,conv_lowtv,1,conv_lowtv,1,0.0002862005203496665,0.0002862005203496665
1,kodim02,2,4,conv_lowtv|wavelet|inr,conv_lowtv,frecuencia,0.9047784805297852,-5.686968803405762,conv_lowtv,1,conv_lowtv,1,8.18542466731742e-05,8.18542466731742e-05
1,kodim02,2,5,conv_lowtv|wavelet|inr,conv_lowtv,frecuencia,0.891932487487793,-5.542632102966309,conv_lowtv,1,conv_lowtv,1,0.00010114391625393182,0.00010114391625393182
1,kodim02,2,6,conv_lowtv|wavelet|inr,conv_lowtv,frecuencia,0.9210672378540039,-5.615530967712402,conv_lowtv,1,conv_lowtv,1,0.00014984337030909956,0.00014984337030909956
1,kodim02,2,7,conv_lowtv|wavelet|inr,wavelet,frecuencia,0.5918684005737305,-5.970371246337891,wavelet,1,wavelet,1,0.0009678903152234852,0.0009678903152234852
1,kodim02,2,8,conv_lowtv|wavelet|inr,conv_lowtv,frecuencia,0.22672748565673828,-5.786062240600586,conv_lowtv,1,conv_lowtv,1,0.0004479277122300118,0.0004479277122300118
1,kodim02,3,1,dct|had,dct,transformada,0.4618358612060547,-7.211856842041016,dct,1,dct,1,0.00022947965771891177,0.00022947965771891177
1,kodim02,3,2,dct|had,had,transformada,0.832036018371582,-6.996927261352539,had,1,had,1,0.0007923686061985791,0.0007923686061985791
1,kodim02,3,3,dct|had,had,transformada,0.5368118286132812,-6.6117963790893555,had,1,had,1,0.0004726697807200253,0.0004726697807200253
1,kodim02,3,4,dct|had,had,transformada,0.5332851409912109,-6.511019706726074,had,1,had,1,0.00018952699610963464,0.00018952699610963464
1,kodim02,3,5,dct|had,dct,transformada,0.40650177001953125,-6.287949562072754,dct,1,dct,1,0.00016568582213949412,0.00016568582213949412
1,kodim02,3,6,dct|had,dct,transformada,0.5281801223754883,-6.177700996398926,dct,1,dct,1,0.00015071585949044675,0.00015071585949044675
1,kodim02,3,7,dct|had,dct,transformada,0.6589279174804688,-6.065546989440918,dct,1,dct,1,8.848468860378489e-05,8.848468860378489e-05
1,kodim02,3,8,dct|had,had,transformada,0.13156795501708984,-6.324188232421875,had,1,had,1,0.00012758666707668453,0.00012758666707668453
1,kodim02,4,1,tv2|huber,huber,regularizador,0.4095296859741211,-7.444704055786133,huber,1,huber,1,0.00044106857967562973,0.00044106857967562973
1,kodim02,4,2,tv2|huber,huber,regularizador,0.34223365783691406,-6.5721845626831055,huber,1,huber,1,0.0004895188612863421,0.0004895188612863421
1,kodim02,4,3,tv2|huber,tv2,regularizador,0.3201742172241211,-6.5543212890625,tv2,1,tv2,1,0.0003792174393311143,0.0003792174393311143
1,kodim02,4,4,tv2|huber,tv2,regularizador,0.7132854461669922,-6.289788246154785,tv2,1,tv2,1,0.00028328748885542154,0.00028328748885542154
1,kodim02,4,5,tv2|huber,tv2,regularizador,0.2684803009033203,-6.37458610534668,tv2,1,tv2,1,0.0003311733016744256,0.0003311733016744256
1,kodim02,4,6,tv2|huber,huber,regularizador,0.32141780853271484,-6.359565734863281,huber,1,huber,1,0.00028782099252566695,0.00028782099252566695
1,kodim02,4,7,tv2|huber,tv2,regularizador,0.25801658630371094,-6.320378303527832,tv2,1,tv2,1,0.00033572129905223846,0.00033572129905223846
1,kodim02,4,8,tv2|huber,tv2,regularizador,1.2432432174682617,-6.110666275024414,tv2,1,tv2,1,0.00048677853192202747,0.00048677853192202747
1,kodim02,5,1,dct|tv2,dct,transformada,0.3481111526489258,-7.474797248840332,dct,1,dct,1,0.0002024742861976847,0.0002024742861976847
1,kodim02,5,2,dct|tv2,tv2,regularizador,0.7595853805541992,-6.697281837463379,tv2,1,tv2,1,0.0005786270485259593,0.0005786270485259593
1,kodim02,5,3,dct|tv2,dct,transformada,0.2613210678100586,-6.618085861206055,dct,1,dct,1,0.00043223920511081815,0.00043223920511081815
1,kodim02,5,4,dct|tv2,dct,transformada,0.5055513381958008,-6.440550804138184,dct,1,dct,1,8.449495362583548e-05,8.449495362583548e-05
1,kodim02,5,5,dct|tv2,dct,transformada,0.10683059692382812,-6.753028869628906,dct,1,dct,1,0.000463061936898157,0.000463061936898157
1,kodim02,5,6,dct|tv2,tv2,regularizador,3.9311227798461914,-6.114023208618164,tv2,1,tv2,1,0.0007488774717785418,0.0007488774717785418
1,kodim02,5,7,dct|tv2,tv2,regularizador,0.16675472259521484,-7.498061180114746,tv2,1,dct,0,0.0020785138476639986,0.0016403284389525652
1,kodim02,5,8,dct|tv2,dct,transformada,0.14520645141601562,-6.4357404708862305,dct,1,dct,1,0.0002229763922514394,0.0002229763922514394
1,kodim03,0,1,phys|robust,phys,datos,0.24463748931884766,-9.66867446899414,phys,1,phys,1,0.00021776458015665412,0.00021776458015665412
1,kodim03,0,2,phys|robust,robust,datos,0.028369903564453125,-8.981480598449707,robust,1,phys,0,0.0017097815871238708,0.0004440787306521088
1,kodim03,0,3,phys|robust,phys,datos,0.11129188537597656,-8.818243980407715,phys,1,phys,1,0.00031808033236302435,0.00031808033236302435
1,kodim03,0,4,phys|robust,phys,datos,0.10682487487792969,-8.259573936462402,phys,1,phys,1,0.00010930463758995757,0.00010930463758995757
1,kodim03,0,5,phys|robust,robust,datos,0.10720443725585938,-8.019593238830566,robust,1,phys,0,0.00024782304535619915,9.914318798109889e-05
1,kodim03,0,6,phys|robust,phys,datos,0.47447776794433594,-7.821799278259277,phys,1,phys,1,0.00012686032277997583,0.00012686032277997583
1,kodim03,0,7,phys|robust,phys,datos,0.3205251693725586,-7.569425582885742,phys,1,phys,1,7.708140037721023e-05,7.708140037721023e-05
1,kodim03,0,8,phys|robust,phys,datos,0.15888023376464844,-7.506930351257324,phys,1,phys,1,6.662111991317943e-05,6.662111991317943e-05
1,kodim03,1,1,conv|prox_tv,conv,suavidad,0.8640508651733398,-9.123763084411621,conv,1,conv,1,0.00014633318642154336,0.00014633318642154336
1,kodim03,1,2,conv|prox_tv,conv,suavidad,0.5041866302490234,-8.562399864196777,conv,1,conv,1,0.00015987895312719047,0.00015987895312719047
1,kodim03,1,3,conv|prox_tv,conv,suavidad,0.181121826171875,-8.061076164245605,conv,1,prox_tv,0,0.00016386335482820868,0.00013197000953368843
1,kodim03,1,4,conv|prox_tv,prox_tv,suavidad,0.11713695526123047,-7.899374961853027,prox_tv,1,prox_tv,1,0.00010670642950572073,0.00010670642950572073
1,kodim03,1,5,conv|prox_tv,conv,suavidad,0.7569799423217773,-7.370762825012207,conv,1,conv,1,8.967542817117646e-05,8.967542817117646e-05
1,kodim03,1,6,conv|prox_tv,prox_tv,suavidad,0.03585052490234375,-7.466965675354004,prox_tv,1,prox_tv,1,6.452322850236669e-05,6.452322850236669e-05
1,kodim03,1,7,conv|prox_tv,prox_tv,suavidad,0.035439491271972656,-7.400374412536621,prox_tv,1,prox_tv,1,4.9574246077099815e-05,4.9574246077099815e-05
1,kodim03,1,8,conv|prox_tv,prox_tv,suavidad,0.24861717224121094,-7.283514976501465,prox_tv,1,prox_tv,1,5.045903890277259e-05,5.045903890277259e-05
1,kodim03,2,1,conv_lowtv|wavelet|inr,conv_lowtv,frecuencia,1.4967174530029297,-8.28159236907959,conv_lowtv,1,conv_lowtv,1,0.00019135515321977437,0.00019135515321977437
1,kodim03,2,2,conv_lowtv|wavelet|inr,conv_lowtv,frecuencia,1.1318988800048828,-8.072718620300293,conv_lowtv,1,conv_lowtv,1,0.0002666708314791322,0.0002666708314791322
1,kodim03,2,3,conv_lowtv|wavelet|inr,conv_lowtv,frecuencia,1.1000585556030273,-7.7201948165893555,conv_lowtv,1,conv_lowtv,1,0.00015175377484411,0.00015175377484411
1,kodim03,2,4,conv_lowtv|wavelet|inr,conv_lowtv,frecuencia,1.338160514831543,-7.000510215759277,conv_lowtv,1,conv_lowtv,1,8.513154898537323e-05,8.513154898537323e-05
1,kodim03,2,5,conv_lowtv|wavelet|inr,conv_lowtv,frecuencia,1.6835346221923828,-6.917677879333496,conv_lowtv,1,conv_lowtv,1,0.00011361009092070162,0.00011361009092070162
1,kodim03,2,6,conv_lowtv|wavelet|inr,conv_lowtv,frecuencia,1.3751163482666016,-6.9523820877075195,conv_lowtv,1,conv_lowtv,1,0.00010377779108239338,0.00010377779108239338
1,kodim03,2,7,conv_lowtv|wavelet|inr,conv_lowtv,frecuencia,1.8753480911254883,-6.515473365783691,conv_lowtv,1,conv_lowtv,1,0.0001178308593807742,0.0001178308593807742
1,kodim03,2,8,conv_lowtv|wavelet|inr,conv_lowtv,frecuencia,1.7255306243896484,-6.483111381530762,conv_lowtv,1,conv_lowtv,1,6.599688640562817e-05,6.599688640562817e-05
1,kodim03,3,1,dct|had,dct,transformada,0.6246376037597656,-9.38744831085205,dct,1,dct,1,0.00028454637504182756,0.00028454637504182756
1,kodim03,3,2,dct|had,dct,transformada,0.3966636657714844,-8.000738143920898,dct,1,dct,1,0.0001652257633395493,0.0001652257633395493
1,kodim03,3,3,dct|had,had,transformada,0.06122875213623047,-7.528683662414551,had,1,had,1,0.00011074387293774635,0.00011074387293774635
1,kodim03,3,4,dct|had,dct,transformada,0.4847860336303711,-7.183586120605469,dct,1,dct,1,0.00010216204827884212,0.00010216204827884212
1,kodim03,3,5,dct|had,dct,transformada,0.5298442840576172,-7.395216941833496,dct,1,dct,1,0.00024970408412627876,0.00024970408412627876
1,kodim03,3,6,dct|had,had,transformada,0.0850667953491211,-7.26956844329834,had,1,had,1,9.18616060516797e-05,9.18616060516797e-05
1,kodim03,3,7,dct|had,dct,transformada,0.5479497909545898,-6.953470230102539,dct,1,dct,1,7.028699474176392e-05,7.028699474176392e-05
1,kodim03,3,8,dct|had,had,transformada,0.23259735107421875,-7.068005561828613,had,1,had,1,9.613567090127617e-05,9.613567090127617e-05
1,kodim03,4,1,tv2|huber,huber,regularizador,0.4679546356201172,-9.54971981048584,huber,1,huber,1,0.00024216594465542585,0.00024216594465542585
1,kodim03,4,2,tv2|huber,huber,regularizador,0.6062164306640625,-7.520413398742676,huber,1,huber,1,0.0001732404052745551,0.0001732404052745551
1,kodim03,4,3,tv2|huber,huber,regularizador,0.35806941986083984,-7.529915809631348,huber,1,huber,1,0.0003676540218293667,0.0003676540218293667
1,kodim03,4,4,tv2|huber,huber,regularizador,0.3627309799194336,-7.488961219787598,huber,1,huber,1,0.00022742360306438059,0.00022742360306438059
1,kodim03,4,5,tv2|huber,tv2,regularizador,0.08215045928955078,-7.533530235290527,tv2,1,tv2,1,0.00030618003802374005,0.00030618003802374005
1,kodim03,4,6,tv2|huber,huber,regularizador,0.5018577575683594,-7.167411804199219,huber,1,huber,1,0.0001448484545107931,0.0001448484545107931
1,kodim03,4,7,tv2|huber,huber,regularizador,0.5960607528686523,-7.118163108825684,huber,1,huber,1,0.00015356381481979042,0.00015356381481979042
1,kodim03,4,8,tv2|huber,huber,regularizador,0.45440196990966797,-7.269397735595703,huber,1,huber,1,0.00021964281040709466,0.00021964281040709466
1,kodim03,5,1,dct|tv2,dct,transformada,0.5903720855712891,-9.474974632263184,dct,1,dct,1,0.0001990937744267285,0.0001990937744267285
1,kodim03,5,2,dct|tv2,dct,transformada,0.3951292037963867,-8.293790817260742,dct,1,dct,1,0.0001832614216255024,0.0001832614216255024
1,kodim03,5,3,dct|tv2,dct,transformada,0.3878316879272461,-7.591911315917969,dct,1,dct,1,9.62318736128509e-05,9.62318736128509e-05
1,kodim03,5,4,dct|tv2,dct,transformada,0.9036197662353516,-7.37786865234375,dct,1,dct,1,6.514690903713927e-05,6.514690903713927e-05
1,kodim03,5,5,dct|tv2,dct,transformada,0.3388023376464844,-7.227602958679199,dct,1,dct,1,6.278410728555173e-05,6.278410728555173e-05
1,kodim03,5,6,dct|tv2,dct,transformada,0.34809112548828125,-7.223291397094727,dct,1,dct,1,7.13168628863059e-05,7.13168628863059e-05
1,kodim03,5,7,dct|tv2,dct,transformada,0.2890901565551758,-7.258115768432617,dct,1,dct,1,6.072735050111078e-05,6.072735050111078e-05
1,kodim03,5,8,dct|tv2,tv2,regularizador,0.09482479095458984,-7.513304710388184,tv2,1,dct,0,0.00019097996118944138,0.00016483991930726916
1,kodim04,0,1,phys|robust,robust,datos,0.030767440795898438,-9.143153190612793,robust,1,phys,0,0.00581580912694335,0.00022694864310324192
1,kodim04,0,2,phys|robust,robust,datos,0.06181049346923828,-8.751849174499512,robust,1,phys,0,0.004330150783061981,0.0003253979666624218
1,kodim04,0,3,phys|robust,phys,datos,0.10520648956298828,-8.215352058410645,phys,1,phys,1,0.0002217471192125231,0.0002217471192125231
1,kodim04,0,4,phys|robust,phys,datos,0.7026796340942383,-7.523031234741211,phys,1,phys,1,7.233349606394768e-05,7.233349606394768e-05
1,kodim04,0,5,phys|robust,phys,datos,0.21152305603027344,-7.728175163269043,phys,1,phys,1,0.00013850204413756728,0.00013850204413756728
1,kodim04,0,6,phys|robust,phys,datos,0.49172115325927734,-7.395458221435547,phys,1,phys,1,8.879067172529176e-05,8.879067172529176e-05
1,kodim04,0,7,phys|robust,phys,datos,0.47824954986572266,-7.1330976486206055,phys,1,phys,1,9.008900815388188e-05,9.008900815388188e-05
1,kodim04,0,8,phys|robust,phys,datos,0.25937652587890625,-7.258881568908691,phys,1,phys,1,0.00014937475498300046,0.00014937475498300046
1,kodim04,1,1,conv|prox_tv,conv,suavidad,0.8813867568969727,-8.545519828796387,conv,1,conv,1,0.0002276282903039828,0.0002276282903039828
1,kodim04,1,2,conv|prox_tv,prox_tv,suavidad,0.3557405471801758,-8.337381362915039,prox_tv,1,prox_tv,1,0.00026626369799487293,0.00026626369799487293
1,kodim04,1,3,conv|prox_tv,prox_tv,suavidad,0.05536651611328125,-7.640667915344238,prox_tv,1,prox_tv,1,0.00010905346425715834,0.00010905346425715834
1,kodim04,1,4,conv|prox_tv,prox_tv,suavidad,0.11765480041503906,-7.42293643951416,prox_tv,1,prox_tv,1,0.00011910242756130174,0.00011910242756130174
1,kodim04,1,5,conv|prox_tv,prox_tv,suavidad,0.11269283294677734,-7.190380096435547,prox_tv,1,prox_tv,1,6.755113281542435e-05,6.755113281542435e-05
1,kodim04,1,6,conv|prox_tv,conv,suavidad,0.5558280944824219,-6.761111259460449,conv,1,conv,1,6.384894368238747e-05,6.384894368238747e-05
1,kodim04,1,7,conv|prox_tv,prox_tv,suavidad,0.05734443664550781,-7.038689613342285,prox_tv,1,prox_tv,1,0.0001123718757298775,0.0001123718757298775
1,kodim04,1,8,conv|prox_tv,conv,suavidad,0.6719789505004883,-6.571854591369629,conv,1,conv,1,6.303129339357838e-05,6.303129339357838e-05
1,kodim04,2,1,conv_lowtv|wavelet|inr,conv_lowtv,frecuencia,0.30472755432128906,-8.467516899108887,conv_lowtv,1,conv_lowtv,1,0.00040915136924013495,0.00040915136924013495
1,kodim04,2,2,conv_lowtv|wavelet|inr,conv_lowtv,frecuencia,0.7798786163330078,-7.807164192199707,conv_lowtv,1,conv_lowtv,1,0.0002221799804829061,0.0002221799804829061
1,kodim04,2,3,conv_lowtv|wavelet|inr,conv_lowtv,frecuencia,0.6567678451538086,-7.273602485656738,conv_lowtv,1,wavelet,0,0.0008227522484958172,0.0005880609387531877
1,kodim04,2,4,conv_lowtv|wavelet|inr,conv_lowtv,frecuencia,0.963557243347168,-6.870085716247559,conv_lowtv,1,conv_lowtv,1,0.00022784309112466872,0.00022784309112466872
1,kodim04,2,5,conv_lowtv|wavelet|inr,conv_lowtv,frecuencia,1.1864356994628906,-6.58836555480957,conv_lowtv,1,conv_lowtv,1,0.00011461434041848406,0.00011461434041848406
1,kodim04,2,6,conv_lowtv|wavelet|inr,conv_lowtv,frecuencia,0.7274065017700195,-6.508942604064941,conv_lowtv,1,conv_lowtv,1,0.00010936437320197001,0.00010936437320197001
1,kodim04,2,7,conv_lowtv|wavelet|inr,conv_lowtv,frecuencia,1.0464391708374023,-6.202485084533691,conv_lowtv,1,conv_lowtv,1,0.00010173295595450327,0.00010173295595450327
1,kodim04,2,8,conv_lowtv|wavelet|inr,conv_lowtv,frecuencia,1.024953842163086,-6.183093070983887,conv_lowtv,1,conv_lowtv,1,0.0002664342464413494,0.0002664342464413494
1,kodim04,3,1,dct|had,had,transformada,0.29041004180908203,-8.839877128601074,had,1,had,1,0.00032387167448177934,0.00032387167448177934
1,kodim04,3,2,dct|had,had,transformada,0.0883188247680664,-7.51882266998291,had,1,had,1,0.0002094746450893581,0.0002094746450893581
1,kodim04,3,3,dct|had,had,transformada,0.10910987854003906,-7.099839210510254,had,1,had,1,0.0002183842589147389,0.0002183842589147389
1,kodim04,3,4,dct|had,dct,transformada,0.8037481307983398,-6.864444732666016,dct,1,dct,1,0.0003485661873128265,0.0003485661873128265
1,kodim04,3,5,dct|had,had,transformada,0.8881416320800781,-6.484013557434082,had,1,had,1,0.0001147464572568424,0.0001147464572568424
1,kodim04,3,6,dct|had,had,transformada,0.814763069152832,-6.910155296325684,had,1,had,1,0.0005064549623057246,0.0005064549623057246
1,kodim04,3,7,dct|had,had,transformada,0.1159524917602539,-6.725706100463867,had,1,had,1,0.0001558177318656817,0.0001558177318656817
1,kodim04,3,8,dct|had,had,transformada,0.02966785430908203,-6.702475547790527,had,1,had,1,0.00011858795187436044,0.00011858795187436044
1,kodim04,4,1,tv2|huber,huber,regularizador,0.5813016891479492,-9.028592109680176,huber,1,huber,1,0.0004924040986225009,0.0004924040986225009
1,kodim04,4,2,tv2|huber,huber,regularizador,0.3060646057128906,-7.262869834899902,huber,1,huber,1,0.0003275462659075856,0.0003275462659075856
1,kodim04,4,3,tv2|huber,huber,regularizador,0.3728666305541992,-7.019312858581543,huber,1,huber,1,0.00033683073706924915,0.00033683073706924915
1,kodim04,4,4,tv2|huber,huber,regularizador,0.33903026580810547,-6.961041450500488,huber,1,huber,1,0.00026584300212562084,0.00026584300212562084
1,kodim04,4,5,tv2|huber,huber,regularizador,0.30809497833251953,-6.829930305480957,huber,1,huber,1,0.00020619656424969435,0.00020619656424969435
1,kodim04,4,6,tv2|huber,huber,regularizador,0.7951622009277344,-6.669837951660156,huber,1,huber,1,0.0002941987186204642,0.0002941987186204642
1,kodim04,4,7,tv2|huber,huber,regularizador,0.18198394775390625,-6.939662933349609,huber,1,huber,1,0.00027913309168070555,0.00027913309168070555
1,kodim04,4,8,tv2|huber,huber,regularizador,0.5041599273681641,-6.761223793029785,huber,1,huber,1,0.0002301732893101871,0.0002301732893101871
1,kodim04,5,1,dct|tv2,dct,transformada,0.39531517028808594,-8.966275215148926,dct,1,dct,1,0.00034799001878127456,0.00034799001878127456
1,kodim04,5,2,dct|tv2,dct,transformada,0.08132266998291016,-7.759439468383789,dct,1,dct,1,0.00028539958293549716,0.00028539958293549716
1,kodim04,5,3,dct|tv2,dct,transformada,0.30104541778564453,-7.167545318603516,dct,1,dct,1,9.236408368451521e-05,9.236408368451521e-05
1,kodim04,5,4,dct|tv2,dct,transformada,0.3968839645385742,-6.864200592041016,dct,1,dct,1,0.00012717730714939535,0.00012717730714939535
1,kodim04,5,5,dct|tv2,dct,transformada,0.20191478729248047,-6.904413223266602,dct,1,dct,1,0.00010763308091554791,0.00010763308091554791
1,kodim04,5,6,dct|tv2,dct,transformada,0.5536489486694336,-6.5850677490234375,dct,1,dct,1,6.993480928940699e-05,6.993480928940699e-05
1,kodim04,5,7,dct|tv2,dct,transformada,0.4170379638671875,-6.598341941833496,dct,1,dct,1,8.510587940691039e-05,8.510587940691039e-05
1,kodim04,5,8,dct|tv2,dct,transformada,0.1928539276123047,-6.748270034790039,dct,1,dct,1,0.00013953469169791788,0.00013953469169791788
1,kodim05,0,1,phys|robust,phys,datos,0.0071315765380859375,-8.642454147338867,phys,1,phys,1,0.0006604082882404327,0.0006604082882404327
1,kodim05,0,2,phys|robust,phys,datos,0.25285911560058594,-8.337546348571777,phys,1,phys,1,0.0004010961565654725,0.0004010961565654725
1,kodim05,0,3,phys|robust,phys,datos,1.0057907104492188,-8.011445045471191,phys,1,phys,1,0.00029666387126781046,0.00029666387126781046
1,kodim05,0,4,phys|robust,phys,datos,0.028072357177734375,-8.03085994720459,phys,1,phys,1,0.0002846384886652231,0.0002846384886652231
1,kodim05,0,5,phys|robust,phys,datos,3.0868568420410156,-7.633204460144043,phys,1,phys,1,0.001075488980859518,0.001075488980859518
1,kodim05,0,6,phys|robust,phys,datos,0.03108692169189453,-7.807703018188477,phys,1,phys,1,0.0006235542241483927,0.0006235542241483927
1,kodim05,0,7,phys|robust,phys,datos,0.37567806243896484,-7.550644874572754,phys,1,phys,1,0.0001669270423008129,0.0001669270423008129
1,kodim05,0,8,phys|robust,phys,datos,0.13001632690429688,-7.609196662902832,phys,1,phys,1,0.00018808120512403548,0.00018808120512403548
1,kodim05,1,1,conv|prox_tv,conv,suavidad,0.7807130813598633,-8.04798698425293,conv,1,conv,1,0.00035525410203263164,0.00035525410203263164
1,kodim05,1,2,conv|prox_tv,prox_tv,suavidad,0.0046596527099609375,-8.090224266052246,prox_tv,1,prox_tv,1,0.0003204945824109018,0.0003204945824109018
1,kodim05,1,3,conv|prox_tv,conv,suavidad,0.704747200012207,-7.573349952697754,conv,1,conv,1,0.0002885364228859544,0.0002885364228859544
1,kodim05,1,4,conv|prox_tv,conv,suavidad,0.9307022094726562,-7.445015907287598,conv,1,conv,1,0.0005102096474729478,0.0005102096474729478
1,kodim05,1,5,conv|prox_tv,prox_tv,suavidad,0.2595529556274414,-7.58066463470459,prox_tv,1,prox_tv,1,0.0002759133349172771,0.0002759133349172771
1,kodim05,1,6,conv|prox_tv,conv,suavidad,2.3107919692993164,-7.08560848236084,conv,1,conv,1,0.0004835421859752387,0.0004835421859752387
1,kodim05,1,7,conv|prox_tv,prox_tv,suavidad,0.7130765914916992,-7.296449661254883,prox_tv,1,prox_tv,1,0.00015012515359558165,0.00015012515359558165
1,kodim05,1,8,conv|prox_tv,prox_tv,suavidad,1.5434846878051758,-7.366290092468262,prox_tv,1,prox_tv,1,0.00036350611480884254,0.00036350611480884254
1,kodim05,2,1,conv_lowtv|wavelet|inr,conv_lowtv,frecuencia,0.6078386306762695,-7.493999481201172,conv_lowtv,1,conv_lowtv,1,0.0007195688085630536,0.0007195688085630536
1,kodim05,2,2,conv_lowtv|wavelet|inr,conv_lowtv,frecuencia,0.5887994766235352,-7.529780387878418,conv_lowtv,1,conv_lowtv,1,0.0008068268070928752,0.0008068268070928752
1,kodim05,2,3,conv_lowtv|wavelet|inr,conv_lowtv,frecuencia,0.819091796875,-7.126812934875488,conv_lowtv,1,conv_lowtv,1,0.0006570222903974354,0.0006570222903974354
1,kodim05,2,4,conv_lowtv|wavelet|inr,conv_lowtv,frecuencia,0.6673040390014648,-6.925311088562012,conv_lowtv,1,conv_lowtv,1,0.0005445136921480298,0.0005445136921480298
1,kodim05,2,5,conv_lowtv|wavelet|inr,conv_lowtv,frecuencia,0.9950761795043945,-6.654543876647949,conv_lowtv,1,conv_lowtv,1,0.0003947736695408821,0.0003947736695408821
1,kodim05,2,6,conv_lowtv|wavelet|inr,conv_lowtv,frecuencia,1.3299140930175781,-6.597709655761719,conv_lowtv,1,conv_lowtv,1,0.00046101445332169533,0.00046101445332169533
1,kodim05,2,7,conv_lowtv|wavelet|inr,conv_lowtv,frecuencia,1.05682373046875,-6.672158241271973,conv_lowtv,1,conv_lowtv,1,0.0006106409709900618,0.0006106409709900618
1,kodim05,2,8,conv_lowtv|wavelet|inr,conv_lowtv,frecuencia,1.164748191833496,-6.619379043579102,conv_lowtv,1,conv_lowtv,1,0.0012655777391046286,0.0012655777391046286
1,kodim05,3,1,dct|had,dct,transformada,1.2303037643432617,-7.809772491455078,dct,1,dct,1,0.00030209176475182176,0.00030209176475182176
1,kodim05,3,2,dct|had,had,transformada,0.3082304000854492,-7.780438423156738,had,1,had,1,0.00044938671635463834,0.00044938671635463834
1,kodim05,3,3,dct|had,had,transformada,0.22335529327392578,-7.727865219116211,had,1,had,1,0.0006065775523893535,0.0006065775523893535
1,kodim05,3,4,dct|had,had,transformada,0.3096179962158203,-7.636044502258301,had,1,had,1,0.0004255743697285652,0.0004255743697285652
1,kodim05,3,5,dct|had,had,transformada,0.3002357482910156,-7.511974334716797,had,1,had,1,0.0004352007817942649,0.0004352007817942649
1,kodim05,3,6,dct|had,dct,transformada,0.016343116760253906,-7.653116226196289,dct,1,had,0,0.0006806777673773468,0.0006453298847191036
1,kodim05,3,7,dct|had,had,transformada,0.6378793716430664,-7.695099830627441,had,1,had,1,0.0014198829885572195,0.0014198829885572195
1,kodim05,3,8,dct|had,had,transformada,0.17376327514648438,-7.533638954162598,had,1,had,1,0.0007536306511610746,0.0007536306511610746
1,kodim05,4,1,tv2|huber,huber,regularizador,0.34888553619384766,-8.37890338897705,huber,1,huber,1,0.0005464568384923041,0.0005464568384923041
1,kodim05,4,2,tv2|huber,huber,regularizador,0.4549283981323242,-7.577150344848633,huber,1,huber,1,0.0010841225739568472,0.0010841225739568472
1,kodim05,4,3,tv2|huber,tv2,regularizador,0.8222780227661133,-7.5637922286987305,tv2,1,tv2,1,0.0023026480339467525,0.0023026480339467525
1,kodim05,4,4,tv2|huber,huber,regularizador,0.4203758239746094,-7.306708335876465,huber,1,huber,1,0.0008331086137332022,0.0008331086137332022
1,kodim05,4,5,tv2|huber,huber,regularizador,0.3688497543334961,-7.553006172180176,huber,1,huber,1,0.0015775450738146901,0.0015775450738146901
1,kodim05,4,6,tv2|huber,tv2,regularizador,0.36039161682128906,-7.648653984069824,tv2,1,tv2,1,0.0023569937329739332,0.0023569937329739332
1,kodim05,4,7,tv2|huber,tv2,regularizador,0.6687545776367188,-7.245622634887695,tv2,1,tv2,1,0.0016005904180929065,0.0016005904180929065
1,kodim05,4,8,tv2|huber,huber,regularizador,0.10538101196289062,-7.420031547546387,huber,1,huber,1,0.0019704806618392467,0.0019704806618392467
1,kodim05,5,1,dct|tv2,tv2,regularizador,0.11662483215332031,-8.554237365722656,tv2,1,dct,0,0.001343684270977974,0.0007358862785622478
1,kodim05,5,2,dct|tv2,tv2,regularizador,0.04958057403564453,-7.7588300704956055,tv2,1,dct,0,0.0023824144154787064,0.00045023488928563893
1,kodim05,5,3,dct|tv2,dct,transformada,0.06930160522460938,-7.677031517028809,dct,1,dct,1,0.0006608905969187617,0.0006608905969187617
1,kodim05,5,4,dct|tv2,dct,transformada,0.236175537109375,-7.5221357345581055,dct,1,dct,1,0.0003302931727375835,0.0003302931727375835
1,kodim05,5,5,dct|tv2,tv2,regularizador,0.054656028747558594,-7.649531364440918,tv2,1,dct,0,0.0016687791794538498,0.0008487912127748132
1,kodim05,5,6,dct|tv2,tv2,regularizador,0.19823741912841797,-7.5147705078125,tv2,1,dct,0,0.0021373648196458817,0.001114613376557827
1,kodim05,5,7,dct|tv2,tv2,regularizador,1.0390357971191406,-7.2138566970825195,tv2,1,tv2,1,0.00222479528747499,0.00222479528747499
1,kodim05,5,8,dct|tv2,tv2,regularizador,0.5946884155273438,-7.338505744934082,tv2,1,dct,0,0.0017710186075419188,0.0013114444445818663
1,kodim06,0,1,phys|robust,phys,datos,0.15184974670410156,-8.9893217086792,phys,1,phys,1,0.0005545823951251805,0.0005545823951251805
1,kodim06,0,2,phys|robust,phys,datos,0.4474601745605469,-8.632962226867676,phys,1,phys,1,0.0001236540701938793,0.0001236540701938793
1,kodim06,0,3,phys|robust,phys,datos,0.3774986267089844,-8.604960441589355,phys,1,phys,1,0.00023282054462470114,0.00023282054462470114
1,kodim06,0,4,phys|robust,phys,datos,0.21416664123535156,-8.567217826843262,phys,1,phys,1,0.00031937332823872566,0.00031937332823872566
1,kodim06,0,5,phys|robust,phys,datos,0.46735382080078125,-8.383902549743652,phys,1,phys,1,0.00012929151125717908,0.00012929151125717908
1,kodim06,0,6,phys|robust,phys,datos,0.25560569763183594,-8.515789985656738,phys,1,phys,1,0.00030041506397537887,0.00030041506397537887
1,kodim06,0,7,phys|robust,phys,datos,0.3681297302246094,-8.392498970031738,phys,1,phys,1,5.425906419986859e-05,5.425906419986859e-05
1,kodim06,0,8,phys|robust,phys,datos,0.1862030029296875,-8.513653755187988,phys,1,phys,1,0.0003530158428475261,0.0003530158428475261
1,kodim06,1,1,conv|prox_tv,conv,suavidad,0.11208343505859375,-8.828139305114746,conv,1,prox_tv,0,0.0002479712129570544,0.00022020618780516088
1,kodim06,1,2,conv|prox_tv,conv,suavidad,0.08370780944824219,-8.602276802062988,conv,1,prox_tv,0,0.00041830551344901323,0.000216481217648834
1,kodim06,1,3,conv|prox_tv,conv,suavidad,0.51123046875,-8.208453178405762,conv,1,conv,1,0.00034050611429847777,0.00034050611429847777
1,kodim06,1,4,conv|prox_tv,conv,suavidad,0.09704208374023438,-8.358336448669434,conv,1,prox_tv,0,0.0003630157734733075,0.00023152082576416433
1,kodim06,1,5,conv|prox_tv,conv,suavidad,0.7139720916748047,-8.114859580993652,conv,1,conv,1,0.0002536047832109034,0.0002536047832109034
1,kodim06,1,6,conv|prox_tv,conv,suavidad,0.0326080322265625,-8.452986717224121,conv,1,prox_tv,0,0.0002283289359183982,0.00012293277541175485
1,kodim06,1,7,conv|prox_tv,conv,suavidad,0.07411003112792969,-8.32137393951416,conv,1,prox_tv,0,0.0004381380567792803,0.0003860147262457758
1,kodim06,1,8,conv|prox_tv,conv,suavidad,0.7214698791503906,-8.026156425476074,conv,1,conv,1,8.862138929544017e-05,8.862138929544017e-05
1,kodim06,2,1,conv_lowtv|wavelet|inr,conv_lowtv,frecuencia,0.3243999481201172,-7.607220649719238,conv_lowtv,1,wavelet,0,0.00046250486047938466,0.0004204625729471445
1,kodim06,2,2,conv_lowtv|wavelet|inr,conv_lowtv,frecuencia,0.6390323638916016,-7.1453657150268555,conv_lowtv,1,conv_lowtv,1,0.0007619374664500356,0.0007619374664500356
1,kodim06,2,3,conv_lowtv|wavelet|inr,conv_lowtv,frecuencia,0.5496749877929688,-7.0789594650268555,conv_lowtv,1,conv_lowtv,1,0.00014356948668137193,0.00014356948668137193
1,kodim06,2,4,conv_lowtv|wavelet|inr,conv_lowtv,frecuencia,0.7556705474853516,-6.940310478210449,conv_lowtv,1,conv_lowtv,1,0.0003682893584482372,0.0003682893584482372
1,kodim06,2,5,conv_lowtv|wavelet|inr,conv_lowtv,frecuencia,0.7477817535400391,-6.833497047424316,conv_lowtv,1,conv_lowtv,1,9.447876800550148e-05,9.447876800550148e-05
1,kodim06,2,6,conv_lowtv|wavelet|inr,conv_lowtv,frecuencia,0.8289070129394531,-6.856192588806152,conv_lowtv,1,conv_lowtv,1,0.00038896463229320943,0.00038896463229320943
1,kodim06,2,7,conv_lowtv|wavelet|inr,conv_lowtv,frecuencia,0.6374645233154297,-6.938296318054199,conv_lowtv,1,conv_lowtv,1,0.0005669668316841125,0.0005669668316841125
1,kodim06,2,8,conv_lowtv|wavelet|inr,conv_lowtv,frecuencia,0.7125873565673828,-6.786618232727051,conv_lowtv,1,conv_lowtv,1,0.000237132262554951,0.000237132262554951
1,kodim06,3,1,dct|had,had,transformada,0.052272796630859375,-8.802014350891113,had,1,had,1,0.0004337721911724657,0.0004337721911724657
1,kodim06,3,2,dct|had,dct,transformada,0.48650169372558594,-8.214240074157715,dct,1,dct,1,0.0004257356922607869,0.0004257356922607869
1,kodim06,3,3,dct|had,dct,transformada,0.025518417358398438,-8.3525972366333,dct,1,had,0,0.00045801690430380404,0.00037915099528618157
1,kodim06,3,4,dct|had,dct,transformada,0.5365829467773438,-8.068001747131348,dct,1,dct,1,0.0005665543721988797,0.0005665543721988797
1,kodim06,3,5,dct|had,had,transformada,0.31813812255859375,-8.155945777893066,had,1,had,1,0.0004999724333174527,0.0004999724333174527
1,kodim06,3,6,dct|had,had,transformada,0.1576080322265625,-8.323090553283691,had,1,had,1,0.00021858455147594213,0.00021858455147594213
1,kodim06,3,7,dct|had,had,transformada,0.034053802490234375,-8.24091625213623,had,1,had,1,0.00015573711425531656,0.00015573711425531656
1,kodim06,3,8,dct|had,dct,transformada,0.3982810974121094,-8.040360450744629,dct,1,dct,1,0.0004171694745309651,0.0004171694745309651
1,kodim06,4,1,tv2|huber,huber,regularizador,0.3340129852294922,-9.006760597229004,huber,1,huber,1,0.00044072663877159357,0.00044072663877159357
1,kodim06,4,2,tv2|huber,huber,regularizador,0.4125328063964844,-8.358256340026855,huber,1,huber,1,0.0005917995586059988,0.0005917995586059988
1,kodim06,4,3,tv2|huber,tv2,regularizador,0.4445152282714844,-8.384575843811035,tv2,1,tv2,1,0.0004388966772239655,0.0004388966772239655
1,kodim06,4,4,tv2|huber,huber,regularizador,0.32067108154296875,-8.273659706115723,huber,1,huber,1,0.00015211150457616895,0.00015211150457616895
1,kodim06,4,5,tv2|huber,tv2,regularizador,0.2003002166748047,-8.359536170959473,tv2,1,tv2,1,0.00043842545710504055,0.00043842545710504055
1,kodim06,4,6,tv2|huber,huber,regularizador,0.14502334594726562,-8.364386558532715,huber,1,huber,1,0.00035026631667278707,0.00035026631667278707
1,kodim06,4,7,tv2|huber,huber,regularizador,0.3968315124511719,-8.270442008972168,huber,1,huber,1,0.00035835697781294584,0.00035835697781294584
1,kodim06,4,8,tv2|huber,huber,regularizador,0.34648704528808594,-8.1508150100708,huber,1,huber,1,0.0003140303597319871,0.0003140303597319871
1,kodim06,5,1,dct|tv2,tv2,regularizador,0.36461639404296875,-8.876301765441895,tv2,1,tv2,1,0.0003830420318990946,0.0003830420318990946
1,kodim06,5,2,dct|tv2,tv2,regularizador,0.11765670776367188,-8.529515266418457,tv2,1,tv2,1,0.0005063574644736946,0.0005063574644736946
1,kodim06,5,3,dct|tv2,dct,transformada,0.034984588623046875,-8.5036039352417,dct,1,dct,1,0.00041795478318817914,0.00041795478318817914
1,kodim06,5,4,dct|tv2,tv2,regularizador,1.3759784698486328,-7.945254325866699,tv2,1,tv2,1,0.00040343235014006495,0.00040343235014006495
1,kodim06,5,5,dct|tv2,tv2,regularizador,0.08432769775390625,-8.468836784362793,tv2,1,dct,0,0.00039549684152007103,0.00021340197417885065
1,kodim06,5,6,dct|tv2,dct,transformada,0.06341552734375,-8.391449928283691,dct,1,dct,1,0.0002767329278867692,0.0002767329278867692
1,kodim06,5,7,dct|tv2,tv2,regularizador,0.4120025634765625,-8.208136558532715,tv2,1,tv2,1,0.00014357850886881351,0.00014357850886881351
1,kodim06,5,8,dct|tv2,dct,transformada,0.1005096435546875,-8.282145500183105,dct,1,dct,1,0.0003633171145338565,0.0003633171145338565
1,kodim07,0,1,phys|robust,phys,datos,0.3367786407470703,-8.080348014831543,phys,1,phys,1,0.00034521924681030214,0.00034521924681030214
1,kodim07,0,2,phys|robust,phys,datos,0.30666542053222656,-8.063582420349121,phys,1,phys,1,0.0002965193707495928,0.0002965193707495928
1,kodim07,0,3,phys|robust,phys,datos,0.22032928466796875,-7.934342384338379,phys,1,phys,1,0.000250564597081393,0.000250564597081393
1,kodim07,0,4,phys|robust,phys,datos,0.19044876098632812,-7.815293312072754,phys,1,phys,1,0.0001679144916124642,0.0001679144916124642
1,kodim07,0,5,phys|robust,phys,datos,0.17966461181640625,-7.830594062805176,phys,1,phys,1,0.00042271226993761957,0.00042271226993761957
1,kodim07,0,6,phys|robust,phys,datos,0.1253824234008789,-7.823488235473633,phys,1,phys,1,0.00021550303790718317,0.00021550303790718317
1,kodim07,0,7,phys|robust,phys,datos,0.1629199981689453,-7.769110679626465,phys,1,phys,1,0.00034166485420428216,0.00034166485420428216
1,kodim07,0,8,phys|robust,phys,datos,0.3193626403808594,-7.7202043533325195,phys,1,phys,1,0.00026335817528888583,0.00026335817528888583
1,kodim07,1,1,conv|prox_tv,conv,suavidad,0.6583309173583984,-7.689492225646973,conv,1,conv,1,0.00016000273171812296,0.00016000273171812296
1,kodim07,1,2,conv|prox_tv,conv,suavidad,0.08257675170898438,-7.86782169342041,conv,1,prox_tv,0,0.0002912467753048986,0.00020319162285886705
1,kodim07,1,3,conv|prox_tv,conv,suavidad,0.6589813232421875,-7.476837158203125,conv,1,conv,1,0.0001557495561428368,0.0001557495561428368
1,kodim07,1,4,conv|prox_tv,conv,suavidad,0.6965122222900391,-7.407231330871582,conv,1,conv,1,0.00019505251839291304,0.00019505251839291304
1,kodim07,1,5,conv|prox_tv,prox_tv,suavidad,0.09903144836425781,-7.651096343994141,prox_tv,1,prox_tv,1,0.0001352810359094292,0.0001352810359094292
1,kodim07,1,6,conv|prox_tv,conv,suavidad,0.5019435882568359,-7.435344696044922,conv,1,conv,1,0.0002939786936622113,0.0002939786936622113
1,kodim07,1,7,conv|prox_tv,conv,suavidad,0.6897735595703125,-7.337204933166504,conv,1,conv,1,0.00014250617823563516,0.00014250617823563516
1,kodim07,1,8,conv|prox_tv,conv,suavidad,0.42014122009277344,-7.39776611328125,conv,1,conv,1,0.0003570724802557379,0.0003570724802557379
1,kodim07,2,1,conv_lowtv|wavelet|inr,conv_lowtv,frecuencia,0.6387081146240234,-7.024493217468262,conv_lowtv,1,conv_lowtv,1,0.00020185860921628773,0.00020185860921628773
1,kodim07,2,2,conv_lowtv|wavelet|inr,conv_lowtv,frecuencia,0.7703104019165039,-6.875,conv_lowtv,1,conv_lowtv,1,0.00024163449415937066,0.00024163449415937066
1,kodim07,2,3,conv_lowtv|wavelet|inr,conv_lowtv,frecuencia,0.6055402755737305,-6.94625186920166,conv_lowtv,1,conv_lowtv,1,0.0002616262645460665,0.0002616262645460665
1,kodim07,2,4,conv_lowtv|wavelet|inr,conv_lowtv,frecuencia,0.7768135070800781,-6.890076637268066,conv_lowtv,1,conv_lowtv,1,0.0005938077811151743,0.0005938077811151743
1,kodim07,2,5,conv_lowtv|wavelet|inr,conv_lowtv,frecuencia,0.6987905502319336,-6.740691184997559,conv_lowtv,1,conv_lowtv,1,0.000367030588677153,0.000367030588677153
1,kodim07,2,6,conv_lowtv|wavelet|inr,conv_lowtv,frecuencia,0.9179210662841797,-6.720813751220703,conv_lowtv,1,conv_lowtv,1,0.0002983862941619009,0.0002983862941619009
1,kodim07,2,7,conv_lowtv|wavelet|inr,conv_lowtv,frecuencia,0.8391513824462891,-6.662222862243652,conv_lowtv,1,conv_lowtv,1,0.0003810523194260895,0.0003810523194260895
1,kodim07,2,8,conv_lowtv|wavelet|inr,conv_lowtv,frecuencia,0.8527383804321289,-6.561643600463867,conv_lowtv,1,conv_lowtv,1,0.00022653854102827609,0.00022653854102827609
1,kodim07,3,1,dct|had,had,transformada,0.17831707000732422,-7.955585479736328,had,1,had,1,0.00031182446400634944,0.00031182446400634944
1,kodim07,3,2,dct|had,dct,transformada,0.5875778198242188,-7.483149528503418,dct,1,dct,1,0.00020802466315217316,0.00020802466315217316
1,kodim07,3,3,dct|had,had,transformada,0.0910940170288086,-7.7794952392578125,had,1,had,1,0.0005168135394342244,0.0005168135394342244
1,kodim07,3,4,dct|had,dct,transformada,0.5220937728881836,-7.480556488037109,dct,1,dct,1,0.0003365323937032372,0.0003365323937032372
1,kodim07,3,5,dct|had,had,transformada,0.24657821655273438,-7.497383117675781,had,1,had,1,0.0002759450871963054,0.0002759450871963054
1,kodim07,3,6,dct|had,dct,transformada,0.030527114868164062,-7.607494354248047,dct,1,had,0,0.0002609938383102417,0.0002578159037511796
1,kodim07,3,7,dct|had,dct,transformada,0.5033712387084961,-7.400886535644531,dct,1,dct,1,0.0004930087015964091,0.0004930087015964091
1,kodim07,3,8,dct|had,dct,transformada,0.3618001937866211,-7.381731986999512,dct,1,dct,1,0.0005281844642013311,0.0005281844642013311
1,kodim07,4,1,tv2|huber,huber,regularizador,0.28665733337402344,-8.056370735168457,huber,1,huber,1,0.0007461727363988757,0.0007461727363988757
1,kodim07,4,2,tv2|huber,huber,regularizador,0.33427906036376953,-7.616366386413574,huber,1,huber,1,0.0005633447435684502,0.0005633447435684502
1,kodim07,4,3,tv2|huber,huber,regularizador,0.36767578125,-7.592040061950684,huber,1,huber,1,0.000508274242747575,0.000508274242747575
1,kodim07,4,4,tv2|huber,huber,regularizador,0.41414737701416016,-7.51483154296875,huber,1,huber,1,0.00047029246343299747,0.00047029246343299747
1,kodim07,4,5,tv2|huber,huber,regularizador,0.23465919494628906,-7.671302795410156,huber,1,huber,1,0.0006646545371040702,0.0006646545371040702
1,kodim07,4,6,tv2|huber,huber,regularizador,0.1971149444580078,-7.645965576171875,huber,1,huber,1,0.0005722181522287428,0.0005722181522287428
1,kodim07,4,7,tv2|huber,huber,regularizador,0.3802318572998047,-7.46019172668457,huber,1,huber,1,0.000504195864778012,0.000504195864778012
1,kodim07,4,8,tv2|huber,huber,regularizador,0.3466358184814453,-7.464676856994629,huber,1,huber,1,0.0010875904699787498,0.0010875904699787498
1,kodim07,5,1,dct|tv2,tv2,regularizador,0.5467777252197266,-7.953125953674316,tv2,1,tv2,1,0.0009409788763150573,0.0009409788763150573
1,kodim07,5,2,dct|tv2,dct,transformada,0.10476493835449219,-7.82303524017334,dct,1,dct,1,0.0003063135372940451,0.0003063135372940451
1,kodim07,5,3,dct|tv2,dct,transformada,0.2563934326171875,-7.650338172912598,dct,1,dct,1,0.0004740440344903618,0.0004740440344903618
1,kodim07,5,4,dct|tv2,dct,transformada,0.1698932647705078,-7.691310882568359,dct,1,dct,1,0.00035498617216944695,0.00035498617216944695
1,kodim07,5,5,dct|tv2,dct,transformada,0.3831501007080078,-7.684291839599609,dct,1,dct,1,0.0005802394589409232,0.0005802394589409232
1,kodim07,5,6,dct|tv2,dct,transformada,0.22049522399902344,-7.652663230895996,dct,1,dct,1,0.00024342304095625877,0.00024342304095625877
1,kodim07,5,7,dct|tv2,dct,transformada,0.23900413513183594,-7.601611137390137,dct,1,dct,1,0.00033532455563545227,0.00033532455563545227
1,kodim07,5,8,dct|tv2,dct,transformada,0.38645458221435547,-7.536015510559082,dct,1,dct,1,0.00014699605526402593,0.00014699605526402593
1,kodim08,0,1,phys|robust,phys,datos,0.24747085571289062,-8.976574897766113,phys,1,phys,1,0.000168887127074413,0.000168887127074413
1,kodim08,0,2,phys|robust,phys,datos,0.4493703842163086,-8.901863098144531,phys,1,phys,1,0.00024706003023311496,0.00024706003023311496
1,kodim08,0,3,phys|robust,phys,datos,0.5375642776489258,-8.620245933532715,phys,1,phys,1,0.00020625638717319816,0.00020625638717319816
1,kodim08,0,4,phys|robust,phys,datos,0.18598651885986328,-8.54680347442627,phys,1,phys,1,0.0001190336188301444,0.0001190336188301444
1,kodim08,0,5,phys|robust,phys,datos,0.18291091918945312,-8.586559295654297,phys,1,phys,1,0.00010863391071325168,0.00010863391071325168
1,kodim08,0,6,phys|robust,phys,datos,0.21973323822021484,-8.501165390014648,phys,1,phys,1,0.0001906804391182959,0.0001906804391182959
1,kodim08,0,7,phys|robust,phys,datos,0.06132984161376953,-8.623605728149414,phys,1,phys,1,0.0008524148142896593,0.0008524148142896593
1,kodim08,0,8,phys|robust,phys,datos,0.1302204132080078,-8.41318416595459,phys,1,phys,1,0.00017638505960348994,0.00017638505960348994
1,kodim08,1,1,conv|prox_tv,conv,suavidad,0.014184951782226562,-8.899001121520996,conv,1,prox_tv,0,0.0002026216679951176,0.00014451715105678886
1,kodim08,1,2,conv|prox_tv,prox_tv,suavidad,0.039287567138671875,-8.657849311828613,prox_tv,1,prox_tv,1,0.00014546573220286518,0.00014546573220286518
1,kodim08,1,3,conv|prox_tv,conv,suavidad,0.44649505615234375,-8.326399803161621,conv,1,conv,1,0.00020345492521300912,0.00020345492521300912
1,kodim08,1,4,conv|prox_tv,conv,suavidad,0.007354736328125,-8.581490516662598,conv,1,prox_tv,0,0.0004411606932990253,0.0002626521745696664
1,kodim08,1,5,conv|prox_tv,conv,suavidad,0.7546472549438477,-7.968724250793457,conv,1,conv,1,0.00019994316971860826,0.00019994316971860826
1,kodim08,1,6,conv|prox_tv,conv,suavidad,0.5307197570800781,-8.107577323913574,conv,1,conv,1,0.0001280833821510896,0.0001280833821510896
1,kodim08,1,7,conv|prox_tv,conv,suavidad,0.6585445404052734,-7.897366523742676,conv,1,conv,1,8.45671456772834e-05,8.45671456772834e-05
1,kodim08,1,8,conv|prox_tv,conv,suavidad,0.041904449462890625,-8.193431854248047,conv,1,prox_tv,0,0.0001748601207509637,0.00014602536975871772
1,kodim08,2,1,conv_lowtv|wavelet|inr,conv_lowtv,frecuencia,0.9142560958862305,-7.815824508666992,conv_lowtv,1,conv_lowtv,1,0.0001997136714635417,0.0001997136714635417
1,kodim08,2,2,conv_lowtv|wavelet|inr,conv_lowtv,frecuencia,0.8260574340820312,-7.588204383850098,conv_lowtv,1,conv_lowtv,1,0.0001667390315560624,0.0001667390315560624
1,kodim08,2,3,conv_lowtv|wavelet|inr,conv_lowtv,frecuencia,0.581294059753418,-7.6252241134643555,conv_lowtv,1,conv_lowtv,1,0.00017018003563862294,0.00017018003563862294
1,kodim08,2,4,conv_lowtv|wavelet|inr,conv_lowtv,frecuencia,0.7930507659912109,-7.570708274841309,conv_lowtv,1,conv_lowtv,1,0.00023649459762964398,0.00023649459762964398
1,kodim08,2,5,conv_lowtv|wavelet|inr,conv_lowtv,frecuencia,1.0495109558105469,-7.22304630279541,conv_lowtv,1,conv_lowtv,1,0.00023285359202418476,0.00023285359202418476
1,kodim08,2,6,conv_lowtv|wavelet|inr,conv_lowtv,frecuencia,0.9465293884277344,-7.4452714920043945,conv_lowtv,1,conv_lowtv,1,0.0002586976042948663,0.0002586976042948663
1,kodim08,2,7,conv_lowtv|wavelet|inr,conv_lowtv,frecuencia,1.2304668426513672,-7.109309196472168,conv_lowtv,1,conv_lowtv,1,0.00012438655539881438,0.00012438655539881438
1,kodim08,2,8,conv_lowtv|wavelet|inr,conv_lowtv,frecuencia,1.1839895248413086,-7.061617851257324,conv_lowtv,1,conv_lowtv,1,0.00016136368503794074,0.00016136368503794074
1,kodim08,3,1,dct|had,dct,transformada,0.677159309387207,-8.324955940246582,dct,1,dct,1,0.00012955543934367597,0.00012955543934367597
1,kodim08,3,2,dct|had,dct,transformada,0.7173833847045898,-8.335888862609863,dct,1,dct,1,0.0002943697909358889,0.0002943697909358889
1,kodim08,3,3,dct|had,had,transformada,0.09720897674560547,-8.438125610351562,had,1,had,1,0.0001386853982694447,0.0001386853982694447
1,kodim08,3,4,dct|had,had,transformada,0.015697479248046875,-8.437434196472168,had,1,had,1,0.00021876796381548047,0.00021876796381548047
1,kodim08,3,5,dct|had,dct,transformada,0.1759634017944336,-8.55224609375,dct,1,dct,1,0.0003766537120100111,0.0003766537120100111
1,kodim08,3,6,dct|had,dct,transformada,0.6098699569702148,-8.053693771362305,dct,1,dct,1,0.0002229707024525851,0.0002229707024525851
1,kodim08,3,7,dct|had,dct,transformada,0.3972301483154297,-8.179652214050293,dct,1,dct,1,0.00023003776732366532,0.00023003776732366532
1,kodim08,3,8,dct|had,had,transformada,0.17247676849365234,-8.276212692260742,had,1,had,1,0.00021001901768613607,0.00021001901768613607
1,kodim08,4,1,tv2|huber,huber,regularizador,0.4271402359008789,-8.858951568603516,huber,1,huber,1,0.0003582261560950428,0.0003582261560950428
1,kodim08,4,2,tv2|huber,tv2,regularizador,0.40477848052978516,-8.509812355041504,tv2,1,tv2,1,0.0008005496929399669,0.0008005496929399669
1,kodim08,4,3,tv2|huber,huber,regularizador,0.23251819610595703,-8.368372917175293,huber,1,huber,1,0.0005815510521642864,0.0005815510521642864
1,kodim08,4,4,tv2|huber,huber,regularizador,0.24329376220703125,-8.44346809387207,huber,1,huber,1,0.0005812920862808824,0.0005812920862808824
1,kodim08,4,5,tv2|huber,huber,regularizador,0.35529136657714844,-8.187531471252441,huber,1,huber,1,0.0003346837474964559,0.0003346837474964559
1,kodim08,4,6,tv2|huber,huber,regularizador,0.31339263916015625,-8.331303596496582,huber,1,huber,1,0.000449187500635162,0.000449187500635162
1,kodim08,4,7,tv2|huber,huber,regularizador,0.41780853271484375,-8.204346656799316,huber,1,huber,1,0.0004976775962859392,0.0004976775962859392
1,kodim08,4,8,tv2|huber,tv2,regularizador,0.3415489196777344,-8.302878379821777,tv2,1,tv2,1,0.000711387547198683,0.000711387547198683
1,kodim08,5,1,dct|tv2,dct,transformada,0.20177841186523438,-9.04004192352295,dct,1,dct,1,0.00046398016274906695,0.00046398016274906695
1,kodim08,5,2,dct|tv2,tv2,regularizador,0.6604375839233398,-8.547062873840332,tv2,1,tv2,1,0.000902677362319082,0.000902677362319082
1,kodim08,5,3,dct|tv2,tv2,regularizador,0.14569091796875,-8.455443382263184,tv2,1,dct,0,0.001079721376299858,0.0005045445868745446
1,kodim08,5,4,dct|tv2,dct,transformada,0.1404590606689453,-8.32755184173584,dct,1,dct,1,0.00034476668224669993,0.00034476668224669993
1,kodim08,5,5,dct|tv2,tv2,regularizador,0.26259517669677734,-8.278027534484863,tv2,1,dct,0,0.0006053520482964814,0.00047818542225286365
1,kodim08,5,6,dct|tv2,tv2,regularizador,0.0959005355834961,-8.2899169921875,tv2,1,dct,0,0.0007531768060289323,0.0006519338930957019
1,kodim08,5,7,dct|tv2,tv2,regularizador,0.0860443115234375,-8.264521598815918,tv2,1,dct,0,0.000993492896668613,0.000444158969912678
1,kodim08,5,8,dct|tv2,tv2,regularizador,0.0699920654296875,-8.251919746398926,tv2,1,dct,0,0.001060082227922976,0.00047096694470383227
1,kodim09,0,1,phys|robust,phys,datos,0.34520530700683594,-9.363102912902832,phys,1,phys,1,0.00026556994998827577,0.00026556994998827577
1,kodim09,0,2,phys|robust,phys,datos,0.31771278381347656,-9.224818229675293,phys,1,phys,1,0.00023600200074724853,0.00023600200074724853
1,kodim09,0,3,phys|robust,phys,datos,0.3236408233642578,-9.195601463317871,phys,1,phys,1,0.00041461322689428926,0.00041461322689428926
1,kodim09,0,4,phys|robust,phys,datos,0.3526439666748047,-8.990485191345215,phys,1,phys,1,0.00023640369181521237,0.00023640369181521237
1,kodim09,0,5,phys|robust,phys,datos,0.10332107543945312,-9.062146186828613,phys,1,phys,1,0.00020256839343346655,0.00020256839343346655
1,kodim09,0,6,phys|robust,phys,datos,0.37761497497558594,-8.926711082458496,phys,1,phys,1,0.00018186934175901115,0.00018186934175901115
1,kodim09,0,7,phys|robust,phys,datos,0.2913074493408203,-8.900015830993652,phys,1,phys,1,0.00020112616766709834,0.00020112616766709834
1,kodim09,0,8,phys|robust,phys,datos,0.2289714813232422,-8.90149974822998,phys,1,phys,1,0.00030103346216492355,0.00030103346216492355
1,kodim09,1,1,conv|prox_tv,conv,suavidad,0.6004142761230469,-8.978869438171387,conv,1,conv,1,0.00017963787831831723,0.00017963787831831723
1,kodim09,1,2,conv|prox_tv,conv,suavidad,0.5429954528808594,-8.840622901916504,conv,1,conv,1,0.0002421380195301026,0.0002421380195301026
1,kodim09,1,3,conv|prox_tv,conv,suavidad,0.03321266174316406,-8.947077751159668,conv,1,prox_tv,0,0.0003716291394084692,0.00021076027769595385
1,kodim09,1,4,conv|prox_tv,conv,suavidad,0.6089763641357422,-8.611226081848145,conv,1,conv,1,0.00020809637499041855,0.00020809637499041855
1,kodim09,1,5,conv|prox_tv,prox_tv,suavidad,0.10411643981933594,-8.820033073425293,prox_tv,1,prox_tv,1,0.0001509296998847276,0.0001509296998847276
1,kodim09,1,6,conv|prox_tv,prox_tv,suavidad,0.1368846893310547,-8.782986640930176,prox_tv,1,prox_tv,1,0.0002130740467691794,0.0002130740467691794
1,kodim09,1,7,conv|prox_tv,conv,suavidad,0.6795063018798828,-8.522892951965332,conv,1,conv,1,0.00027207762468606234,0.00027207762468606234
1,kodim09,1,8,conv|prox_tv,conv,suavidad,0.42713165283203125,-8.618918418884277,conv,1,conv,1,0.00026612827787175775,0.00026612827787175775
1,kodim09,2,1,conv_lowtv|wavelet|inr,conv_lowtv,frecuencia,0.7137947082519531,-8.311152458190918,conv_lowtv,1,conv_lowtv,1,0.0002221152390120551,0.0002221152390120551
1,kodim09,2,2,conv_lowtv|wavelet|inr,conv_lowtv,frecuencia,0.8450679779052734,-8.014342308044434,conv_lowtv,1,conv_lowtv,1,0.00023398679331876338,0.00023398679331876338
1,kodim09,2,3,conv_lowtv|wavelet|inr,conv_lowtv,frecuencia,0.9397029876708984,-7.880707740783691,conv_lowtv,1,conv_lowtv,1,0.0006051307427696884,0.0006051307427696884
1,kodim09,2,4,conv_lowtv|wavelet|inr,conv_lowtv,frecuencia,0.7653408050537109,-7.936305046081543,conv_lowtv,1,conv_lowtv,1,0.00036727156839333475,0.00036727156839333475
1,kodim09,2,5,conv_lowtv|wavelet|inr,conv_lowtv,frecuencia,0.6076831817626953,-8.039511680603027,conv_lowtv,1,wavelet,0,0.0010386432986706495,0.000809873454272747
1,kodim09,2,6,conv_lowtv|wavelet|inr,conv_lowtv,frecuencia,0.8871574401855469,-7.688782691955566,conv_lowtv,1,conv_lowtv,1,0.00031107288668863475,0.00031107288668863475
1,kodim09,2,7,conv_lowtv|wavelet|inr,conv_lowtv,frecuencia,1.0467529296875,-7.630824089050293,conv_lowtv,1,conv_lowtv,1,0.0004091188602615148,0.0004091188602615148
1,kodim09,2,8,conv_lowtv|wavelet|inr,conv_lowtv,frecuencia,0.7891387939453125,-7.771170616149902,conv_lowtv,1,conv_lowtv,1,0.00038884920650161803,0.00038884920650161803
1,kodim09,3,1,dct|had,dct,transformada,0.6919345855712891,-8.887187004089355,dct,1,dct,1,0.00028736592503264546,0.00028736592503264546
1,kodim09,3,2,dct|had,had,transformada,0.016021728515625,-9.08324146270752,had,1,had,1,0.0005574033712036908,0.0005574033712036908
1,kodim09,3,3,dct|had,had,transformada,0.20116806030273438,-8.988965034484863,had,1,had,1,0.0004604667192324996,0.0004604667192324996
1,kodim09,3,4,dct|had,had,transformada,0.0391082763671875,-8.971224784851074,had,1,had,1,0.0002549460041336715,0.0002549460041336715
1,kodim09,3,5,dct|had,had,transformada,0.0067691802978515625,-8.997170448303223,had,1,had,1,0.0002702854690141976,0.0002702854690141976
1,kodim09,3,6,dct|had,had,transformada,0.1954669952392578,-8.867417335510254,had,1,had,1,0.00024053054221440107,0.00024053054221440107
1,kodim09,3,7,dct|had,had,transformada,0.18219757080078125,-8.84768009185791,had,1,had,1,0.00022045742662157863,0.00022045742662157863
1,kodim09,3,8,dct|had,had,transformada,0.2817268371582031,-8.714348793029785,had,1,had,1,0.0001435661397408694,0.0001435661397408694
1,kodim09,4,1,tv2|huber,huber,regularizador,0.3649883270263672,-9.22969913482666,huber,1,huber,1,0.000553990073967725,0.000553990073967725
1,kodim09,4,2,tv2|huber,huber,regularizador,0.44466400146484375,-8.800528526306152,huber,1,huber,1,0.0005112432991154492,0.0005112432991154492
1,kodim09,4,3,tv2|huber,huber,regularizador,0.3758544921875,-8.869963645935059,huber,1,huber,1,0.000757095345761627,0.000757095345761627
1,kodim09,4,4,tv2|huber,huber,regularizador,0.28177833557128906,-8.792521476745605,huber,1,huber,1,0.0008670454262755811,0.0008670454262755811
1,kodim09,4,5,tv2|huber,tv2,regularizador,0.3119525909423828,-8.745200157165527,tv2,1,tv2,1,0.0006614773883484304,0.0006614773883484304
1,kodim09,4,6,tv2|huber,tv2,regularizador,0.452301025390625,-8.567233085632324,tv2,1,tv2,1,0.0006848605116829276,0.0006848605116829276
1,kodim09,4,7,tv2|huber,huber,regularizador,0.4456443786621094,-8.606825828552246,huber,1,huber,1,0.0006476387497968972,0.0006476387497968972
1,kodim09,4,8,tv2|huber,huber,regularizador,0.2436237335205078,-8.720892906188965,huber,1,huber,1,0.0006233001477085054,0.0006233001477085054
1,kodim09,5,1,dct|tv2,dct,transformada,0.3376617431640625,-9.241463661193848,dct,1,dct,1,0.00015520172019023448,0.00015520172019023448
1,kodim09,5,2,dct|tv2,dct,transformada,0.23182296752929688,-9.021422386169434,dct,1,dct,1,0.00030517810955643654,0.00030517810955643654
1,kodim09,5,3,dct|tv2,dct,transformada,0.1766643524169922,-8.964217185974121,dct,1,dct,1,0.0003417206753510982,0.0003417206753510982
1,kodim09,5,4,dct|tv2,dct,transformada,0.053730010986328125,-8.994750022888184,dct,1,dct,1,0.000604574684984982,0.000604574684984982
1,kodim09,5,5,dct|tv2,dct,transformada,0.26700782775878906,-8.79453182220459,dct,1,dct,1,0.00020833082089666277,0.00020833082089666277
1,kodim09,5,6,dct|tv2,dct,transformada,0.2497730255126953,-8.755324363708496,dct,1,dct,1,0.000373622722690925,0.000373622722690925
1,kodim09,5,7,dct|tv2,tv2,regularizador,0.5409049987792969,-8.614117622375488,tv2,1,tv2,1,0.0004824491043109447,0.0004824491043109447
1,kodim09,5,8,dct|tv2,dct,transformada,0.1990680694580078,-8.68457317352295,dct,1,dct,1,0.00023731353576295078,0.00023731353576295078
1,kodim10,0,1,phys|robust,phys,datos,0.33593082427978516,-8.586174964904785,phys,1,phys,1,0.000271486904239282,0.000271486904239282
1,kodim10,0,2,phys|robust,phys,datos,0.21316909790039062,-8.607684135437012,phys,1,phys,1,0.00029110367177054286,0.00029110367177054286
1,kodim10,0,3,phys|robust,phys,datos,0.22348976135253906,-8.472807884216309,phys,1,phys,1,0.0002913349017035216,0.0002913349017035216
1,kodim10,0,4,phys|robust,phys,datos,0.24904823303222656,-8.375540733337402,phys,1,phys,1,0.00016333295207004994,0.00016333295207004994
1,kodim10,0,5,phys|robust,phys,datos,0.2650279998779297,-8.367827415466309,phys,1,phys,1,0.0001645553857088089,0.0001645553857088089
1,kodim10,0,6,phys|robust,phys,datos,0.23591041564941406,-8.351162910461426,phys,1,phys,1,0.0003179583291057497,0.0003179583291057497
1,kodim10,0,7,phys|robust,phys,datos,0.38399505615234375,-8.243685722351074,phys,1,phys,1,0.00013840690371580422,0.00013840690371580422
1,kodim10,0,8,phys|robust,phys,datos,0.22882461547851562,-8.245573997497559,phys,1,phys,1,8.54022364364937e-05,8.54022364364937e-05
1,kodim10,1,1,conv|prox_tv,conv,suavidad,0.6256046295166016,-8.246146202087402,conv,1,conv,1,0.00018407982133794576,0.00018407982133794576
1,kodim10,1,2,conv|prox_tv,conv,suavidad,0.023166656494140625,-8.378167152404785,conv,1,prox_tv,0,0.00037297868402674794,0.00012088860239600763
1,kodim10,1,3,conv|prox_tv,conv,suavidad,0.5298728942871094,-8.030056953430176,conv,1,conv,1,0.00025507810642011464,0.00025507810642011464
1,kodim10,1,4,conv|prox_tv,conv,suavidad,0.4777488708496094,-8.02616024017334,conv,1,conv,1,0.00015043072926346213,0.00015043072926346213
1,kodim10,1,5,conv|prox_tv,conv,suavidad,0.5961627960205078,-7.996212959289551,conv,1,conv,1,0.00022576334595214576,0.00022576334595214576
1,kodim10,1,6,conv|prox_tv,conv,suavidad,0.6793842315673828,-7.887026786804199,conv,1,conv,1,0.00020979571854695678,0.00020979571854695678
1,kodim10,1,7,conv|prox_tv,prox_tv,suavidad,0.6458511352539062,-8.002673149108887,prox_tv,1,prox_tv,1,0.00011716334847733378,0.00011716334847733378
1,kodim10,1,8,conv|prox_tv,prox_tv,suavidad,0.06314277648925781,-8.014531135559082,prox_tv,1,prox_tv,1,6.561142072314397e-05,6.561142072314397e-05
1,kodim10,2,1,conv_lowtv|wavelet|inr,conv_lowtv,frecuencia,0.7076358795166016,-7.55972957611084,conv_lowtv,1,conv_lowtv,1,0.00024624585057608783,0.00024624585057608783
1,kodim10,2,2,conv_lowtv|wavelet|inr,conv_lowtv,frecuencia,0.7826118469238281,-7.459939002990723,conv_lowtv,1,conv_lowtv,1,0.00018870679195970297,0.00018870679195970297
1,kodim10,2,3,conv_lowtv|wavelet|inr,conv_lowtv,frecuencia,1.0316448211669922,-7.198868751525879,conv_lowtv,1,conv_lowtv,1,8.951167546911165e-05,8.951167546911165e-05
1,kodim10,2,4,conv_lowtv|wavelet|inr,conv_lowtv,frecuencia,0.6730155944824219,-7.443598747253418,conv_lowtv,1,conv_lowtv,1,0.00020043790573254228,0.00020043790573254228
1,kodim10,2,5,conv_lowtv|wavelet|inr,conv_lowtv,frecuencia,1.0226325988769531,-7.223254203796387,conv_lowtv,1,conv_lowtv,1,0.0003444845788180828,0.0003444845788180828
1,kodim10,2,6,conv_lowtv|wavelet|inr,conv_lowtv,frecuencia,1.0624561309814453,-7.06020450592041,conv_lowtv,1,conv_lowtv,1,7.900141645222902e-05,7.900141645222902e-05
1,kodim10,2,7,conv_lowtv|wavelet|inr,conv_lowtv,frecuencia,1.0973072052001953,-7.024289131164551,conv_lowtv,1,conv_lowtv,1,4.772933971253224e-05,4.772933971253224e-05
1,kodim10,2,8,conv_lowtv|wavelet|inr,conv_lowtv,frecuencia,0.8310317993164062,-7.28208065032959,conv_lowtv,1,conv_lowtv,1,0.00048792336019687355,0.00048792336019687355
1,kodim10,3,1,dct|had,had,transformada,0.024929046630859375,-8.396042823791504,had,1,had,1,9.388157923240215e-05,9.388157923240215e-05
1,kodim10,3,2,dct|had,had,transformada,0.16236305236816406,-8.250214576721191,had,1,had,1,0.00016973570745903999,0.00016973570745903999
1,kodim10,3,3,dct|had,had,transformada,0.16991043090820312,-8.272446632385254,had,1,had,1,0.0001254308590432629,0.0001254308590432629
1,kodim10,3,4,dct|had,had,transformada,0.04514312744140625,-8.313639640808105,had,1,had,1,0.0002579785359557718,0.0002579785359557718
1,kodim10,3,5,dct|had,dct,transformada,0.5535564422607422,-8.023613929748535,dct,1,dct,1,0.00018960107991006225,0.00018960107991006225
1,kodim10,3,6,dct|had,had,transformada,0.017042160034179688,-8.113425254821777,had,1,had,1,0.0003341345291119069,0.0003341345291119069
1,kodim10,3,7,dct|had,dct,transformada,0.37010955810546875,-8.096871376037598,dct,1,dct,1,0.0002504836593288928,0.0002504836593288928
1,kodim10,3,8,dct|had,dct,transformada,0.5600929260253906,-7.806273460388184,dct,1,dct,1,0.00018880216521210968,0.00018880216521210968
1,kodim10,4,1,tv2|huber,huber,regularizador,0.42154979705810547,-8.4047269821167,huber,1,huber,1,0.00031373556703329086,0.00031373556703329086
1,kodim10,4,2,tv2|huber,huber,regularizador,0.43041419982910156,-8.173396110534668,huber,1,huber,1,0.00039788856520317495,0.00039788856520317495
1,kodim10,4,3,tv2|huber,huber,regularizador,0.3945426940917969,-8.173590660095215,huber,1,huber,1,0.0004598893574438989,0.0004598893574438989
1,kodim10,4,4,tv2|huber,huber,regularizador,0.4188823699951172,-8.137803077697754,huber,1,huber,1,0.00036358583020046353,0.00036358583020046353
1,kodim10,4,5,tv2|huber,huber,regularizador,0.3714008331298828,-8.053875923156738,huber,1,huber,1,0.00030052417423576117,0.00030052417423576117
1,kodim10,4,6,tv2|huber,huber,regularizador,0.5598983764648438,-8.077004432678223,huber,1,huber,1,0.00048015182255767286,0.00048015182255767286
1,kodim10,4,7,tv2|huber,huber,regularizador,0.2739696502685547,-8.1043062210083,huber,1,huber,1,0.0005412295577116311,0.0005412295577116311
1,kodim10,4,8,tv2|huber,huber,regularizador,0.4846210479736328,-7.878888130187988,huber,1,huber,1,0.0003537138400133699,0.0003537138400133699
1,kodim10,5,1,dct|tv2,dct,transformada,0.10256767272949219,-8.598048210144043,dct,1,dct,1,0.0003812444338109344,0.0003812444338109344
1,kodim10,5,2,dct|tv2,dct,transformada,0.10540008544921875,-8.384577751159668,dct,1,dct,1,0.000374171620933339,0.000374171620933339
1,kodim10,5,3,dct|tv2,tv2,regularizador,0.0048675537109375,-8.398207664489746,tv2,1,dct,0,0.0004973983159288764,0.00023823285300750285
1,kodim10,5,4,dct|tv2,dct,transformada,0.13919639587402344,-8.106202125549316,dct,1,dct,1,0.00019448265084065497,0.00019448265084065497
1,kodim10,5,5,dct|tv2,dct,transformada,0.27543067932128906,-8.18338680267334,dct,1,dct,1,0.0002748372498899698,0.0002748372498899698
1,kodim10,5,6,dct|tv2,dct,transformada,0.2090740203857422,-8.155837059020996,dct,1,dct,1,0.00043130124686285853,0.00043130124686285853
1,kodim10,5,7,dct|tv2,dct,transformada,0.22050857543945312,-8.055253028869629,dct,1,dct,1,0.00014681919128634036,0.00014681919128634036
1,kodim10,5,8,dct|tv2,tv2,regularizador,0.5184307098388672,-8.02437686920166,tv2,1,tv2,1,0.0008507358143106103,0.0008507358143106103
1,kodim11,0,1,phys|robust,phys,datos,0.37589263916015625,-8.651517868041992,phys,1,phys,1,0.00032060628291219473,0.00032060628291219473
1,kodim11,0,2,phys|robust,phys,datos,0.06364250183105469,-8.412962913513184,phys,1,phys,1,0.0003000909637194127,0.0003000909637194127
1,kodim11,0,3,phys|robust,phys,datos,0.1822519302368164,-8.00403118133545,phys,1,phys,1,0.0004750960215460509,0.0004750960215460509
1,kodim11,0,4,phys|robust,phys,datos,0.3655862808227539,-7.746067047119141,phys,1,phys,1,0.00026879142387770116,0.00026879142387770116
1,kodim11,0,5,phys|robust,phys,datos,0.24245738983154297,-7.752717971801758,phys,1,phys,1,0.0008869864395819604,0.0008869864395819604
1,kodim11,0,6,phys|robust,phys,datos,0.5362253189086914,-7.655719757080078,phys,1,phys,1,0.00025911329430527985,0.00025911329430527985
1,kodim11,0,7,phys|robust,phys,datos,0.38288211822509766,-7.594451904296875,phys,1,phys,1,0.00039720197673887014,0.00039720197673887014
1,kodim11,0,8,phys|robust,robust,datos,0.02715301513671875,-7.78914737701416,robust,1,phys,0,0.0036087569314986467,0.0014163607265800238
1,kodim11,1,1,conv|prox_tv,prox_tv,suavidad,0.15927886962890625,-8.592802047729492,prox_tv,1,prox_tv,1,0.0002673213020898402,0.0002673213020898402
1,kodim11,1,2,conv|prox_tv,conv,suavidad,0.521061897277832,-7.976949691772461,conv,1,conv,1,0.00035565922735258937,0.00035565922735258937
1,kodim11,1,3,conv|prox_tv,conv,suavidad,0.04586601257324219,-7.941104888916016,conv,1,prox_tv,0,0.0010701778810471296,0.000932463794015348
1,kodim11,1,4,conv|prox_tv,conv,suavidad,0.6175556182861328,-7.473845481872559,conv,1,conv,1,0.0009770996402949095,0.0009770996402949095
1,kodim11,1,5,conv|prox_tv,conv,suavidad,0.5836696624755859,-7.32575798034668,conv,1,conv,1,0.0004165516293141991,0.0004165516293141991
1,kodim11,1,6,conv|prox_tv,prox_tv,suavidad,0.28641605377197266,-7.387199401855469,prox_tv,1,prox_tv,1,0.0005085128941573203,0.0005085128941573203
1,kodim11,1,7,conv|prox_tv,conv,suavidad,0.05914020538330078,-7.46728515625,conv,1,prox_tv,0,0.00036246253876015544,0.0002851156168617308
1,kodim11,1,8,conv|prox_tv,conv,suavidad,0.470733642578125,-7.230574607849121,conv,1,conv,1,0.000474724656669423,0.000474724656669423
1,kodim11,2,1,conv_lowtv|wavelet|inr,conv_lowtv,frecuencia,0.8549013137817383,-7.535201072692871,conv_lowtv,1,conv_lowtv,1,0.00020347510871943086,0.00020347510871943086
1,kodim11,2,2,conv_lowtv|wavelet|inr,conv_lowtv,frecuencia,0.7901086807250977,-7.358803749084473,conv_lowtv,1,conv_lowtv,1,0.0007295322720892727,0.0007295322720892727
1,kodim11,2,3,conv_lowtv|wavelet|inr,conv_lowtv,frecuencia,0.8469772338867188,-6.9179277420043945,conv_lowtv,1,conv_lowtv,1,0.0008660295861773193,0.0008660295861773193
1,kodim11,2,4,conv_lowtv|wavelet|inr,conv_lowtv,frecuencia,0.7180614471435547,-6.802506446838379,conv_lowtv,1,conv_lowtv,1,0.0010546759003773332,0.0010546759003773332
1,kodim11,2,5,conv_lowtv|wavelet|inr,conv_lowtv,frecuencia,0.33822154998779297,-6.949566841125488,conv_lowtv,1,wavelet,0,0.0026768872048705816,0.0018785606371238828
1,kodim11,2,6,conv_lowtv|wavelet|inr,conv_lowtv,frecuencia,0.8901996612548828,-6.609391212463379,conv_lowtv,1,conv_lowtv,1,0.0006114852149039507,0.0006114852149039507
1,kodim11,2,7,conv_lowtv|wavelet|inr,conv_lowtv,frecuencia,0.8660688400268555,-6.466558456420898,conv_lowtv,1,conv_lowtv,1,0.00028978026239201427,0.00028978026239201427
1,kodim11,2,8,conv_lowtv|wavelet|inr,conv_lowtv,frecuencia,0.6836681365966797,-6.531794548034668,conv_lowtv,1,conv_lowtv,1,0.0003672995662782341,0.0003672995662782341
1,kodim11,3,1,dct|had,dct,transformada,0.49922847747802734,-8.406412124633789,dct,1,dct,1,0.00032792682759463787,0.00032792682759463787
1,kodim11,3,2,dct|had,dct,transformada,0.42571544647216797,-7.61834716796875,dct,1,dct,1,0.0005784598179161549,0.0005784598179161549
1,kodim11,3,3,dct|had,had,transformada,0.16782569885253906,-7.492182731628418,had,1,had,1,0.0008097933023236692,0.0008097933023236692
1,kodim11,3,4,dct|had,had,transformada,0.3165760040283203,-7.442381858825684,had,1,had,1,0.0007378794252872467,0.0007378794252872467
1,kodim11,3,5,dct|had,had,transformada,0.15103626251220703,-7.451910972595215,had,1,had,1,0.0005145160830579698,0.0005145160830579698
1,kodim11,3,6,dct|had,dct,transformada,0.6319389343261719,-7.088282585144043,dct,1,dct,1,0.0005751125863753259,0.0005751125863753259
1,kodim11,3,7,dct|had,dct,transformada,0.5912742614746094,-7.079056739807129,dct,1,dct,1,0.0009095674031414092,0.0009095674031414092
1,kodim11,3,8,dct|had,dct,transformada,0.5421857833862305,-7.119117736816406,dct,1,dct,1,0.0012266235426068306,0.0012266235426068306
1,kodim11,4,1,tv2|huber,huber,regularizador,0.4811887741088867,-8.640169143676758,huber,1,huber,1,0.0006141753983683884,0.0006141753983683884
1,kodim11,4,2,tv2|huber,tv2,regularizador,0.3384361267089844,-7.519347190856934,tv2,1,tv2,1,0.0019939239136874676,0.0019939239136874676
1,kodim11,4,3,tv2|huber,huber,regularizador,1.5513734817504883,-7.131379127502441,huber,1,huber,1,0.0009972065454348922,0.0009972065454348922
1,kodim11,4,4,tv2|huber,huber,regularizador,0.47783660888671875,-7.29083251953125,huber,1,huber,1,0.0008914946811273694,0.0008914946811273694
1,kodim11,4,5,tv2|huber,huber,regularizador,0.44796180725097656,-7.337353706359863,huber,1,huber,1,0.0014952771598473191,0.0014952771598473191
1,kodim11,4,6,tv2|huber,huber,regularizador,0.3450632095336914,-7.357387542724609,huber,1,huber,1,0.0016915400046855211,0.0016915400046855211
1,kodim11,4,7,tv2|huber,huber,regularizador,1.0894174575805664,-7.197907447814941,huber,1,huber,1,0.0015048346249386668,0.0015048346249386668
1,kodim11,4,8,tv2|huber,huber,regularizador,0.3149690628051758,-7.292684555053711,huber,1,huber,1,0.0026465270202606916,0.0026465270202606916
1,kodim11,5,1,dct|tv2,tv2,regularizador,0.35959815979003906,-8.865120887756348,tv2,1,tv2,1,0.0015802611596882343,0.0015802611596882343
1,kodim11,5,2,dct|tv2,dct,transformada,0.07938766479492188,-7.521008491516113,dct,1,dct,1,0.0007254420197568834,0.0007254420197568834
1,kodim11,5,3,dct|tv2,dct,transformada,0.3972148895263672,-7.512757301330566,dct,1,dct,1,0.0006510090315714478,0.0006510090315714478
1,kodim11,5,4,dct|tv2,dct,transformada,0.06671142578125,-7.607311248779297,dct,1,dct,1,0.001626825425773859,0.001626825425773859
1,kodim11,5,5,dct|tv2,tv2,regularizador,0.37062835693359375,-7.384856224060059,tv2,1,tv2,1,0.001620598486624658,0.001620598486624658
1,kodim11,5,6,dct|tv2,dct,transformada,0.008104324340820312,-7.419760704040527,dct,1,dct,1,0.0009823361178860068,0.0009823361178860068
1,kodim11,5,7,dct|tv2,dct,transformada,0.18014144897460938,-7.378741264343262,dct,1,dct,1,0.0007112548919394612,0.0007112548919394612
1,kodim11,5,8,dct|tv2,tv2,regularizador,0.03557777404785156,-7.515522003173828,tv2,1,dct,0,0.0019529674900695682,0.0015890070935711265
1,kodim12,0,1,phys|robust,robust,datos,0.2657327651977539,-9.623710632324219,robust,1,phys,0,0.0009362808777950704,0.00011856994387926534
1,kodim12,0,2,phys|robust,robust,datos,0.10948562622070312,-9.633406639099121,robust,1,phys,0,0.0031782707665115595,0.000194316657143645
1,kodim12,0,3,phys|robust,robust,datos,0.30886268615722656,-9.551751136779785,robust,1,phys,0,0.001984124071896076,0.00011420292867114767
1,kodim12,0,4,phys|robust,robust,datos,0.2567939758300781,-9.349776268005371,robust,1,phys,0,0.004283358808606863,0.00012217082257848233
1,kodim12,0,5,phys|robust,robust,datos,0.1945018768310547,-9.203652381896973,robust,1,phys,0,0.005403555929660797,0.00013661247794516385
1,kodim12,0,6,phys|robust,robust,datos,0.17247962951660156,-9.211136817932129,robust,1,phys,0,0.0054069021716713905,0.00015922289458103478
1,kodim12,0,7,phys|robust,phys,datos,0.19778823852539062,-9.164896965026855,phys,1,phys,1,0.0002495325752533972,0.0002495325752533972
1,kodim12,0,8,phys|robust,robust,datos,0.28269386291503906,-9.051844596862793,robust,1,phys,0,0.0004939563805237412,0.00010313329403288662
1,kodim12,1,1,conv|prox_tv,conv,suavidad,0.21220684051513672,-9.544876098632812,conv,1,prox_tv,0,0.00010307829506928101,0.00010167223808821291
1,kodim12,1,2,conv|prox_tv,prox_tv,suavidad,0.11470222473144531,-9.355414390563965,prox_tv,1,prox_tv,1,9.056049020728096e-05,9.056049020728096e-05
1,kodim12,1,3,conv|prox_tv,prox_tv,suavidad,0.4066028594970703,-9.198431968688965,prox_tv,1,prox_tv,1,9.725609561428428e-05,9.725609561428428e-05
1,kodim12,1,4,conv|prox_tv,prox_tv,suavidad,0.24521446228027344,-9.013737678527832,prox_tv,1,prox_tv,1,5.3862309869145975e-05,5.3862309869145975e-05
1,kodim12,1,5,conv|prox_tv,conv,suavidad,0.6969375610351562,-8.821049690246582,conv,1,conv,1,6.406993634300306e-05,6.406993634300306e-05
1,kodim12,1,6,conv|prox_tv,conv,suavidad,0.8644275665283203,-8.67836856842041,conv,1,conv,1,4.4573931518243626e-05,4.4573931518243626e-05
1,kodim12,1,7,conv|prox_tv,conv,suavidad,0.7103710174560547,-8.60814380645752,conv,1,conv,1,3.455199839663692e-05,3.455199839663692e-05
1,kodim12,1,8,conv|prox_tv,conv,suavidad,0.5415210723876953,-8.758810997009277,conv,1,conv,1,4.5367254642769694e-05,4.5367254642769694e-05
1,kodim12,2,1,conv_lowtv|wavelet|inr,conv_lowtv,frecuencia,0.9594192504882812,-8.606390953063965,conv_lowtv,1,conv_lowtv,1,7.357764116022736e-05,7.357764116022736e-05
1,kodim12,2,2,conv_lowtv|wavelet|inr,conv_lowtv,frecuencia,1.2500782012939453,-8.135136604309082,conv_lowtv,1,conv_lowtv,1,9.203868103213608e-05,9.203868103213608e-05
1,kodim12,2,3,conv_lowtv|wavelet|inr,conv_lowtv,frecuencia,0.9459056854248047,-8.214573860168457,conv_lowtv,1,conv_lowtv,1,4.977608114131726e-05,4.977608114131726e-05
1,kodim12,2,4,conv_lowtv|wavelet|inr,conv_lowtv,frecuencia,1.1712188720703125,-8.009842872619629,conv_lowtv,1,conv_lowtv,1,5.4176460253074765e-05,5.4176460253074765e-05
1,kodim12,2,5,conv_lowtv|wavelet|inr,conv_lowtv,frecuencia,1.0977039337158203,-7.803105354309082,conv_lowtv,1,conv_lowtv,1,4.392506161821075e-05,4.392506161821075e-05
1,kodim12,2,6,conv_lowtv|wavelet|inr,conv_lowtv,frecuencia,0.9194564819335938,-7.881314277648926,conv_lowtv,1,conv_lowtv,1,7.641450793016702e-05,7.641450793016702e-05
1,kodim12,2,7,conv_lowtv|wavelet|inr,conv_lowtv,frecuencia,0.9109611511230469,-8.023938179016113,conv_lowtv,1,conv_lowtv,1,7.712330261711031e-05,7.712330261711031e-05
1,kodim12,2,8,conv_lowtv|wavelet|inr,conv_lowtv,frecuencia,1.0699939727783203,-7.6148786544799805,conv_lowtv,1,conv_lowtv,1,3.31837945850566e-05,3.31837945850566e-05
1,kodim12,3,1,dct|had,had,transformada,0.5344066619873047,-9.243929862976074,had,1,had,1,0.00010325405310140923,0.00010325405310140923
1,kodim12,3,2,dct|had,dct,transformada,0.3567180633544922,-9.3342866897583,dct,1,dct,1,5.78053695790004e-05,5.78053695790004e-05
1,kodim12,3,3,dct|had,dct,transformada,0.6077995300292969,-9.082146644592285,dct,1,dct,1,5.520235936273821e-05,5.520235936273821e-05
1,kodim12,3,4,dct|had,had,transformada,0.3116588592529297,-9.011534690856934,had,1,had,1,7.632283086422831e-05,7.632283086422831e-05
1,kodim12,3,5,dct|had,had,transformada,0.10701942443847656,-9.36031436920166,had,1,had,1,8.658440492581576e-05,8.658440492581576e-05
1,kodim12,3,6,dct|had,had,transformada,0.07893562316894531,-9.29112720489502,had,1,had,1,5.879788295715116e-05,5.879788295715116e-05
1,kodim12,3,7,dct|had,dct,transformada,2.623241424560547,-8.396031379699707,dct,1,dct,1,7.329133222810924e-05,7.329133222810924e-05
1,kodim12,3,8,dct|had,dct,transformada,0.10712432861328125,-9.076214790344238,dct,1,had,0,8.14412342151627e-05,5.70135198358912e-05
1,kodim12,4,1,tv2|huber,huber,regularizador,0.2146778106689453,-9.583708763122559,huber,1,huber,1,0.0001483200758229941,0.0001483200758229941
1,kodim12,4,2,tv2|huber,huber,regularizador,0.3840827941894531,-9.350153923034668,huber,1,huber,1,0.00018624395306687802,0.00018624395306687802
1,kodim12,4,3,tv2|huber,huber,regularizador,0.5775337219238281,-9.242789268493652,huber,1,huber,1,0.00028578421915881336,0.00028578421915881336
1,kodim12,4,4,tv2|huber,huber,regularizador,0.3053436279296875,-9.310786247253418,huber,1,huber,1,8.40137799968943e-05,8.40137799968943e-05
1,kodim12,4,5,tv2|huber,huber,regularizador,0.49194908142089844,-9.24707317352295,huber,1,huber,1,0.00010084210225613788,0.00010084210225613788
1,kodim12,4,6,tv2|huber,huber,regularizador,0.29232215881347656,-9.305241584777832,huber,1,huber,1,0.00018608159734867513,0.00018608159734867513
1,kodim12,4,7,tv2|huber,huber,regularizador,0.4259929656982422,-9.116776466369629,huber,1,huber,1,0.00019459317263681442,0.00019459317263681442
1,kodim12,4,8,tv2|huber,huber,regularizador,0.3854255676269531,-9.17858600616455,huber,1,huber,1,0.00013739796122536063,0.00013739796122536063
1,kodim12,5,1,dct|tv2,dct,transformada,0.7320785522460938,-9.487667083740234,dct,1,dct,1,7.3022507422138e-05,7.3022507422138e-05
1,kodim12,5,2,dct|tv2,dct,transformada,0.1485118865966797,-9.331202507019043,dct,1,dct,1,7.023543730610982e-05,7.023543730610982e-05
1,kodim12,5,3,dct|tv2,dct,transformada,0.3165760040283203,-9.317368507385254,dct,1,dct,1,7.036417810013518e-05,7.036417810013518e-05
1,kodim12,5,4,dct|tv2,dct,transformada,0.4029254913330078,-9.407780647277832,dct,1,dct,1,6.1225269746501e-05,6.1225269746501e-05
1,kodim12,5,5,dct|tv2,dct,transformada,0.22787094116210938,-9.282269477844238,dct,1,dct,1,3.835572715615854e-05,3.835572715615854e-05
1,kodim12,5,6,dct|tv2,dct,transformada,0.3018913269042969,-9.159489631652832,dct,1,dct,1,5.2819508709944785e-05,5.2819508709944785e-05
1,kodim12,5,7,dct|tv2,tv2,regularizador,0.5101242065429688,-9.023638725280762,tv2,1,tv2,1,0.0001043977026711218,0.0001043977026711218
1,kodim12,5,8,dct|tv2,tv2,regularizador,0.016765594482421875,-9.214739799499512,tv2,1,dct,0,0.000149840721860528,0.00012147850065957755
2,kodim01,0,1,phys|robust,robust,datos,0.035980224609375,-18.979618072509766,robust,1,phys,0,0.0020501045510172844,0.0004023102519568056
2,kodim01,0,2,phys|robust,phys,datos,0.12078094482421875,-18.936264038085938,phys,1,phys,1,0.0007971732993610203,0.0007971732993610203
2,kodim01,0,3,phys|robust,phys,datos,0.25567054748535156,-18.794736862182617,phys,1,phys,1,0.00012496679846663028,0.00012496679846663028
2,kodim01,0,4,phys|robust,robust,datos,0.018524169921875,-18.79279327392578,robust,1,phys,0,0.0006487577338702977,0.00038998216041363776
2,kodim01,0,5,phys|robust,phys,datos,0.05437660217285156,-18.817102432250977,phys,1,phys,1,0.00014475603529717773,0.00014475603529717773
2,kodim01,0,6,phys|robust,phys,datos,0.08557319641113281,-18.781150817871094,phys,1,phys,1,0.0001088561475626193,0.0001088561475626193
2,kodim01,0,7,phys|robust,phys,datos,0.15437698364257812,-18.8277587890625,phys,1,phys,1,8.144351886585355e-05,8.144351886585355e-05
2,kodim01,0,8,phys|robust,robust,datos,0.118865966796875,-18.842666625976562,robust,1,phys,0,0.000610317278187722,0.00025794500834308565
2,kodim01,1,1,conv|prox_tv,conv,suavidad,0.43994712829589844,-19.055702209472656,conv,1,prox_tv,0,0.0004329968069214374,0.0003443109744694084
2,kodim01,1,2,conv|prox_tv,conv,suavidad,0.6194705963134766,-18.892549514770508,conv,1,conv,1,0.0001541336387163028,0.0001541336387163028
2,kodim01,1,3,conv|prox_tv,conv,suavidad,0.7428131103515625,-18.816539764404297,conv,1,conv,1,0.00010275578097207472,0.00010275578097207472
2,kodim01,1,4,conv|prox_tv,conv,suavidad,0.7125892639160156,-18.729564666748047,conv,1,conv,1,7.883000216679648e-05,7.883000216679648e-05
2,kodim01,1,5,conv|prox_tv,conv,suavidad,0.5785007476806641,-18.88048553466797,conv,1,prox_tv,0,0.0002029198658419773,0.00012812095519620925
2,kodim01,1,6,conv|prox_tv,conv,suavidad,0.6601886749267578,-18.838821411132812,conv,1,conv,1,0.0001489760325057432,0.0001489760325057432
2,kodim01,1,7,conv|prox_tv,conv,suavidad,0.7300338745117188,-18.764034271240234,conv,1,conv,1,0.00019003589113708586,0.00019003589113708586
2,kodim01,1,8,conv|prox_tv,conv,suavidad,0.5851345062255859,-18.82017707824707,conv,1,conv,1,0.00014324251969810575,0.00014324251969810575
2,kodim01,2,1,conv_lowtv|wavelet|inr,conv_lowtv,frecuencia,0.3464469909667969,-18.90502166748047,conv_lowtv,1,conv_lowtv,1,0.00034675351344048977,0.00034675351344048977
2,kodim01,2,2,conv_lowtv|wavelet|inr,conv_lowtv,frecuencia,0.4223194122314453,-18.964719772338867,conv_lowtv,1,conv_lowtv,1,0.00013784664042759687,0.00013784664042759687
2,kodim01,2,3,conv_lowtv|wavelet|inr,conv_lowtv,frecuencia,0.4619178771972656,-18.844369888305664,conv_lowtv,1,conv_lowtv,1,0.00015590095426887274,0.00015590095426887274
2,kodim01,2,4,conv_lowtv|wavelet|inr,conv_lowtv,frecuencia,0.35811424255371094,-18.90009307861328,conv_lowtv,1,conv_lowtv,1,0.0002972892252728343,0.0002972892252728343
2,kodim01,2,5,conv_lowtv|wavelet|inr,conv_lowtv,frecuencia,0.5469493865966797,-18.839021682739258,conv_lowtv,1,conv_lowtv,1,0.00020544436119962484,0.00020544436119962484
2,kodim01,2,6,conv_lowtv|wavelet|inr,conv_lowtv,frecuencia,0.5048770904541016,-18.789884567260742,conv_lowtv,1,conv_lowtv,1,0.00011879566591233015,0.00011879566591233015
2,kodim01,2,7,conv_lowtv|wavelet|inr,conv_lowtv,frecuencia,0.5894622802734375,-18.77437973022461,conv_lowtv,1,conv_lowtv,1,8.975212404038757e-05,8.975212404038757e-05
2,kodim01,2,8,conv_lowtv|wavelet|inr,conv_lowtv,frecuencia,0.5885162353515625,-18.801908493041992,conv_lowtv,1,conv_lowtv,1,9.558457531966269e-05,9.558457531966269e-05
2,kodim01,3,1,dct|had,had,transformada,0.1344776153564453,-18.85449981689453,had,1,had,1,0.00011235886631766334,0.00011235886631766334
2,kodim01,3,2,dct|had,dct,transformada,0.039356231689453125,-18.899261474609375,dct,1,had,0,0.00015299841470550746,0.00014564355660695583
2,kodim01,3,3,dct|had,had,transformada,0.39482879638671875,-18.823928833007812,had,1,had,1,0.0002571043442003429,0.0002571043442003429
2,kodim01,3,4,dct|had,dct,transformada,0.26419830322265625,-18.845619201660156,dct,1,dct,1,0.00010303563612978905,0.00010303563612978905
2,kodim01,3,5,dct|had,dct,transformada,0.3188133239746094,-18.764556884765625,dct,1,dct,1,0.00011825226829387248,0.00011825226829387248
2,kodim01,3,6,dct|had,dct,transformada,0.181549072265625,-18.81500244140625,dct,1,dct,1,0.00020209229842294008,0.00020209229842294008
2,kodim01,3,7,dct|had,dct,transformada,0.15372467041015625,-18.909225463867188,dct,1,dct,1,0.000436063768574968,0.000436063768574968
2,kodim01,3,8,dct|had,dct,transformada,0.017671585083007812,-18.9484806060791,dct,1,had,0,0.00047468143748119473,0.00019232630438636988
2,kodim01,4,1,tv2|huber,tv2,regularizador,0.2516632080078125,-18.916336059570312,tv2,1,tv2,1,0.0006728281732648611,0.0006728281732648611
2,kodim01,4,2,tv2|huber,tv2,regularizador,0.18309974670410156,-18.729862213134766,tv2,1,huber,0,0.0013103540986776352,0.0005317475879564881
2,kodim01,4,3,tv2|huber,tv2,regularizador,0.2947826385498047,-18.62468719482422,tv2,1,huber,0,0.0008376309997402132,0.0006391759379766881
2,kodim01,4,4,tv2|huber,tv2,regularizador,0.08889389038085938,-18.794647216796875,tv2,1,huber,0,0.0012508771615102887,0.0004962727543897927
2,kodim01,4,5,tv2|huber,tv2,regularizador,0.2927703857421875,-18.730545043945312,tv2,1,huber,0,0.0007288073538802564,0.0007055579917505383
2,kodim01,4,6,tv2|huber,tv2,regularizador,0.4441642761230469,-18.656909942626953,tv2,1,tv2,1,0.000781172071583569,0.000781172071583569
2,kodim01,4,7,tv2|huber,tv2,regularizador,0.1847400665283203,-18.76905632019043,tv2,1,huber,0,0.0008666583453305066,0.0004016928724013269
2,kodim01,4,8,tv2|huber,tv2,regularizador,0.3481178283691406,-18.65648078918457,tv2,1,huber,0,0.0007176934741437435,0.00046394465607590973
2,kodim01,5,1,dct|tv2,tv2,regularizador,0.19370460510253906,-18.966552734375,tv2,1,dct,0,0.0005661601899191737,0.0003485695633571595
2,kodim01,5,2,dct|tv2,tv2,regularizador,0.2155590057373047,-18.781219482421875,tv2,1,dct,0,0.0013693382497876883,0.00011879397061420605
2,kodim01,5,3,dct|tv2,tv2,regularizador,0.3269481658935547,-18.749919891357422,tv2,1,tv2,1,0.0007637730450369418,0.0007637730450369418
2,kodim01,5,4,dct|tv2,tv2,regularizador,0.07684707641601562,-18.874187469482422,tv2,1,dct,0,0.0015802134294062853,0.00028537510661408305
2,kodim01,5,5,dct|tv2,tv2,regularizador,0.14370155334472656,-18.799057006835938,tv2,1,dct,0,0.0008062536362558603,0.0002464694553054869
2,kodim01,5,6,dct|tv2,tv2,regularizador,0.27785301208496094,-18.70492172241211,tv2,1,dct,0,0.000702958379406482,0.0003773937642108649
2,kodim01,5,7,dct|tv2,tv2,regularizador,0.1445789337158203,-18.85799789428711,tv2,1,dct,0,0.0010315936524420977,0.0002879684616345912
2,kodim01,5,8,dct|tv2,tv2,regularizador,0.18968772888183594,-18.878768920898438,tv2,1,dct,0,0.0010992379393428564,0.0002897853555623442
2,kodim02,0,1,phys|robust,phys,datos,0.0205841064453125,-17.177730560302734,phys,1,phys,1,0.00022546245600096881,0.00022546245600096881
2,kodim02,0,2,phys|robust,phys,datos,0.0205535888671875,-16.626354217529297,phys,1,phys,1,0.0008430206798948348,0.0008430206798948348
2,kodim02,0,3,phys|robust,phys,datos,0.3653888702392578,-16.20466423034668,phys,1,phys,1,0.00018656351312529296,0.00018656351312529296
2,kodim02,0,4,phys|robust,robust,datos,0.028711318969726562,-16.20028305053711,robust,1,phys,0,0.002160230651497841,0.00010862523777177557
2,kodim02,0,5,phys|robust,phys,datos,0.07731437683105469,-16.05845069885254,phys,1,phys,1,0.00018771440954878926,0.00018771440954878926
2,kodim02,0,6,phys|robust,phys,datos,1.1927986145019531,-15.74393081665039,phys,1,phys,1,0.00012083499314030632,0.00012083499314030632
2,kodim02,0,7,phys|robust,phys,datos,0.11443901062011719,-16.140960693359375,phys,1,phys,1,0.00012436593533493578,0.00012436593533493578
2,kodim02,0,8,phys|robust,phys,datos,0.22394752502441406,-16.112422943115234,phys,1,phys,1,0.00034971284912899137,0.00034971284912899137
2,kodim02,1,1,conv|prox_tv,conv,suavidad,0.6417636871337891,-17.13425636291504,conv,1,conv,1,0.0002373431925661862,0.0002373431925661862
2,kodim02,1,2,conv|prox_tv,conv,suavidad,0.6754817962646484,-16.49793815612793,conv,1,conv,1,0.00019929060363210738,0.00019929060363210738
2,kodim02,1,3,conv|prox_tv,conv,suavidad,0.8602218627929688,-16.070283889770508,conv,1,conv,1,0.00010438249591970816,0.00010438249591970816
2,kodim02,1,4,conv|prox_tv,conv,suavidad,0.6190967559814453,-16.105331420898438,conv,1,prox_tv,0,0.000180612740223296,0.00015981888282112777
2,kodim02,1,5,conv|prox_tv,conv,suavidad,0.6128139495849609,-16.036815643310547,conv,1,conv,1,6.912646495038643e-05,6.912646495038643e-05
2,kodim02,1,6,conv|prox_tv,conv,suavidad,0.6809883117675781,-15.862499237060547,conv,1,conv,1,3.7634748878190294e-05,3.7634748878190294e-05
2,kodim02,1,7,conv|prox_tv,conv,suavidad,0.761505126953125,-15.840373992919922,conv,1,conv,1,5.386046177591197e-05,5.386046177591197e-05
2,kodim02,1,8,conv|prox_tv,conv,suavidad,0.4468364715576172,-15.958492279052734,conv,1,prox_tv,0,5.9804850025102496e-05,4.8367401177529246e-05
2,kodim02,2,1,conv_lowtv|wavelet|inr,conv_lowtv,frecuencia,0.0888671875,-17.079212188720703,conv_lowtv,1,conv_lowtv,1,0.0004102732928004116,0.0004102732928004116
2,kodim02,2,2,conv_lowtv|wavelet|inr,conv_lowtv,frecuencia,0.2793693542480469,-16.487890243530273,conv_lowtv,1,conv_lowtv,1,0.0001563127589179203,0.0001563127589179203
2,kodim02,2,3,conv_lowtv|wavelet|inr,conv_lowtv,frecuencia,0.1678009033203125,-16.181190490722656,conv_lowtv,1,conv_lowtv,1,0.0002840564411599189,0.0002840564411599189
2,kodim02,2,4,conv_lowtv|wavelet|inr,conv_lowtv,frecuencia,0.2644615173339844,-16.080259323120117,conv_lowtv,1,conv_lowtv,1,9.736104402691126e-05,9.736104402691126e-05
2,kodim02,2,5,conv_lowtv|wavelet|inr,conv_lowtv,frecuencia,0.263946533203125,-16.088342666625977,conv_lowtv,1,conv_lowtv,1,0.00014905394345987588,0.00014905394345987588
2,kodim02,2,6,conv_lowtv|wavelet|inr,conv_lowtv,frecuencia,0.3613128662109375,-16.06623649597168,conv_lowtv,1,conv_lowtv,1,0.00021590331743936986,0.00021590331743936986
2,kodim02,2,7,conv_lowtv|wavelet|inr,wavelet,frecuencia,0.49570465087890625,-16.11922264099121,wavelet,1,conv_lowtv,0,0.0010853634448722005,0.000830027973279357
2,kodim02,2,8,conv_lowtv|wavelet|inr,wavelet,frecuencia,0.2989521026611328,-15.999893188476562,wavelet,1,conv_lowtv,0,0.0008006583666428924,0.0005302551435306668
2,kodim02,3,1,dct|had,dct,transformada,0.1473217010498047,-17.188940048217773,dct,1,dct,1,0.00032604418811388314,0.00032604418811388314
2,kodim02,3,2,dct|had,had,transformada,0.627685546875,-16.312963485717773,had,1,dct,0,0.0009741202811710536,0.0009282872779294848
2,kodim02,3,3,dct|had,had,transformada,0.5906448364257812,-15.995616912841797,had,1,had,1,0.0004032871511299163,0.0004032871511299163
2,kodim02,3,4,dct|had,had,transformada,0.2385406494140625,-15.999818801879883,had,1,had,1,0.00020682202011812478,0.00020682202011812478
2,kodim02,3,5,dct|had,had,transformada,0.03711891174316406,-15.930179595947266,had,1,had,1,0.00013839321036357433,0.00013839321036357433
2,kodim02,3,6,dct|had,dct,transformada,0.2239055633544922,-15.877082824707031,dct,1,dct,1,0.00022695519146509469,0.00022695519146509469
2,kodim02,3,7,dct|had,dct,transformada,0.2973747253417969,-15.827983856201172,dct,1,dct,1,9.579714242136106e-05,9.579714242136106e-05
2,kodim02,3,8,dct|had,dct,transformada,0.07448959350585938,-16.022994995117188,dct,1,had,0,0.0003377983230166137,0.00014252073015086353
2,kodim02,4,1,tv2|huber,tv2,regularizador,0.08638572692871094,-17.387556076049805,tv2,1,huber,0,0.0006265072734095156,0.0005383389652706683
2,kodim02,4,2,tv2|huber,tv2,regularizador,0.07991409301757812,-16.186431884765625,tv2,1,huber,0,0.0013373782858252525,0.0004979997756890953
2,kodim02,4,3,tv2|huber,tv2,regularizador,0.3707256317138672,-15.966634750366211,tv2,1,tv2,1,0.0002921387495007366,0.0002921387495007366
2,kodim02,4,4,tv2|huber,tv2,regularizador,0.5892505645751953,-15.764490127563477,tv2,1,tv2,1,0.00030554301338270307,0.00030554301338270307
2,kodim02,4,5,tv2|huber,tv2,regularizador,0.2289600372314453,-15.876108169555664,tv2,1,huber,0,0.0003640229697339237,0.00031510935514234006
2,kodim02,4,6,tv2|huber,tv2,regularizador,0.15665817260742188,-16.03497314453125,tv2,1,huber,0,0.0004553405160550028,0.00034842200693674386
2,kodim02,4,7,tv2|huber,tv2,regularizador,0.4230003356933594,-15.785236358642578,tv2,1,tv2,1,0.0003057123103644699,0.0003057123103644699
2,kodim02,4,8,tv2|huber,tv2,regularizador,0.9161968231201172,-15.731298446655273,tv2,1,tv2,1,0.0003904501791112125,0.0003904501791112125
2,kodim02,5,1,dct|tv2,dct,transformada,0.0064411163330078125,-17.337026596069336,dct,1,dct,1,0.0002587029302958399,0.0002587029302958399
2,kodim02,5,2,dct|tv2,tv2,regularizador,0.4521503448486328,-16.27666473388672,tv2,1,tv2,1,0.0007257079123519361,0.0007257079123519361
2,kodim02,5,3,dct|tv2,tv2,regularizador,0.159912109375,-16.08541488647461,tv2,1,dct,0,0.0009001435246318579,0.0003422153531573713
2,kodim02,5,4,dct|tv2,tv2,regularizador,0.06265449523925781,-16.097095489501953,tv2,1,dct,0,0.0009696984197944403,0.0001646125892875716
2,kodim02,5,5,dct|tv2,tv2,regularizador,0.21264076232910156,-16.002017974853516,tv2,1,dct,0,0.0005888757877983153,0.0002477698726579547
2,kodim02,5,6,dct|tv2,tv2,regularizador,2.8031673431396484,-15.347143173217773,tv2,1,tv2,1,0.0007997224456630647,0.0007997224456630647
2,kodim02,5,7,dct|tv2,tv2,regularizador,0.1446533203125,-16.768966674804688,tv2,1,dct,0,0.002783959498628974,0.001476953038945794
2,kodim02,5,8,dct|tv2,tv2,regularizador,0.13447952270507812,-16.062631607055664,tv2,1,dct,0,0.0008910660399124026,0.00021700332581531256
2,kodim03,0,1,phys|robust,robust,datos,0.23791122436523438,-20.14043426513672,robust,1,phys,0,0.002258402295410633,0.0001323665346717462
2,kodim03,0,2,phys|robust,robust,datos,0.46384239196777344,-19.52682876586914,robust,1,phys,0,0.005446146242320538,0.00038476279587484896
2,kodim03,0,3,phys|robust,robust,datos,0.11514854431152344,-19.189491271972656,robust,1,phys,0,0.001918868045322597,0.0002043064741883427
2,kodim03,0,4,phys|robust,robust,datos,0.097442626953125,-18.61477279663086,robust,1,phys,0,0.0029094330966472626,0.00014788637054152787
2,kodim03,0,5,phys|robust,robust,datos,0.30718421936035156,-18.661487579345703,robust,1,phys,0,0.007138549350202084,0.0002552485093474388
2,kodim03,0,6,phys|robust,robust,datos,0.2763690948486328,-18.112802505493164,robust,1,phys,0,0.0036861635744571686,0.00014812468725722283
2,kodim03,0,7,phys|robust,robust,datos,0.22575759887695312,-17.820316314697266,robust,1,phys,0,0.0036476983223110437,9.003625018522143e-05
2,kodim03,0,8,phys|robust,robust,datos,0.19719696044921875,-17.831039428710938,robust,1,phys,0,0.005210613366216421,0.0001326330821029842
2,kodim03,1,1,conv|prox_tv,conv,suavidad,1.0320606231689453,-20.09739875793457,conv,1,conv,1,0.00017284115892834961,0.00017284115892834961
2,kodim03,1,2,conv|prox_tv,conv,suavidad,0.3749542236328125,-19.35555648803711,conv,1,prox_tv,0,0.00019147113198414445,0.00011140225251438096
2,kodim03,1,3,conv|prox_tv,conv,suavidad,0.7182846069335938,-18.77863311767578,conv,1,prox_tv,0,0.00015431808424182236,0.00013255103840492666
2,kodim03,1,4,conv|prox_tv,conv,suavidad,0.4252891540527344,-18.874500274658203,conv,1,prox_tv,0,0.00021084600302856416,0.00016565555415581912
2,kodim03,1,5,conv|prox_tv,conv,suavidad,0.6948337554931641,-18.078428268432617,conv,1,conv,1,5.1750386774074286e-05,5.1750386774074286e-05
2,kodim03,1,6,conv|prox_tv,conv,suavidad,0.6822090148925781,-18.024612426757812,conv,1,conv,1,5.081104609416798e-05,5.081104609416798e-05
2,kodim03,1,7,conv|prox_tv,conv,suavidad,0.6323184967041016,-17.84476661682129,conv,1,conv,1,4.5965723984409124e-05,4.5965723984409124e-05
2,kodim03,1,8,conv|prox_tv,conv,suavidad,0.4159393310546875,-18.171550750732422,conv,1,prox_tv,0,0.00011832701420644298,5.6325170589843765e-05
2,kodim03,2,1,conv_lowtv|wavelet|inr,conv_lowtv,frecuencia,1.1884307861328125,-20.45555877685547,conv_lowtv,1,conv_lowtv,1,0.0002020376268774271,0.0002020376268774271
2,kodim03,2,2,conv_lowtv|wavelet|inr,conv_lowtv,frecuencia,0.702667236328125,-19.793498992919922,conv_lowtv,1,conv_lowtv,1,0.00013588019646704197,0.00013588019646704197
2,kodim03,2,3,conv_lowtv|wavelet|inr,conv_lowtv,frecuencia,0.35282135009765625,-19.46776580810547,conv_lowtv,1,conv_lowtv,1,0.00013799760199617594,0.00013799760199617594
2,kodim03,2,4,conv_lowtv|wavelet|inr,conv_lowtv,frecuencia,0.6424541473388672,-18.62192726135254,conv_lowtv,1,conv_lowtv,1,7.937585905892774e-05,7.937585905892774e-05
2,kodim03,2,5,conv_lowtv|wavelet|inr,conv_lowtv,frecuencia,0.9899749755859375,-18.311519622802734,conv_lowtv,1,conv_lowtv,1,9.356514783576131e-05,9.356514783576131e-05
2,kodim03,2,6,conv_lowtv|wavelet|inr,conv_lowtv,frecuencia,0.46430206298828125,-18.191635131835938,conv_lowtv,1,conv_lowtv,1,9.636642062105238e-05,9.636642062105238e-05
2,kodim03,2,7,conv_lowtv|wavelet|inr,conv_lowtv,frecuencia,0.9770412445068359,-17.727767944335938,conv_lowtv,1,conv_lowtv,1,6.060184023226611e-05,6.060184023226611e-05
2,kodim03,2,8,conv_lowtv|wavelet|inr,conv_lowtv,frecuencia,0.6881942749023438,-17.831188201904297,conv_lowtv,1,conv_lowtv,1,7.108947465894744e-05,7.108947465894744e-05
2,kodim03,3,1,dct|had,dct,transformada,0.11945152282714844,-20.675472259521484,dct,1,had,0,0.0003221598162781447,0.0003120774053968489
2,kodim03,3,2,dct|had,dct,transformada,0.06076812744140625,-18.652347564697266,dct,1,dct,1,0.0001952101447386667,0.0001952101447386667
2,kodim03,3,3,dct|had,dct,transformada,0.47052764892578125,-17.525840759277344,dct,1,dct,1,0.00015134664135985076,0.00015134664135985076
2,kodim03,3,4,dct|had,dct,transformada,0.10659980773925781,-17.424646377563477,dct,1,dct,1,6.82840691297315e-05,6.82840691297315e-05
2,kodim03,3,5,dct|had,dct,transformada,0.14825057983398438,-17.593982696533203,dct,1,dct,1,0.0003413648228161037,0.0003413648228161037
2,kodim03,3,6,dct|had,had,transformada,0.018125534057617188,-17.470108032226562,had,1,had,1,8.378429629374295e-05,8.378429629374295e-05
2,kodim03,3,7,dct|had,dct,transformada,0.2722339630126953,-17.26972198486328,dct,1,dct,1,8.944789442466572e-05,8.944789442466572e-05
2,kodim03,3,8,dct|had,had,transformada,0.02997589111328125,-17.35177993774414,had,1,had,1,6.121669139247388e-05,6.121669139247388e-05
2,kodim03,4,1,tv2|huber,huber,regularizador,0.1326465606689453,-20.53316879272461,huber,1,huber,1,0.00023550278274342418,0.00023550278274342418
2,kodim03,4,2,tv2|huber,tv2,regularizador,0.02024078369140625,-18.04050064086914,tv2,1,huber,0,0.0003184993111062795,0.00019422506738919765
2,kodim03,4,3,tv2|huber,tv2,regularizador,0.21656417846679688,-17.589628219604492,tv2,1,huber,0,0.0004031063290312886,0.0001577780640218407
2,kodim03,4,4,tv2|huber,tv2,regularizador,0.32855224609375,-17.34318733215332,tv2,1,tv2,1,0.0002203463955083862,0.0002203463955083862
2,kodim03,4,5,tv2|huber,tv2,regularizador,0.2574958801269531,-17.4661865234375,tv2,1,tv2,1,0.0001840275654103607,0.0001840275654103607
2,kodim03,4,6,tv2|huber,tv2,regularizador,0.03319549560546875,-17.647653579711914,tv2,1,huber,0,0.0002388203574810177,0.0001488998532295227
2,kodim03,4,7,tv2|huber,tv2,regularizador,0.09813880920410156,-17.579965591430664,tv2,1,huber,0,0.0002882302214857191,0.00014868524158373475
2,kodim03,4,8,tv2|huber,tv2,regularizador,0.193084716796875,-17.489402770996094,tv2,1,huber,0,0.00030615783180110157,0.00015387244638986886
2,kodim03,5,1,dct|tv2,dct,transformada,0.4610328674316406,-20.52814483642578,dct,1,dct,1,0.00018567028746474534,0.00018567028746474534
2,kodim03,5,2,dct|tv2,dct,transformada,0.14563751220703125,-18.855388641357422,dct,1,dct,1,0.00013087852858006954,0.00013087852858006954
2,kodim03,5,3,dct|tv2,dct,transformada,0.10439682006835938,-18.004894256591797,dct,1,dct,1,8.226643694797531e-05,8.226643694797531e-05
2,kodim03,5,4,dct|tv2,dct,transformada,0.5335216522216797,-17.659334182739258,dct,1,dct,1,7.321911834878847e-05,7.321911834878847e-05
2,kodim03,5,5,dct|tv2,dct,transformada,0.06131744384765625,-17.689857482910156,dct,1,dct,1,8.125593012664467e-05,8.125593012664467e-05
2,kodim03,5,6,dct|tv2,tv2,regularizador,0.14987945556640625,-17.609359741210938,tv2,1,dct,0,0.00026854698080569506,0.00013930615386925638
2,kodim03,5,7,dct|tv2,tv2,regularizador,0.20084762573242188,-17.60485076904297,tv2,1,dct,0,0.00034670718014240265,0.00018301507225260139
2,kodim03,5,8,dct|tv2,tv2,regularizador,0.4673748016357422,-17.428220748901367,tv2,1,dct,0,0.00019524520030245185,0.00010859921894734725
2,kodim04,0,1,phys|robust,robust,datos,0.21451759338378906,-18.87779998779297,robust,1,phys,0,0.0036266373936086893,0.0002855852071661502
2,kodim04,0,2,phys|robust,robust,datos,0.4708690643310547,-18.474639892578125,robust,1,phys,0,0.007011364214122295,0.0004697010444942862
2,kodim04,0,3,phys|robust,phys,datos,0.059261322021484375,-17.698406219482422,phys,1,phys,1,0.00016539411444682628,0.00016539411444682628
2,kodim04,0,4,phys|robust,phys,datos,0.2719097137451172,-17.04082489013672,phys,1,phys,1,0.00012910105579067022,0.00012910105579067022
2,kodim04,0,5,phys|robust,robust,datos,0.09116935729980469,-17.11716079711914,robust,1,phys,0,0.0013555977493524551,8.227897342294455e-05
2,kodim04,0,6,phys|robust,phys,datos,0.11010932922363281,-16.861736297607422,phys,1,phys,1,0.00012053932732669637,0.00012053932732669637
2,kodim04,0,7,phys|robust,phys,datos,0.09965896606445312,-16.579299926757812,phys,1,phys,1,6.787304300814867e-05,6.787304300814867e-05
2,kodim04,0,8,phys|robust,phys,datos,0.13372039794921875,-16.845867156982422,phys,1,phys,1,0.0001468486589146778,0.0001468486589146778
2,kodim04,1,1,conv|prox_tv,conv,suavidad,0.7593536376953125,-19.177921295166016,conv,1,conv,1,0.0002204361226176843,0.0002204361226176843
2,kodim04,1,2,conv|prox_tv,conv,suavidad,0.06474876403808594,-18.3803653717041,conv,1,prox_tv,0,0.0003494442789815366,0.00020370703714434057
2,kodim04,1,3,conv|prox_tv,conv,suavidad,0.5893573760986328,-16.973859786987305,conv,1,prox_tv,0,0.00017744558863341808,0.0001648722536629066
2,kodim04,1,4,conv|prox_tv,conv,suavidad,0.5926551818847656,-16.79459571838379,conv,1,conv,1,9.914588008541614e-05,9.914588008541614e-05
2,kodim04,1,5,conv|prox_tv,conv,suavidad,0.2971649169921875,-16.82741928100586,conv,1,prox_tv,0,0.00020590941130649298,8.050674659898505e-05
2,kodim04,1,6,conv|prox_tv,conv,suavidad,0.7976226806640625,-16.322265625,conv,1,conv,1,5.511230483534746e-05,5.511230483534746e-05
2,kodim04,1,7,conv|prox_tv,conv,suavidad,0.4123039245605469,-16.501325607299805,conv,1,prox_tv,0,0.00010547049168962985,8.310526754939929e-05
2,kodim04,1,8,conv|prox_tv,conv,suavidad,0.7204170227050781,-16.28827667236328,conv,1,conv,1,8.229316881624982e-05,8.229316881624982e-05
2,kodim04,2,1,conv_lowtv|wavelet|inr,conv_lowtv,frecuencia,0.127593994140625,-19.853118896484375,conv_lowtv,1,conv_lowtv,1,0.0002879007952287793,0.0002879007952287793
2,kodim04,2,2,conv_lowtv|wavelet|inr,conv_lowtv,frecuencia,0.20799636840820312,-18.986125946044922,conv_lowtv,1,conv_lowtv,1,0.0003144209913443774,0.0003144209913443774
2,kodim04,2,3,conv_lowtv|wavelet|inr,conv_lowtv,frecuencia,0.45654869079589844,-18.157712936401367,conv_lowtv,1,conv_lowtv,1,0.00017909320013131946,0.00017909320013131946
2,kodim04,2,4,conv_lowtv|wavelet|inr,conv_lowtv,frecuencia,0.568389892578125,-17.56427574157715,conv_lowtv,1,conv_lowtv,1,0.00013221707195043564,0.00013221707195043564
2,kodim04,2,5,conv_lowtv|wavelet|inr,conv_lowtv,frecuencia,1.0416946411132812,-17.149696350097656,conv_lowtv,1,conv_lowtv,1,7.749650103505701e-05,7.749650103505701e-05
2,kodim04,2,6,conv_lowtv|wavelet|inr,conv_lowtv,frecuencia,0.3160533905029297,-17.07489776611328,conv_lowtv,1,conv_lowtv,1,0.00012141669139964506,0.00012141669139964506
2,kodim04,2,7,conv_lowtv|wavelet|inr,conv_lowtv,frecuencia,0.5108108520507812,-16.67491340637207,conv_lowtv,1,conv_lowtv,1,8.358695777133107e-05,8.358695777133107e-05
2,kodim04,2,8,conv_lowtv|wavelet|inr,conv_lowtv,frecuencia,0.5986270904541016,-16.598119735717773,conv_lowtv,1,conv_lowtv,1,0.00012061332381563261,0.00012061332381563261
2,kodim04,3,1,dct|had,dct,transformada,0.34961700439453125,-19.168624877929688,dct,1,dct,1,0.00030121408053673804,0.00030121408053673804
2,kodim04,3,2,dct|had,dct,transformada,0.001125335693359375,-17.008140563964844,dct,1,dct,1,0.0002088032924802974,0.0002088032924802974
2,kodim04,3,3,dct|had,dct,transformada,0.07025909423828125,-16.350465774536133,dct,1,had,0,0.00020213772950228304,0.00019700886332429945
2,kodim04,3,4,dct|had,dct,transformada,0.5204677581787109,-15.902446746826172,dct,1,dct,1,0.00012278287613298744,0.00012278287613298744
2,kodim04,3,5,dct|had,had,transformada,0.42351531982421875,-15.900619506835938,had,1,had,1,0.00010543949611019343,0.00010543949611019343
2,kodim04,3,6,dct|had,had,transformada,0.44006919860839844,-16.102272033691406,had,1,had,1,0.0002751713909674436,0.0002751713909674436
2,kodim04,3,7,dct|had,dct,transformada,0.2495250701904297,-15.841753005981445,dct,1,dct,1,9.971411054721102e-05,9.971411054721102e-05
2,kodim04,3,8,dct|had,dct,transformada,0.20338058471679688,-15.743366241455078,dct,1,dct,1,8.866715506883338e-05,8.866715506883338e-05
2,kodim04,4,1,tv2|huber,huber,regularizador,0.054553985595703125,-19.528087615966797,huber,1,huber,1,0.00040600518696010113,0.00040600518696010113
2,kodim04,4,2,tv2|huber,tv2,regularizador,0.2983970642089844,-16.398605346679688,tv2,1,tv2,1,0.0002958580444101244,0.0002958580444101244
2,kodim04,4,3,tv2|huber,tv2,regularizador,0.4082183837890625,-15.938701629638672,tv2,1,huber,0,0.0002945848973467946,0.0002612960524857044
2,kodim04,4,4,tv2|huber,tv2,regularizador,0.2636299133300781,-15.940908432006836,tv2,1,huber,0,0.0003914212866220623,0.00029841886134818196
2,kodim04,4,5,tv2|huber,tv2,regularizador,0.12514495849609375,-15.885894775390625,tv2,1,huber,0,0.00039782095700502396,0.00016167419380508363
2,kodim04,4,6,tv2|huber,huber,regularizador,0.08792304992675781,-16.050687789916992,huber,1,huber,1,0.00024253041192423552,0.00024253041192423552
2,kodim04,4,7,tv2|huber,tv2,regularizador,0.2642631530761719,-16.12601661682129,tv2,1,huber,0,0.0003426087787374854,0.00026504177367314696
2,kodim04,4,8,tv2|huber,tv2,regularizador,0.1659526824951172,-16.04900360107422,tv2,1,huber,0,0.00034969529951922596,0.0003169496776536107
2,kodim04,5,1,dct|tv2,tv2,regularizador,0.03483390808105469,-19.368864059448242,tv2,1,dct,0,0.000543061934877187,0.0003028439823538065
2,kodim04,5,2,dct|tv2,dct,transformada,0.019609451293945312,-16.42672348022461,dct,1,dct,1,0.0001831581466831267,0.0001831581466831267
2,kodim04,5,3,dct|tv2,dct,transformada,0.24065589904785156,-16.15789031982422,dct,1,dct,1,0.00020944711286574602,0.00020944711286574602
2,kodim04,5,4,dct|tv2,tv2,regularizador,0.1166534423828125,-16.054298400878906,tv2,1,dct,0,0.000321494706440717,8.46433758852072e-05
2,kodim04,5,5,dct|tv2,tv2,regularizador,0.24836158752441406,-15.926048278808594,tv2,1,dct,0,0.0003570157859940082,0.0001263244921574369
2,kodim04,5,6,dct|tv2,dct,transformada,0.162506103515625,-15.942998886108398,dct,1,dct,1,5.3351152018876746e-05,5.3351152018876746e-05
2,kodim04,5,7,dct|tv2,dct,transformada,0.13020706176757812,-15.928533554077148,dct,1,dct,1,9.290874731959775e-05,9.290874731959775e-05
2,kodim04,5,8,dct|tv2,tv2,regularizador,0.18784141540527344,-15.977167129516602,tv2,1,dct,0,0.00033153925323858857,0.0001763634936651215
2,kodim05,0,1,phys|robust,robust,datos,0.06788444519042969,-18.768077850341797,robust,1,phys,0,0.010149170644581318,0.0007444265065714717
2,kodim05,0,2,phys|robust,robust,datos,0.038604736328125,-18.49549102783203,robust,1,phys,0,0.009522135369479656,0.0011213370598852634
2,kodim05,0,3,phys|robust,phys,datos,0.0587310791015625,-18.282432556152344,phys,1,phys,1,0.0008899919921532273,0.0008899919921532273
2,kodim05,0,4,phys|robust,phys,datos,0.06364059448242188,-17.930217742919922,phys,1,phys,1,0.0003352587518747896,0.0003352587518747896
2,kodim05,0,5,phys|robust,phys,datos,2.821155548095703,-17.403423309326172,phys,1,phys,1,0.0014254286652430892,0.0014254286652430892
2,kodim05,0,6,phys|robust,phys,datos,0.027425765991210938,-17.65468406677246,phys,1,phys,1,0.000459109665825963,0.000459109665825963
2,kodim05,0,7,phys|robust,phys,datos,0.11339569091796875,-17.675437927246094,phys,1,phys,1,0.0001243640435859561,0.0001243640435859561
2,kodim05,0,8,phys|robust,robust,datos,0.029390335083007812,-17.606285095214844,robust,1,phys,0,0.003343170741572976,0.00015445324243046343
2,kodim05,1,1,conv|prox_tv,conv,suavidad,0.9527072906494141,-18.51626968383789,conv,1,conv,1,0.00034814709215424955,0.00034814709215424955
2,kodim05,1,2,conv|prox_tv,conv,suavidad,0.7422981262207031,-18.25019073486328,conv,1,conv,1,0.0003467163478489965,0.0003467163478489965
2,kodim05,1,3,conv|prox_tv,conv,suavidad,0.6661605834960938,-18.103961944580078,conv,1,conv,1,0.00034041458275169134,0.00034041458275169134
2,kodim05,1,4,conv|prox_tv,conv,suavidad,0.7215461730957031,-17.895103454589844,conv,1,conv,1,0.0003341548435855657,0.0003341548435855657
2,kodim05,1,5,conv|prox_tv,conv,suavidad,0.4816398620605469,-17.908023834228516,conv,1,prox_tv,0,0.0009206628310494125,0.0003952047845814377
2,kodim05,1,6,conv|prox_tv,conv,suavidad,2.2616348266601562,-17.51040267944336,conv,1,conv,1,0.0006806786986999214,0.0006806786986999214
2,kodim05,1,7,conv|prox_tv,conv,suavidad,0.07262229919433594,-18.082048416137695,conv,1,prox_tv,0,0.0018768053269013762,0.0002702493511606008
2,kodim05,1,8,conv|prox_tv,prox_tv,suavidad,0.8331069946289062,-18.019712448120117,prox_tv,1,prox_tv,1,0.000717475195415318,0.000717475195415318
2,kodim05,2,1,conv_lowtv|wavelet|inr,conv_lowtv,frecuencia,0.2692546844482422,-18.685298919677734,conv_lowtv,1,conv_lowtv,1,0.0004054373421240598,0.0004054373421240598
2,kodim05,2,2,conv_lowtv|wavelet|inr,conv_lowtv,frecuencia,0.18735504150390625,-18.582054138183594,conv_lowtv,1,conv_lowtv,1,0.0011543580330908298,0.0011543580330908298
2,kodim05,2,3,conv_lowtv|wavelet|inr,conv_lowtv,frecuencia,0.3170051574707031,-18.26842498779297,conv_lowtv,1,conv_lowtv,1,0.0007680551498197019,0.0007680551498197019
2,kodim05,2,4,conv_lowtv|wavelet|inr,conv_lowtv,frecuencia,0.19647979736328125,-18.18743133544922,conv_lowtv,1,conv_lowtv,1,0.0003252305614296347,0.0003252305614296347
2,kodim05,2,5,conv_lowtv|wavelet|inr,conv_lowtv,frecuencia,0.4964160919189453,-17.832229614257812,conv_lowtv,1,conv_lowtv,1,0.0006568299722857773,0.0006568299722857773
2,kodim05,2,6,conv_lowtv|wavelet|inr,conv_lowtv,frecuencia,0.7334194183349609,-17.90440559387207,conv_lowtv,1,conv_lowtv,1,0.0007635153597220778,0.0007635153597220778
2,kodim05,2,7,conv_lowtv|wavelet|inr,conv_lowtv,frecuencia,0.8423995971679688,-17.54015350341797,conv_lowtv,1,conv_lowtv,1,0.0004365730274002999,0.0004365730274002999
2,kodim05,2,8,conv_lowtv|wavelet|inr,conv_lowtv,frecuencia,0.5841999053955078,-17.88115692138672,conv_lowtv,1,conv_lowtv,1,0.0014359698398038745,0.0014359698398038745
2,kodim05,3,1,dct|had,dct,transformada,0.5391502380371094,-18.582889556884766,dct,1,dct,1,0.0005067758029326797,0.0005067758029326797
2,kodim05,3,2,dct|had,had,transformada,0.1411590576171875,-17.990036010742188,had,1,had,1,0.000494950043503195,0.000494950043503195
2,kodim05,3,3,dct|had,dct,transformada,0.08184432983398438,-17.94156265258789,dct,1,had,0,0.0012881670845672488,0.0008033727062866092
2,kodim05,3,4,dct|had,dct,transformada,0.101898193359375,-17.63317108154297,dct,1,had,0,0.0005018418887630105,0.0003741261316463351
2,kodim05,3,5,dct|had,dct,transformada,0.05939292907714844,-17.58107566833496,dct,1,dct,1,0.0003576322633307427,0.0003576322633307427
2,kodim05,3,6,dct|had,dct,transformada,0.059894561767578125,-17.63705062866211,dct,1,had,0,0.0009938052389770746,0.0006256839260458946
2,kodim05,3,7,dct|had,had,transformada,0.2879314422607422,-17.934741973876953,had,1,dct,0,0.0014647472416982055,0.0013761689187958837
2,kodim05,3,8,dct|had,dct,transformada,0.06204414367675781,-17.785930633544922,dct,1,had,0,0.0011990258935838938,0.0009900357108563185
2,kodim05,4,1,tv2|huber,tv2,regularizador,0.141693115234375,-18.823562622070312,tv2,1,huber,0,0.0012032308150082827,0.0006479470757767558
2,kodim05,4,2,tv2|huber,tv2,regularizador,0.39667701721191406,-17.28465461730957,tv2,1,huber,0,0.0013253012439236045,0.0010138193611055613
2,kodim05,4,3,tv2|huber,tv2,regularizador,1.2674713134765625,-17.19808578491211,tv2,1,tv2,1,0.0013269432820379734,0.0013269432820379734
2,kodim05,4,4,tv2|huber,tv2,regularizador,0.07793998718261719,-17.450960159301758,tv2,1,huber,0,0.0019441245822235942,0.0008124883170239627
2,kodim05,4,5,tv2|huber,tv2,regularizador,0.40094566345214844,-17.395334243774414,tv2,1,tv2,1,0.0021737380884587765,0.0021737380884587765
2,kodim05,4,6,tv2|huber,tv2,regularizador,0.4413318634033203,-17.40353775024414,tv2,1,tv2,1,0.0017031936440616846,0.0017031936440616846
2,kodim05,4,7,tv2|huber,tv2,regularizador,0.5643577575683594,-17.3873348236084,tv2,1,tv2,1,0.0012141258921474218,0.0012141258921474218
2,kodim05,4,8,tv2|huber,tv2,regularizador,0.4343738555908203,-17.408676147460938,tv2,1,tv2,1,0.002006330993026495,0.002006330993026495
2,kodim05,5,1,dct|tv2,tv2,regularizador,0.26001739501953125,-18.851364135742188,tv2,1,dct,0,0.001576942391693592,0.000809061573818326
2,kodim05,5,2,dct|tv2,tv2,regularizador,0.112213134765625,-17.613460540771484,tv2,1,dct,0,0.0022106815595179796,0.0006361238192766905
2,kodim05,5,3,dct|tv2,tv2,regularizador,0.1551494598388672,-17.60700798034668,tv2,1,dct,0,0.0022555289324373007,0.0005702944472432137
2,kodim05,5,4,dct|tv2,tv2,regularizador,0.13471221923828125,-17.546825408935547,tv2,1,dct,0,0.0020008510909974575,0.0004351203970145434
2,kodim05,5,5,dct|tv2,tv2,regularizador,0.181182861328125,-17.465435028076172,tv2,1,dct,0,0.00212566158734262,0.0009763742564246058
2,kodim05,5,6,dct|tv2,tv2,regularizador,0.5703983306884766,-17.3547420501709,tv2,1,dct,0,0.0016376801067963243,0.0010478547774255276
2,kodim05,5,7,dct|tv2,tv2,regularizador,0.7051830291748047,-17.434812545776367,tv2,1,tv2,1,0.0016516722971573472,0.0016516722971573472
2,kodim05,5,8,dct|tv2,tv2,regularizador,0.6654167175292969,-17.47555160522461,tv2,1,dct,0,0.001960332505404949,0.0017947610467672348
2,kodim06,0,1,phys|robust,robust,datos,0.04016304016113281,-19.55174446105957,robust,1,phys,0,0.0033439709804952145,0.0005384481628425419
2,kodim06,0,2,phys|robust,phys,datos,0.16373062133789062,-19.19485092163086,phys,1,phys,1,0.00015280081424862146,0.00015280081424862146
2,kodim06,0,3,phys|robust,phys,datos,0.11808967590332031,-19.316564559936523,phys,1,phys,1,0.00026259198784828186,0.00026259198784828186
2,kodim06,0,4,phys|robust,phys,datos,0.011182785034179688,-19.309865951538086,phys,1,phys,1,0.00029994049691595137,0.00029994049691595137
2,kodim06,0,5,phys|robust,phys,datos,0.07344245910644531,-19.197032928466797,phys,1,phys,1,0.00011892274778801948,0.00011892274778801948
2,kodim06,0,6,phys|robust,robust,datos,0.06373023986816406,-19.42962074279785,robust,1,phys,0,0.0010958368657156825,0.00041317916475236416
2,kodim06,0,7,phys|robust,phys,datos,0.024171829223632812,-19.23250389099121,phys,1,phys,1,0.00010187370207859203,0.00010187370207859203
2,kodim06,0,8,phys|robust,phys,datos,0.13486671447753906,-19.36978530883789,phys,1,phys,1,0.0002668333181645721,0.0002668333181645721
2,kodim06,1,1,conv|prox_tv,conv,suavidad,0.6531772613525391,-19.528669357299805,conv,1,prox_tv,0,0.00033850595355033875,0.00020390766439959407
2,kodim06,1,2,conv|prox_tv,conv,suavidad,0.5567626953125,-19.442947387695312,conv,1,prox_tv,0,0.0004118124779779464,0.00024142692564055324
2,kodim06,1,3,conv|prox_tv,conv,suavidad,0.510498046875,-19.27124786376953,conv,1,conv,1,0.0004585274145938456,0.0004585274145938456
2,kodim06,1,4,conv|prox_tv,conv,suavidad,0.6945266723632812,-19.242481231689453,conv,1,prox_tv,0,0.0003321323893032968,0.0002656614233274013
2,kodim06,1,5,conv|prox_tv,conv,suavidad,0.8695411682128906,-19.294836044311523,conv,1,conv,1,0.00021340386592783034,0.00021340386592783034
2,kodim06,1,6,conv|prox_tv,conv,suavidad,0.5719127655029297,-19.3413028717041,conv,1,prox_tv,0,0.00034848623909056187,0.0001267373882001266
2,kodim06,1,7,conv|prox_tv,conv,suavidad,0.6148853302001953,-19.222789764404297,conv,1,prox_tv,0,0.00047219873522408307,0.00032722699688747525
2,kodim06,1,8,conv|prox_tv,conv,suavidad,0.7050323486328125,-19.271507263183594,conv,1,conv,1,9.256783232558519e-05,9.256783232558519e-05
2,kodim06,2,1,conv_lowtv|wavelet|inr,conv_lowtv,frecuencia,0.020786285400390625,-19.53105926513672,conv_lowtv,1,conv_lowtv,1,0.0003746490692719817,0.0003746490692719817
2,kodim06,2,2,conv_lowtv|wavelet|inr,wavelet,frecuencia,0.015810012817382812,-19.292692184448242,wavelet,1,wavelet,1,0.0005480442196130753,0.0005480442196130753
2,kodim06,2,3,conv_lowtv|wavelet|inr,wavelet,frecuencia,0.03994178771972656,-19.533998489379883,wavelet,1,conv_lowtv,0,0.0014905825955793262,0.0001752310199663043
2,kodim06,2,4,conv_lowtv|wavelet|inr,wavelet,frecuencia,0.07738304138183594,-19.635974884033203,wavelet,1,conv_lowtv,0,0.0011767252581194043,0.0007901220233179629
2,kodim06,2,5,conv_lowtv|wavelet|inr,wavelet,frecuencia,0.1912212371826172,-19.51813316345215,wavelet,1,conv_lowtv,0,0.0003192810108885169,0.0003036004491150379
2,kodim06,2,6,conv_lowtv|wavelet|inr,wavelet,frecuencia,0.28252220153808594,-19.565114974975586,wavelet,1,wavelet,1,0.0004931161529384553,0.0004931161529384553
2,kodim06,2,7,conv_lowtv|wavelet|inr,conv_lowtv,frecuencia,0.012727737426757812,-19.613527297973633,conv_lowtv,1,conv_lowtv,1,0.0006761011900380254,0.0006761011900380254
2,kodim06,2,8,conv_lowtv|wavelet|inr,conv_lowtv,frecuencia,0.10520362854003906,-19.401222229003906,conv_lowtv,1,wavelet,0,0.0006540407193824649,0.0006303670234046876
2,kodim06,3,1,dct|had,dct,transformada,0.12179183959960938,-19.479389190673828,dct,1,dct,1,0.00041791124385781586,0.00041791124385781586
2,kodim06,3,2,dct|had,dct,transformada,0.19765090942382812,-19.150997161865234,dct,1,dct,1,0.000402155244955793,0.000402155244955793
2,kodim06,3,3,dct|had,dct,transformada,0.18804550170898438,-19.186012268066406,dct,1,had,0,0.0004197210946585983,0.0003166314272675663
2,kodim06,3,4,dct|had,dct,transformada,0.13881492614746094,-19.174819946289062,dct,1,dct,1,0.0005738493637181818,0.0005738493637181818
2,kodim06,3,5,dct|had,had,transformada,0.1964263916015625,-19.250370025634766,had,1,had,1,0.0004405775398481637,0.0004405775398481637
2,kodim06,3,6,dct|had,had,transformada,0.08745956420898438,-19.36773681640625,had,1,had,1,0.0002805690164677799,0.0002805690164677799
2,kodim06,3,7,dct|had,dct,transformada,0.11861419677734375,-19.208301544189453,dct,1,had,0,0.00018609597464092076,0.0001503684907220304
2,kodim06,3,8,dct|had,dct,transformada,0.014568328857421875,-19.29081916809082,dct,1,dct,1,0.00035618606489151716,0.00035618606489151716
2,kodim06,4,1,tv2|huber,tv2,regularizador,0.103424072265625,-19.708017349243164,tv2,1,huber,0,0.0012320486130192876,0.0004151044995523989
2,kodim06,4,2,tv2|huber,tv2,regularizador,0.1186981201171875,-19.248062133789062,tv2,1,huber,0,0.0008043700363487005,0.00042822668910957873
2,kodim06,4,3,tv2|huber,tv2,regularizador,0.19625091552734375,-19.344642639160156,tv2,1,tv2,1,0.0005538833793252707,0.0005538833793252707
2,kodim06,4,4,tv2|huber,tv2,regularizador,0.189483642578125,-19.255550384521484,tv2,1,huber,0,0.0006859335699118674,0.00015193693980108947
2,kodim06,4,5,tv2|huber,tv2,regularizador,0.21457862854003906,-19.218902587890625,tv2,1,tv2,1,0.0004478375776670873,0.0004478375776670873
2,kodim06,4,6,tv2|huber,tv2,regularizador,0.37613487243652344,-19.173173904418945,tv2,1,huber,0,0.00040322839049622416,0.0003732723416760564
2,kodim06,4,7,tv2|huber,tv2,regularizador,0.12557601928710938,-19.48055076599121,tv2,1,huber,0,0.000553655147086829,0.0002557658590376377
2,kodim06,4,8,tv2|huber,tv2,regularizador,0.23781585693359375,-19.255596160888672,tv2,1,huber,0,0.00038960110396146774,0.00023233771207742393
2,kodim06,5,1,dct|tv2,tv2,regularizador,0.12563705444335938,-19.655071258544922,tv2,1,tv2,1,0.00040537185850553215,0.00040537185850553215
2,kodim06,5,2,dct|tv2,tv2,regularizador,0.016326904296875,-19.31412696838379,tv2,1,dct,0,0.0005295172450132668,0.0003582882636692375
2,kodim06,5,3,dct|tv2,tv2,regularizador,0.2900123596191406,-19.282176971435547,tv2,1,dct,0,0.00045516935642808676,0.00038190995110198855
2,kodim06,5,4,dct|tv2,tv2,regularizador,1.0916805267333984,-19.16547393798828,tv2,1,tv2,1,0.0005348145496100187,0.0005348145496100187
2,kodim06,5,5,dct|tv2,tv2,regularizador,0.17226219177246094,-19.326568603515625,tv2,1,dct,0,0.00042799595394171774,0.00012568717647809535
2,kodim06,5,6,dct|tv2,tv2,regularizador,0.2240161895751953,-19.313243865966797,tv2,1,dct,0,0.00045625504571944475,0.00032636846299283206
2,kodim06,5,7,dct|tv2,tv2,regularizador,0.234619140625,-19.16937255859375,tv2,1,tv2,1,0.00015847967006266117,0.00015847967006266117
2,kodim06,5,8,dct|tv2,tv2,regularizador,0.2026519775390625,-19.283615112304688,tv2,1,dct,0,0.0005155361141078174,0.0003644740500021726
2,kodim07,0,1,phys|robust,phys,datos,0.06929397583007812,-17.779621124267578,phys,1,phys,1,0.0002456266665831208,0.0002456266665831208
2,kodim07,0,2,phys|robust,phys,datos,0.1406383514404297,-17.725296020507812,phys,1,phys,1,0.0002987960760947317,0.0002987960760947317
2,kodim07,0,3,phys|robust,phys,datos,0.09622001647949219,-17.66632652282715,phys,1,phys,1,0.0002312578581040725,0.0002312578581040725
2,kodim07,0,4,phys|robust,phys,datos,0.00295257568359375,-17.648277282714844,phys,1,phys,1,0.00016079733904916793,0.00016079733904916793
2,kodim07,0,5,phys|robust,robust,datos,0.016332626342773438,-17.710235595703125,robust,1,phys,0,0.0025551319122314453,0.0004521652008406818
2,kodim07,0,6,phys|robust,phys,datos,0.01982879638671875,-17.560443878173828,phys,1,phys,1,0.00026197798433713615,0.00026197798433713615
2,kodim07,0,7,phys|robust,robust,datos,0.11444091796875,-17.644695281982422,robust,1,phys,0,0.0012341132387518883,0.0003177416219841689
2,kodim07,0,8,phys|robust,robust,datos,0.0077152252197265625,-17.725257873535156,robust,1,phys,0,0.002799481386318803,0.00036961727892048657
2,kodim07,1,1,conv|prox_tv,conv,suavidad,0.7114372253417969,-17.744251251220703,conv,1,conv,1,0.00025698234094306827,0.00025698234094306827
2,kodim07,1,2,conv|prox_tv,conv,suavidad,0.6696949005126953,-17.6159610748291,conv,1,conv,1,0.00019697209063451737,0.00019697209063451737
2,kodim07,1,3,conv|prox_tv,conv,suavidad,0.6168384552001953,-17.600196838378906,conv,1,conv,1,0.00016999035142362118,0.00016999035142362118
2,kodim07,1,4,conv|prox_tv,conv,suavidad,0.7326011657714844,-17.523174285888672,conv,1,conv,1,0.00012961908942088485,0.00012961908942088485
2,kodim07,1,5,conv|prox_tv,conv,suavidad,0.4509868621826172,-17.617351531982422,conv,1,prox_tv,0,0.00038589906762354076,0.00015993388660717756
2,kodim07,1,6,conv|prox_tv,conv,suavidad,0.6350517272949219,-17.545135498046875,conv,1,prox_tv,0,0.0003965933865401894,0.000359377299901098
2,kodim07,1,7,conv|prox_tv,conv,suavidad,0.6444416046142578,-17.542743682861328,conv,1,conv,1,0.00014972138160374016,0.00014972138160374016
2,kodim07,1,8,conv|prox_tv,conv,suavidad,0.38762474060058594,-17.726404190063477,conv,1,prox_tv,0,0.00041491645970381796,0.0002482396666891873
2,kodim07,2,1,conv_lowtv|wavelet|inr,conv_lowtv,frecuencia,0.06686592102050781,-17.817020416259766,conv_lowtv,1,conv_lowtv,1,0.000246319395955652,0.000246319395955652
2,kodim07,2,2,conv_lowtv|wavelet|inr,conv_lowtv,frecuencia,0.19931793212890625,-17.668453216552734,conv_lowtv,1,conv_lowtv,1,0.0002684447099454701,0.0002684447099454701
2,kodim07,2,3,conv_lowtv|wavelet|inr,conv_lowtv,frecuencia,0.30356597900390625,-17.60186004638672,conv_lowtv,1,conv_lowtv,1,0.0003010752843692899,0.0003010752843692899
2,kodim07,2,4,conv_lowtv|wavelet|inr,conv_lowtv,frecuencia,0.2175445556640625,-17.603042602539062,conv_lowtv,1,conv_lowtv,1,0.000543250993359834,0.000543250993359834
2,kodim07,2,5,conv_lowtv|wavelet|inr,conv_lowtv,frecuencia,0.16616058349609375,-17.69015884399414,conv_lowtv,1,conv_lowtv,1,0.0005104832234792411,0.0005104832234792411
2,kodim07,2,6,conv_lowtv|wavelet|inr,conv_lowtv,frecuencia,0.3205432891845703,-17.751188278198242,conv_lowtv,1,conv_lowtv,1,0.00030887307366356254,0.00030887307366356254
2,kodim07,2,7,conv_lowtv|wavelet|inr,conv_lowtv,frecuencia,0.3842887878417969,-17.60401153564453,conv_lowtv,1,conv_lowtv,1,0.00035698781721293926,0.00035698781721293926
2,kodim07,2,8,conv_lowtv|wavelet|inr,conv_lowtv,frecuencia,0.42136192321777344,-17.546184539794922,conv_lowtv,1,conv_lowtv,1,0.000304881832562387,0.000304881832562387
2,kodim07,3,1,dct|had,dct,transformada,0.0715179443359375,-17.81894302368164,dct,1,had,0,0.0009033035603351891,0.0003173653385601938
2,kodim07,3,2,dct|had,dct,transformada,0.15021896362304688,-17.48859405517578,dct,1,had,0,0.0002815286279655993,0.00026734848506748676
2,kodim07,3,3,dct|had,had,transformada,0.041614532470703125,-17.693252563476562,had,1,had,1,0.00036081549478694797,0.00036081549478694797
2,kodim07,3,4,dct|had,dct,transformada,0.18958473205566406,-17.677204132080078,dct,1,dct,1,0.00027750511071644723,0.00027750511071644723
2,kodim07,3,5,dct|had,had,transformada,0.018934249877929688,-17.627973556518555,had,1,had,1,0.00039319280767813325,0.00039319280767813325
2,kodim07,3,6,dct|had,dct,transformada,0.17634963989257812,-17.591007232666016,dct,1,had,0,0.0003197053447365761,0.0002776784240268171
2,kodim07,3,7,dct|had,dct,transformada,0.10816764831542969,-17.593017578125,dct,1,had,0,0.0005610783700831234,0.00047220246051438153
2,kodim07,3,8,dct|had,dct,transformada,0.147857666015625,-17.55207061767578,dct,1,dct,1,0.0005381965893320739,0.0005381965893320739
2,kodim07,4,1,tv2|huber,tv2,regularizador,0.21832275390625,-17.824960708618164,tv2,1,huber,0,0.001464945264160633,0.0006983291823416948
2,kodim07,4,2,tv2|huber,tv2,regularizador,0.2345600128173828,-17.37923240661621,tv2,1,huber,0,0.0007562735117971897,0.0004944855463691056
2,kodim07,4,3,tv2|huber,tv2,regularizador,0.22323989868164062,-17.476573944091797,tv2,1,huber,0,0.0013109635328873992,0.000781359791290015
2,kodim07,4,4,tv2|huber,tv2,regularizador,0.2625541687011719,-17.44430160522461,tv2,1,huber,0,0.0010161794489249587,0.0005091979401186109
2,kodim07,4,5,tv2|huber,tv2,regularizador,0.22464752197265625,-17.52471923828125,tv2,1,huber,0,0.0017404487589374185,0.0007025196682661772
2,kodim07,4,6,tv2|huber,tv2,regularizador,0.28311920166015625,-17.483821868896484,tv2,1,huber,0,0.0011543818982318044,0.0005851296009495854
2,kodim07,4,7,tv2|huber,tv2,regularizador,0.26473045349121094,-17.47808074951172,tv2,1,huber,0,0.0012480251025408506,0.0008945957524701953
2,kodim07,4,8,tv2|huber,tv2,regularizador,0.23399925231933594,-17.58344268798828,tv2,1,huber,0,0.0018621503841131926,0.0008641529711894691
2,kodim07,5,1,dct|tv2,tv2,regularizador,0.3297576904296875,-17.79315948486328,tv2,1,tv2,1,0.0008638742729090154,0.0008638742729090154
2,kodim07,5,2,dct|tv2,tv2,regularizador,0.19568824768066406,-17.514404296875,tv2,1,dct,0,0.001267364015802741,0.00029449680005200207
2,kodim07,5,3,dct|tv2,tv2,regularizador,0.1943531036376953,-17.532175064086914,tv2,1,dct,0,0.0012227761326357722,0.000291738921077922
2,kodim07,5,4,dct|tv2,tv2,regularizador,0.25797080993652344,-17.496850967407227,tv2,1,dct,0,0.0012967124348506331,0.00023247447097674012
2,kodim07,5,5,dct|tv2,tv2,regularizador,0.26769256591796875,-17.633018493652344,tv2,1,dct,0,0.0019304017769172788,0.0008440352976322174
2,kodim07,5,6,dct|tv2,tv2,regularizador,0.170196533203125,-17.601028442382812,tv2,1,dct,0,0.0013591122115030885,0.0004448374384082854
2,kodim07,5,7,dct|tv2,tv2,regularizador,0.23865127563476562,-17.600770950317383,tv2,1,dct,0,0.0012722506653517485,0.00044663972221314907
2,kodim07,5,8,dct|tv2,tv2,regularizador,0.15259552001953125,-17.628612518310547,tv2,1,dct,0,0.0015533698024228215,0.00023913006589282304
2,kodim08,0,1,phys|robust,phys,datos,0.05943870544433594,-18.851078033447266,phys,1,phys,1,0.00019756340770982206,0.00019756340770982206
2,kodim08,0,2,phys|robust,phys,datos,0.07155418395996094,-18.88607406616211,phys,1,phys,1,0.00020710963872261345,0.00020710963872261345
2,kodim08,0,3,phys|robust,phys,datos,0.2064056396484375,-18.728076934814453,phys,1,phys,1,0.00018592072592582554,0.00018592072592582554
2,kodim08,0,4,phys|robust,robust,datos,0.06229400634765625,-18.589984893798828,robust,1,phys,0,0.0017418982461094856,0.00010961484804283828
2,kodim08,0,5,phys|robust,robust,datos,0.07188034057617188,-18.589393615722656,robust,1,phys,0,0.0034990955609828234,0.00015610993432346731
2,kodim08,0,6,phys|robust,robust,datos,0.45556068420410156,-18.464078903198242,robust,1,phys,0,0.0037563960067927837,0.000314493227051571
2,kodim08,0,7,phys|robust,robust,datos,0.05965614318847656,-18.84890365600586,robust,1,phys,0,0.007226577959954739,0.0017692119581624866
2,kodim08,0,8,phys|robust,robust,datos,0.3101463317871094,-18.476919174194336,robust,1,phys,0,0.006755287293344736,0.00025156346964649856
2,kodim08,1,1,conv|prox_tv,conv,suavidad,0.4409465789794922,-18.936613082885742,conv,1,prox_tv,0,0.00020379989291541278,0.00015531544340774417
2,kodim08,1,2,conv|prox_tv,conv,suavidad,0.49169921875,-18.790386199951172,conv,1,prox_tv,0,0.0002569964271970093,0.00019895956211257726
2,kodim08,1,3,conv|prox_tv,conv,suavidad,0.7602310180664062,-18.703378677368164,conv,1,conv,1,0.00027489117928780615,0.00027489117928780615
2,kodim08,1,4,conv|prox_tv,conv,suavidad,0.4916343688964844,-18.723751068115234,conv,1,prox_tv,0,0.0003096320142503828,0.00025023287162184715
2,kodim08,1,5,conv|prox_tv,conv,suavidad,0.70648193359375,-18.63623809814453,conv,1,conv,1,0.00011881725367857143,0.00011881725367857143
2,kodim08,1,6,conv|prox_tv,conv,suavidad,0.3720664978027344,-18.691085815429688,conv,1,conv,1,0.0002135035756509751,0.0002135035756509751
2,kodim08,1,7,conv|prox_tv,conv,suavidad,0.821685791015625,-18.355602264404297,conv,1,conv,1,0.00011755325249396265,0.00011755325249396265
2,kodim08,1,8,conv|prox_tv,conv,suavidad,0.5033226013183594,-18.563373565673828,conv,1,prox_tv,0,0.00012061446614097804,0.00010560365626588464
2,kodim08,2,1,conv_lowtv|wavelet|inr,conv_lowtv,frecuencia,0.4206581115722656,-18.755779266357422,conv_lowtv,1,conv_lowtv,1,0.0002333627489861101,0.0002333627489861101
2,kodim08,2,2,conv_lowtv|wavelet|inr,conv_lowtv,frecuencia,0.46765708923339844,-18.723209381103516,conv_lowtv,1,conv_lowtv,1,0.00012245732068549842,0.00012245732068549842
2,kodim08,2,3,conv_lowtv|wavelet|inr,conv_lowtv,frecuencia,0.30500221252441406,-18.670438766479492,conv_lowtv,1,conv_lowtv,1,0.00017093752103392035,0.00017093752103392035
2,kodim08,2,4,conv_lowtv|wavelet|inr,conv_lowtv,frecuencia,0.5306243896484375,-18.602909088134766,conv_lowtv,1,conv_lowtv,1,0.00018379147513769567,0.00018379147513769567
2,kodim08,2,5,conv_lowtv|wavelet|inr,conv_lowtv,frecuencia,0.6493186950683594,-18.458003997802734,conv_lowtv,1,conv_lowtv,1,0.00010870682308450341,0.00010870682308450341
2,kodim08,2,6,conv_lowtv|wavelet|inr,conv_lowtv,frecuencia,0.3055458068847656,-18.755615234375,conv_lowtv,1,conv_lowtv,1,0.0002774506574496627,0.0002774506574496627
2,kodim08,2,7,conv_lowtv|wavelet|inr,conv_lowtv,frecuencia,0.648712158203125,-18.52648162841797,conv_lowtv,1,conv_lowtv,1,0.00013342092279344797,0.00013342092279344797
2,kodim08,2,8,conv_lowtv|wavelet|inr,conv_lowtv,frecuencia,0.7275981903076172,-18.567758560180664,conv_lowtv,1,conv_lowtv,1,0.00017536750237923115,0.00017536750237923115
2,kodim08,3,1,dct|had,dct,transformada,0.02085113525390625,-18.725448608398438,dct,1,had,0,0.00016906409291550517,0.00015477386477869004
2,kodim08,3,2,dct|had,dct,transformada,0.48406982421875,-18.539608001708984,dct,1,dct,1,0.0002495503576938063,0.0002495503576938063
2,kodim08,3,3,dct|had,had,transformada,0.017477035522460938,-18.60272216796875,had,1,had,1,0.0001327492791460827,0.0001327492791460827
2,kodim08,3,4,dct|had,dct,transformada,0.09127235412597656,-18.672029495239258,dct,1,dct,1,0.0001474250020692125,0.0001474250020692125
2,kodim08,3,5,dct|had,had,transformada,0.22225189208984375,-18.764446258544922,had,1,had,1,0.0004324910696595907,0.0004324910696595907
2,kodim08,3,6,dct|had,dct,transformada,0.25826263427734375,-18.63111114501953,dct,1,dct,1,0.00018548278603702784,0.00018548278603702784
2,kodim08,3,7,dct|had,dct,transformada,0.019258499145507812,-18.73912239074707,dct,1,had,0,0.00044385826913639903,0.00030835249344818294
2,kodim08,3,8,dct|had,dct,transformada,0.08868217468261719,-18.70528793334961,dct,1,dct,1,0.0002477219677530229,0.0002477219677530229
2,kodim08,4,1,tv2|huber,huber,regularizador,0.06807327270507812,-19.073040008544922,huber,1,huber,1,0.00035363269853405654,0.00035363269853405654
2,kodim08,4,2,tv2|huber,tv2,regularizador,0.4187889099121094,-18.67976951599121,tv2,1,huber,0,0.0008942832937464118,0.0008504891884513199
2,kodim08,4,3,tv2|huber,tv2,regularizador,0.2825946807861328,-18.54804801940918,tv2,1,huber,0,0.0008048035087995231,0.0007577167125418782
2,kodim08,4,4,tv2|huber,tv2,regularizador,0.4390449523925781,-18.350460052490234,tv2,1,huber,0,0.0007580104866065085,0.0006015231483615935
2,kodim08,4,5,tv2|huber,tv2,regularizador,0.3286476135253906,-18.2767333984375,tv2,1,huber,0,0.0007345323683694005,0.0004385261272545904
2,kodim08,4,6,tv2|huber,tv2,regularizador,0.2900657653808594,-18.394256591796875,tv2,1,huber,0,0.0008187125786207616,0.0005901527474634349
2,kodim08,4,7,tv2|huber,tv2,regularizador,0.4793434143066406,-18.32647132873535,tv2,1,tv2,1,0.000759627902880311,0.000759627902880311
2,kodim08,4,8,tv2|huber,tv2,regularizador,0.48233985900878906,-18.29685401916504,tv2,1,tv2,1,0.0005698931054212153,0.0005698931054212153
2,kodim08,5,1,dct|tv2,tv2,regularizador,0.13073348999023438,-19.099708557128906,tv2,1,dct,0,0.0008841505623422563,0.00036568765062838793
2,kodim08,5,2,dct|tv2,tv2,regularizador,0.6193618774414062,-18.420303344726562,tv2,1,tv2,1,0.0009266679408028722,0.0009266679408028722
2,kodim08,5,3,dct|tv2,tv2,regularizador,0.40667724609375,-18.501811981201172,tv2,1,dct,0,0.0009290706948377192,0.0007798822480253875
2,kodim08,5,4,dct|tv2,tv2,regularizador,0.3605461120605469,-18.468318939208984,tv2,1,dct,0,0.0006493941182270646,0.0005542480503208935
2,kodim08,5,5,dct|tv2,tv2,regularizador,0.67584228515625,-18.35357666015625,tv2,1,dct,0,0.0007015263545326889,0.00048647235962562263
2,kodim08,5,6,dct|tv2,tv2,regularizador,0.4284076690673828,-18.437477111816406,tv2,1,dct,0,0.000764216820243746,0.0006962710758671165
2,kodim08,5,7,dct|tv2,tv2,regularizador,0.22309494018554688,-18.52402114868164,tv2,1,dct,0,0.0009884057799354196,0.00029941528919152915
2,kodim08,5,8,dct|tv2,tv2,regularizador,0.3840618133544922,-18.45237922668457,tv2,1,dct,0,0.0007434047292917967,0.0004984919214621186
2,kodim09,0,1,phys|robust,phys,datos,0.15843772888183594,-20.566356658935547,phys,1,phys,1,0.000322356034303084,0.000322356034303084
2,kodim09,0,2,phys|robust,robust,datos,0.056591033935546875,-20.58759307861328,robust,1,phys,0,0.00205363635905087,0.0004074269672855735
2,kodim09,0,3,phys|robust,robust,datos,0.010618209838867188,-20.535446166992188,robust,1,phys,0,0.0028416533023118973,0.0007504866225644946
2,kodim09,0,4,phys|robust,robust,datos,0.044528961181640625,-20.32513999938965,robust,1,phys,0,0.002576545113697648,0.0003102971240878105
2,kodim09,0,5,phys|robust,robust,datos,0.16178512573242188,-20.23550796508789,robust,1,phys,0,0.0028070323169231415,0.0005242738989181817
2,kodim09,0,6,phys|robust,robust,datos,0.0186767578125,-20.399333953857422,robust,1,phys,0,0.002958140801638365,0.0005438414518721402
2,kodim09,0,7,phys|robust,robust,datos,0.06078910827636719,-20.354087829589844,robust,1,phys,0,0.0024854494258761406,0.0003742370172403753
2,kodim09,0,8,phys|robust,robust,datos,0.1719493865966797,-20.376298904418945,robust,1,phys,0,0.0022817780263721943,0.0006758460076525807
2,kodim09,1,1,conv|prox_tv,conv,suavidad,0.5542507171630859,-20.560626983642578,conv,1,prox_tv,0,0.00020021863747388124,0.00015156892186496407
2,kodim09,1,2,conv|prox_tv,conv,suavidad,0.6651210784912109,-20.4879150390625,conv,1,conv,1,0.0003100214235018939,0.0003100214235018939
2,kodim09,1,3,conv|prox_tv,conv,suavidad,0.5724143981933594,-20.39269256591797,conv,1,prox_tv,0,0.0003732949844561517,0.00022948604600969702
2,kodim09,1,4,conv|prox_tv,conv,suavidad,0.5433158874511719,-20.419496536254883,conv,1,prox_tv,0,0.0003724404377862811,0.0003054500848520547
2,kodim09,1,5,conv|prox_tv,conv,suavidad,0.5360584259033203,-20.442440032958984,conv,1,conv,1,0.00023113393399398774,0.00023113393399398774
2,kodim09,1,6,conv|prox_tv,conv,suavidad,0.4914588928222656,-20.427316665649414,conv,1,prox_tv,0,0.0003923324984498322,0.0002136461844202131
2,kodim09,1,7,conv|prox_tv,conv,suavidad,0.6978092193603516,-20.35417366027832,conv,1,conv,1,0.00027989718364551663,0.00027989718364551663
2,kodim09,1,8,conv|prox_tv,conv,suavidad,0.5688667297363281,-20.514617919921875,conv,1,conv,1,0.00027734064497053623,0.00027734064497053623
2,kodim09,2,1,conv_lowtv|wavelet|inr,conv_lowtv,frecuencia,0.1543254852294922,-20.679170608520508,conv_lowtv,1,conv_lowtv,1,0.00022793358948547393,0.00022793358948547393
2,kodim09,2,2,conv_lowtv|wavelet|inr,conv_lowtv,frecuencia,0.3064289093017578,-20.47868537902832,conv_lowtv,1,conv_lowtv,1,0.0003378843830432743,0.0003378843830432743
2,kodim09,2,3,conv_lowtv|wavelet|inr,conv_lowtv,frecuencia,0.3273754119873047,-20.48731803894043,conv_lowtv,1,conv_lowtv,1,0.0006228878046385944,0.0006228878046385944
2,kodim09,2,4,conv_lowtv|wavelet|inr,conv_lowtv,frecuencia,0.20044708251953125,-20.500808715820312,conv_lowtv,1,conv_lowtv,1,0.00047097750939428806,0.00047097750939428806
2,kodim09,2,5,conv_lowtv|wavelet|inr,conv_lowtv,frecuencia,0.5193958282470703,-20.370037078857422,conv_lowtv,1,conv_lowtv,1,0.00029028247809037566,0.00029028247809037566
2,kodim09,2,6,conv_lowtv|wavelet|inr,conv_lowtv,frecuencia,0.43834495544433594,-20.296974182128906,conv_lowtv,1,conv_lowtv,1,0.00027719809440895915,0.00027719809440895915
2,kodim09,2,7,conv_lowtv|wavelet|inr,conv_lowtv,frecuencia,0.5454902648925781,-20.47780418395996,conv_lowtv,1,conv_lowtv,1,0.00038835860323160887,0.00038835860323160887
2,kodim09,2,8,conv_lowtv|wavelet|inr,conv_lowtv,frecuencia,0.2579078674316406,-20.626203536987305,conv_lowtv,1,conv_lowtv,1,0.00037860244628973305,0.00037860244628973305
2,kodim09,3,1,dct|had,dct,transformada,0.2513999938964844,-20.449432373046875,dct,1,dct,1,0.000404447695473209,0.000404447695473209
2,kodim09,3,2,dct|had,dct,transformada,0.07287788391113281,-20.458646774291992,dct,1,had,0,0.0007514434400945902,0.00045287079410627484
2,kodim09,3,3,dct|had,had,transformada,0.014307022094726562,-20.496877670288086,had,1,had,1,0.0005122129223309457,0.0005122129223309457
2,kodim09,3,4,dct|had,dct,transformada,0.08518218994140625,-20.475086212158203,dct,1,had,0,0.0005216876743361354,0.0003490731760393828
2,kodim09,3,5,dct|had,had,transformada,0.001373291015625,-20.45086669921875,had,1,had,1,0.00034129785490222275,0.00034129785490222275
2,kodim09,3,6,dct|had,dct,transformada,0.03406333923339844,-20.508638381958008,dct,1,had,0,0.0003154775477014482,0.00027674369630403817
2,kodim09,3,7,dct|had,dct,transformada,0.06396675109863281,-20.418014526367188,dct,1,had,0,0.0005545133026316762,0.00025544152595102787
2,kodim09,3,8,dct|had,had,transformada,0.033203125,-20.38806915283203,had,1,had,1,0.0001570272579556331,0.0001570272579556331
2,kodim09,4,1,tv2|huber,tv2,regularizador,0.11473846435546875,-20.64990234375,tv2,1,huber,0,0.0005763855297118425,0.0005253269919194281
2,kodim09,4,2,tv2|huber,tv2,regularizador,0.06183052062988281,-20.305871963500977,tv2,1,huber,0,0.0019927562680095434,0.000602381129283458
2,kodim09,4,3,tv2|huber,tv2,regularizador,0.2786426544189453,-20.248374938964844,tv2,1,tv2,1,0.0010818821610882878,0.0010818821610882878
2,kodim09,4,4,tv2|huber,tv2,regularizador,0.24428367614746094,-20.25241470336914,tv2,1,huber,0,0.0009717477369122207,0.0009709178120829165
2,kodim09,4,5,tv2|huber,tv2,regularizador,0.3533458709716797,-20.18914031982422,tv2,1,tv2,1,0.0007254324737004936,0.0007254324737004936
2,kodim09,4,6,tv2|huber,tv2,regularizador,0.3869781494140625,-20.163057327270508,tv2,1,tv2,1,0.0007482253131456673,0.0007482253131456673
2,kodim09,4,7,tv2|huber,tv2,regularizador,0.0098876953125,-20.483306884765625,tv2,1,huber,0,0.0013605252606794238,0.0006273622275330126
2,kodim09,4,8,tv2|huber,tv2,regularizador,0.34172630310058594,-20.260963439941406,tv2,1,huber,0,0.0009726715506985784,0.0007440116605721414
2,kodim09,5,1,dct|tv2,dct,transformada,0.05466651916503906,-20.643802642822266,dct,1,dct,1,0.00011866252316394821,0.00011866252316394821
2,kodim09,5,2,dct|tv2,tv2,regularizador,0.04895782470703125,-20.467342376708984,tv2,1,dct,0,0.0007369219092652202,0.00018689992430154234
2,kodim09,5,3,dct|tv2,tv2,regularizador,0.12210464477539062,-20.306293487548828,tv2,1,dct,0,0.0009098065784201026,0.0007530143484473228
2,kodim09,5,4,dct|tv2,tv2,regularizador,0.31354331970214844,-20.306190490722656,tv2,1,dct,0,0.0008361279615201056,0.0007953962776809931
2,kodim09,5,5,dct|tv2,tv2,regularizador,0.17960548400878906,-20.296274185180664,tv2,1,dct,0,0.0009978703455999494,0.0003108134842477739
2,kodim09,5,6,dct|tv2,tv2,regularizador,0.04957389831542969,-20.418596267700195,tv2,1,dct,0,0.0010798336006700993,0.00045044501894153655
2,kodim09,5,7,dct|tv2,tv2,regularizador,0.2657146453857422,-20.314598083496094,tv2,1,dct,0,0.0006522619514726102,0.0005691157421097159
2,kodim09,5,8,dct|tv2,tv2,regularizador,0.07587432861328125,-20.40557098388672,tv2,1,dct,0,0.000962121644988656,0.00025629985611885786
2,kodim10,0,1,phys|robust,phys,datos,0.0912017822265625,-18.916236877441406,phys,1,phys,1,0.00023100661928765476,0.00023100661928765476
2,kodim10,0,2,phys|robust,robust,datos,0.05489540100097656,-18.90754508972168,robust,1,phys,0,0.0021345075219869614,0.00034857995342463255
2,kodim10,0,3,phys|robust,robust,datos,0.07898330688476562,-18.749645233154297,robust,1,phys,0,0.002165331970900297,0.00038928454159758985
2,kodim10,0,4,phys|robust,robust,datos,0.19054031372070312,-18.675731658935547,robust,1,phys,0,0.0023525203578174114,0.0001996318023884669
2,kodim10,0,5,phys|robust,robust,datos,0.11183738708496094,-18.722694396972656,robust,1,phys,0,0.003130747238174081,0.0004349345399532467
2,kodim10,0,6,phys|robust,robust,datos,0.1903667449951172,-18.682762145996094,robust,1,phys,0,0.0031793517991900444,0.00046378024853765965
2,kodim10,0,7,phys|robust,robust,datos,0.2204265594482422,-18.64725685119629,robust,1,phys,0,0.0034886032808572054,0.00041382957715541124
2,kodim10,0,8,phys|robust,robust,datos,0.2803802490234375,-18.65707778930664,robust,1,phys,0,0.004425197374075651,0.00040017440915107727
2,kodim10,1,1,conv|prox_tv,conv,suavidad,0.7140140533447266,-18.913894653320312,conv,1,conv,1,0.0001314937399001792,0.0001314937399001792
2,kodim10,1,2,conv|prox_tv,conv,suavidad,0.532012939453125,-18.810989379882812,conv,1,prox_tv,0,0.00048771320143714547,0.0001300301228184253
2,kodim10,1,3,conv|prox_tv,conv,suavidad,0.5386009216308594,-18.789459228515625,conv,1,prox_tv,0,0.0003344855213072151,0.0002670631220098585
2,kodim10,1,4,conv|prox_tv,conv,suavidad,0.5665664672851562,-18.83367156982422,conv,1,conv,1,0.00015993928536772728,0.00015993928536772728
2,kodim10,1,5,conv|prox_tv,conv,suavidad,0.5881004333496094,-18.809825897216797,conv,1,conv,1,0.00018619641195982695,0.00018619641195982695
2,kodim10,1,6,conv|prox_tv,conv,suavidad,0.6367530822753906,-18.7921142578125,conv,1,conv,1,0.0002335729222977534,0.0002335729222977534
2,kodim10,1,7,conv|prox_tv,prox_tv,suavidad,0.14615249633789062,-19.258005142211914,prox_tv,1,prox_tv,1,0.00010030192061094567,0.00010030192061094567
2,kodim10,1,8,conv|prox_tv,conv,suavidad,0.4752845764160156,-18.76594352722168,conv,1,prox_tv,0,0.00013829878298565745,6.719043449265882e-05
2,kodim10,2,1,conv_lowtv|wavelet|inr,conv_lowtv,frecuencia,0.14786148071289062,-18.97228240966797,conv_lowtv,1,conv_lowtv,1,0.00018580362666398287,0.00018580362666398287
2,kodim10,2,2,conv_lowtv|wavelet|inr,conv_lowtv,frecuencia,0.3121013641357422,-18.872169494628906,conv_lowtv,1,conv_lowtv,1,0.00012468227942008525,0.00012468227942008525
2,kodim10,2,3,conv_lowtv|wavelet|inr,conv_lowtv,frecuencia,0.4169273376464844,-18.730663299560547,conv_lowtv,1,conv_lowtv,1,0.000153927510837093,0.000153927510837093
2,kodim10,2,4,conv_lowtv|wavelet|inr,conv_lowtv,frecuencia,0.36831092834472656,-18.813453674316406,conv_lowtv,1,conv_lowtv,1,0.00019642591360025108,0.00019642591360025108
2,kodim10,2,5,conv_lowtv|wavelet|inr,conv_lowtv,frecuencia,0.6173610687255859,-18.69133186340332,conv_lowtv,1,conv_lowtv,1,0.00014465600543189794,0.00014465600543189794
2,kodim10,2,6,conv_lowtv|wavelet|inr,conv_lowtv,frecuencia,0.5643424987792969,-18.704105377197266,conv_lowtv,1,conv_lowtv,1,6.052572280168533e-05,6.052572280168533e-05
2,kodim10,2,7,conv_lowtv|wavelet|inr,conv_lowtv,frecuencia,0.5591316223144531,-18.726417541503906,conv_lowtv,1,conv_lowtv,1,5.6843655329430476e-05,5.6843655329430476e-05
2,kodim10,2,8,conv_lowtv|wavelet|inr,conv_lowtv,frecuencia,0.35051727294921875,-18.888935089111328,conv_lowtv,1,conv_lowtv,1,0.00014481857942882925,0.00014481857942882925
2,kodim10,3,1,dct|had,dct,transformada,0.10941886901855469,-18.7991943359375,dct,1,dct,1,0.00015681875811424106,0.00015681875811424106
2,kodim10,3,2,dct|had,had,transformada,0.02303314208984375,-18.640239715576172,had,1,had,1,0.0001413563877576962,0.0001413563877576962
2,kodim10,3,3,dct|had,dct,transformada,0.0075778961181640625,-18.83167266845703,dct,1,had,0,0.0003042025491595268,0.0001652961509535089
2,kodim10,3,4,dct|had,dct,transformada,0.029077529907226562,-18.7513427734375,dct,1,had,0,0.0003640039649326354,0.00016729456547182053
2,kodim10,3,5,dct|had,dct,transformada,0.24524879455566406,-18.622838973999023,dct,1,dct,1,0.00020232873794157058,0.00020232873794157058
2,kodim10,3,6,dct|had,dct,transformada,0.0854644775390625,-18.78247833251953,dct,1,dct,1,0.00028559198835864663,0.00028559198835864663
2,kodim10,3,7,dct|had,had,transformada,0.06450843811035156,-18.740610122680664,had,1,had,1,0.0003224255342502147,0.0003224255342502147
2,kodim10,3,8,dct|had,dct,transformada,0.05694007873535156,-18.829788208007812,dct,1,dct,1,0.0002413309848634526,0.0002413309848634526
2,kodim10,4,1,tv2|huber,tv2,regularizador,0.07227325439453125,-18.977237701416016,tv2,1,huber,0,0.0007401109323836863,0.0003058777656406164
2,kodim10,4,2,tv2|huber,tv2,regularizador,0.17340087890625,-18.645858764648438,tv2,1,huber,0,0.0007611280889250338,0.0004054104210808873
2,kodim10,4,3,tv2|huber,tv2,regularizador,0.22221755981445312,-18.593120574951172,tv2,1,huber,0,0.000854667101521045,0.000426964572397992
2,kodim10,4,4,tv2|huber,tv2,regularizador,0.2344646453857422,-18.55650520324707,tv2,1,huber,0,0.0004532560706138611,0.0003312670742161572
2,kodim10,4,5,tv2|huber,tv2,regularizador,0.11711502075195312,-18.664085388183594,tv2,1,huber,0,0.0006603692308999598,0.000323086220305413
2,kodim10,4,6,tv2|huber,huber,regularizador,0.00020599365234375,-18.841110229492188,huber,1,huber,1,0.0005550389178097248,0.0005550389178097248
2,kodim10,4,7,tv2|huber,tv2,regularizador,0.19617843627929688,-18.750778198242188,tv2,1,huber,0,0.0008224333287216723,0.00043140852358192205
2,kodim10,4,8,tv2|huber,tv2,regularizador,0.13202857971191406,-18.68905258178711,tv2,1,huber,0,0.000870489573571831,0.0002671609108801931
2,kodim10,5,1,dct|tv2,tv2,regularizador,0.13254547119140625,-19.02762222290039,tv2,1,dct,0,0.0006061365129426122,0.0004105200059711933
2,kodim10,5,2,dct|tv2,tv2,regularizador,0.17264747619628906,-18.706073760986328,tv2,1,dct,0,0.0007021419587545097,0.0003350471379235387
2,kodim10,5,3,dct|tv2,tv2,regularizador,0.45697784423828125,-18.511934280395508,tv2,1,dct,0,0.0003799267578870058,0.0002702689671423286
2,kodim10,5,4,dct|tv2,tv2,regularizador,0.22776222229003906,-18.60802459716797,tv2,1,dct,0,0.0004426744708325714,0.0002783934760373086
2,kodim10,5,5,dct|tv2,dct,transformada,0.020471572875976562,-18.788131713867188,dct,1,dct,1,0.00026471586897969246,0.00026471586897969246
2,kodim10,5,6,dct|tv2,tv2,regularizador,0.09314537048339844,-18.75226402282715,tv2,1,dct,0,0.0004609619209077209,0.00016560236690565944
2,kodim10,5,7,dct|tv2,tv2,regularizador,0.19539833068847656,-18.675155639648438,tv2,1,dct,0,0.0006619738414883614,0.00020235928241163492
2,kodim10,5,8,dct|tv2,tv2,regularizador,0.4583892822265625,-18.62352180480957,tv2,1,dct,0,0.0006896340637467802,0.0006668134592473507
2,kodim11,0,1,phys|robust,phys,datos,0.004634857177734375,-19.258285522460938,phys,1,phys,1,0.000406477163778618,0.000406477163778618
2,kodim11,0,2,phys|robust,robust,datos,0.20083236694335938,-18.74936294555664,robust,1,phys,0,0.006490720435976982,0.0005010212771594524
2,kodim11,0,3,phys|robust,robust,datos,0.06284904479980469,-18.349807739257812,robust,1,phys,0,0.004835651721805334,0.0005047335871495306
2,kodim11,0,4,phys|robust,robust,datos,0.08621978759765625,-18.167118072509766,robust,1,phys,0,0.005338318180292845,0.0004235272645018995
2,kodim11,0,5,phys|robust,robust,datos,0.35973167419433594,-17.89101219177246,robust,1,phys,0,0.007564918603748083,0.0012038081185892224
2,kodim11,0,6,phys|robust,phys,datos,0.04895210266113281,-18.083215713500977,phys,1,phys,1,0.0012703037355095148,0.0012703037355095148
2,kodim11,0,7,phys|robust,phys,datos,0.09110641479492188,-17.912227630615234,phys,1,phys,1,0.0004650951595976949,0.0004650951595976949
2,kodim11,0,8,phys|robust,robust,datos,0.23727989196777344,-17.865068435668945,robust,1,phys,0,0.003822997445240617,0.0014095663791522384
2,kodim11,1,1,conv|prox_tv,conv,suavidad,0.4169788360595703,-19.402278900146484,conv,1,prox_tv,0,0.00047641299897804856,0.00036037020618095994
2,kodim11,1,2,conv|prox_tv,conv,suavidad,0.7426052093505859,-18.88439178466797,conv,1,conv,1,0.00035993376513943076,0.00035993376513943076
2,kodim11,1,3,conv|prox_tv,conv,suavidad,0.6452140808105469,-18.43726348876953,conv,1,conv,1,0.0012247177073732018,0.0012247177073732018
2,kodim11,1,4,conv|prox_tv,conv,suavidad,0.6836986541748047,-18.1370792388916,conv,1,conv,1,0.0011138146510347724,0.0011138146510347724
2,kodim11,1,5,conv|prox_tv,conv,suavidad,0.7947750091552734,-17.9055118560791,conv,1,conv,1,0.00040911237010732293,0.00040911237010732293
2,kodim11,1,6,conv|prox_tv,conv,suavidad,0.5306949615478516,-17.92658805847168,conv,1,prox_tv,0,0.0015364325372502208,0.0006333093042485416
2,kodim11,1,7,conv|prox_tv,conv,suavidad,0.5451984405517578,-17.805112838745117,conv,1,prox_tv,0,0.00024887360632419586,0.00021879244013689458
2,kodim11,1,8,conv|prox_tv,conv,suavidad,0.6310272216796875,-17.802963256835938,conv,1,conv,1,0.0004959557554684579,0.0004959557554684579
2,kodim11,2,1,conv_lowtv|wavelet|inr,conv_lowtv,frecuencia,0.587127685546875,-19.12506103515625,conv_lowtv,1,conv_lowtv,1,0.0001822097401600331,0.0001822097401600331
2,kodim11,2,2,conv_lowtv|wavelet|inr,conv_lowtv,frecuencia,0.42852783203125,-18.797286987304688,conv_lowtv,1,conv_lowtv,1,0.0005631687236018479,0.0005631687236018479
2,kodim11,2,3,conv_lowtv|wavelet|inr,conv_lowtv,frecuencia,0.35001182556152344,-18.234766006469727,conv_lowtv,1,conv_lowtv,1,0.0010040667839348316,0.0010040667839348316
2,kodim11,2,4,conv_lowtv|wavelet|inr,conv_lowtv,frecuencia,0.34294891357421875,-17.863143920898438,conv_lowtv,1,conv_lowtv,1,0.0005577090196311474,0.0005577090196311474
2,kodim11,2,5,conv_lowtv|wavelet|inr,conv_lowtv,frecuencia,0.13415908813476562,-17.90707015991211,conv_lowtv,1,conv_lowtv,1,0.001772655756212771,0.001772655756212771
2,kodim11,2,6,conv_lowtv|wavelet|inr,conv_lowtv,frecuencia,0.36540985107421875,-17.74799919128418,conv_lowtv,1,conv_lowtv,1,0.0004834333958569914,0.0004834333958569914
2,kodim11,2,7,conv_lowtv|wavelet|inr,conv_lowtv,frecuencia,0.40517616271972656,-17.5982608795166,conv_lowtv,1,conv_lowtv,1,0.00019809749210253358,0.00019809749210253358
2,kodim11,2,8,conv_lowtv|wavelet|inr,conv_lowtv,frecuencia,0.15567779541015625,-17.846445083618164,conv_lowtv,1,conv_lowtv,1,0.0008190331282094121,0.0008190331282094121
2,kodim11,3,1,dct|had,dct,transformada,0.15065956115722656,-19.402013778686523,dct,1,had,0,0.0005358811467885971,0.0003865920298267156
2,kodim11,3,2,dct|had,dct,transformada,0.008424758911132812,-18.134031295776367,dct,1,had,0,0.0006141702178865671,0.00043535084114409983
2,kodim11,3,3,dct|had,had,transformada,0.0054988861083984375,-17.76633644104004,had,1,had,1,0.0007797297439537942,0.0007797297439537942
2,kodim11,3,4,dct|had,dct,transformada,0.012964248657226562,-17.816940307617188,dct,1,had,0,0.0024216054007411003,0.0005560087156482041
2,kodim11,3,5,dct|had,dct,transformada,0.029331207275390625,-17.661014556884766,dct,1,had,0,0.0014117719838395715,0.0006286394200287759
2,kodim11,3,6,dct|had,dct,transformada,0.14558982849121094,-17.529085159301758,dct,1,had,0,0.000782429298851639,0.000519057794008404
2,kodim11,3,7,dct|had,dct,transformada,0.21236801147460938,-17.62071990966797,dct,1,dct,1,0.000814565340988338,0.000814565340988338
2,kodim11,3,8,dct|had,dct,transformada,0.1351146697998047,-17.67161750793457,dct,1,had,0,0.0017120353877544403,0.0010544840479269624
2,kodim11,4,1,tv2|huber,tv2,regularizador,0.08568954467773438,-19.599586486816406,tv2,1,huber,0,0.001349054160527885,0.0006638258346356452
2,kodim11,4,2,tv2|huber,tv2,regularizador,0.28961753845214844,-17.66053581237793,tv2,1,huber,0,0.0022955264430493116,0.001611091778613627
2,kodim11,4,3,tv2|huber,huber,regularizador,1.0906143188476562,-17.47008514404297,huber,1,huber,1,0.001059041591361165,0.001059041591361165
2,kodim11,4,4,tv2|huber,tv2,regularizador,0.10559463500976562,-17.605670928955078,tv2,1,huber,0,0.0027663372457027435,0.0008362025255337358
2,kodim11,4,5,tv2|huber,tv2,regularizador,0.18181610107421875,-17.582324981689453,tv2,1,huber,0,0.0029712440446019173,0.0011741907801479101
2,kodim11,4,6,tv2|huber,tv2,regularizador,0.1561431884765625,-17.546358108520508,tv2,1,huber,0,0.0023865459952503443,0.0011259909952059388
2,kodim11,4,7,tv2|huber,huber,regularizador,0.6282482147216797,-17.59313201904297,huber,1,huber,1,0.00144569028634578,0.00144569028634578
2,kodim11,4,8,tv2|huber,tv2,regularizador,0.3005867004394531,-17.59771728515625,tv2,1,tv2,1,0.0021065804176032543,0.0021065804176032543
2,kodim11,5,1,dct|tv2,tv2,regularizador,0.11299896240234375,-19.8287353515625,tv2,1,dct,0,0.0014579840935766697,0.001370068290270865
2,kodim11,5,2,dct|tv2,tv2,regularizador,0.19730758666992188,-17.595550537109375,tv2,1,dct,0,0.0017685287166386843,0.0008305106312036514
2,kodim11,5,3,dct|tv2,dct,transformada,0.08904266357421875,-17.686729431152344,dct,1,dct,1,0.0009856479009613395,0.0009856479009613395
2,kodim11,5,4,dct|tv2,tv2,regularizador,0.20659637451171875,-17.726505279541016,tv2,1,dct,0,0.002171877073124051,0.0015943824546411633
2,kodim11,5,5,dct|tv2,tv2,regularizador,0.18709564208984375,-17.56853485107422,tv2,1,dct,0,0.0021520275622606277,0.0017894766060635448
2,kodim11,5,6,dct|tv2,tv2,regularizador,0.2689208984375,-17.561965942382812,tv2,1,dct,0,0.0013970609288662672,0.0009632959845475852
2,kodim11,5,7,dct|tv2,tv2,regularizador,0.20000267028808594,-17.635644912719727,tv2,1,dct,0,0.0017664521001279354,0.0008403187384828925
2,kodim11,5,8,dct|tv2,tv2,regularizador,0.4784107208251953,-17.504383087158203,tv2,1,dct,0,0.0017415725160390139,0.001526686130091548
2,kodim12,0,1,phys|robust,robust,datos,0.238372802734375,-19.482574462890625,robust,1,phys,0,0.00027418069657869637,8.469669410260394e-05
2,kodim12,0,2,phys|robust,robust,datos,0.08191299438476562,-19.538936614990234,robust,1,phys,0,0.0047020940110087395,0.0001810123212635517
2,kodim12,0,3,phys|robust,robust,datos,0.5087127685546875,-19.26693344116211,robust,1,phys,0,0.0022464371286332607,0.00012021191651001573
2,kodim12,0,4,phys|robust,robust,datos,0.274505615234375,-19.60348892211914,robust,1,phys,0,0.003384987823665142,9.946739010047168e-05
2,kodim12,0,5,phys|robust,robust,datos,0.4159088134765625,-19.639995574951172,robust,1,phys,0,0.002335944911465049,0.000194588239537552
2,kodim12,0,6,phys|robust,robust,datos,0.3560314178466797,-19.774301528930664,robust,1,phys,0,0.0027974555268883705,0.00013794821279589087
2,kodim12,0,7,phys|robust,phys,datos,0.14677810668945312,-20.165061950683594,phys,1,phys,1,0.0001811886759242043,0.0001811886759242043
2,kodim12,0,8,phys|robust,robust,datos,0.27799034118652344,-19.90186882019043,robust,1,phys,0,0.0005161319277249277,0.00010860743350349367
2,kodim12,1,1,conv|prox_tv,conv,suavidad,0.6009712219238281,-19.585895538330078,conv,1,conv,1,9.185991802951321e-05,9.185991802951321e-05
2,kodim12,1,2,conv|prox_tv,conv,suavidad,0.3624114990234375,-19.704883575439453,conv,1,prox_tv,0,0.0001194951546494849,0.00010355575795983896
2,kodim12,1,3,conv|prox_tv,conv,suavidad,0.371307373046875,-19.906883239746094,conv,1,prox_tv,0,0.0001834950380725786,8.380189683521166e-05
2,kodim12,1,4,conv|prox_tv,conv,suavidad,0.26503753662109375,-19.91938018798828,conv,1,prox_tv,0,8.405442349612713e-05,5.7968918554252014e-05
2,kodim12,1,5,conv|prox_tv,conv,suavidad,0.6622314453125,-19.742748260498047,conv,1,conv,1,5.464000059873797e-05,5.464000059873797e-05
2,kodim12,1,6,conv|prox_tv,conv,suavidad,0.9269561767578125,-19.733905792236328,conv,1,conv,1,4.038325641886331e-05,4.038325641886331e-05
2,kodim12,1,7,conv|prox_tv,conv,suavidad,0.7301883697509766,-19.831745147705078,conv,1,conv,1,4.4404700020095333e-05,4.4404700020095333e-05
2,kodim12,1,8,conv|prox_tv,conv,suavidad,0.5727424621582031,-20.006816864013672,conv,1,conv,1,4.233945583109744e-05,4.233945583109744e-05
2,kodim12,2,1,conv_lowtv|wavelet|inr,conv_lowtv,frecuencia,0.44176483154296875,-19.335189819335938,conv_lowtv,1,conv_lowtv,1,9.919573494698852e-05,9.919573494698852e-05
2,kodim12,2,2,conv_lowtv|wavelet|inr,conv_lowtv,frecuencia,0.7787609100341797,-19.116212844848633,conv_lowtv,1,conv_lowtv,1,6.092312469263561e-05,6.092312469263561e-05
2,kodim12,2,3,conv_lowtv|wavelet|inr,conv_lowtv,frecuencia,0.7184944152832031,-19.432815551757812,conv_lowtv,1,conv_lowtv,1,5.639127630274743e-05,5.639127630274743e-05
2,kodim12,2,4,conv_lowtv|wavelet|inr,conv_lowtv,frecuencia,1.0447006225585938,-19.484458923339844,conv_lowtv,1,conv_lowtv,1,5.0937589548993856e-05,5.0937589548993856e-05
2,kodim12,2,5,conv_lowtv|wavelet|inr,conv_lowtv,frecuencia,0.802276611328125,-19.675182342529297,conv_lowtv,1,conv_lowtv,1,4.425084262038581e-05,4.425084262038581e-05
2,kodim12,2,6,conv_lowtv|wavelet|inr,conv_lowtv,frecuencia,0.27864646911621094,-20.098072052001953,conv_lowtv,1,conv_lowtv,1,5.238491576164961e-05,5.238491576164961e-05
2,kodim12,2,7,conv_lowtv|wavelet|inr,conv_lowtv,frecuencia,0.38994598388671875,-20.1685791015625,conv_lowtv,1,conv_lowtv,1,5.9548277931753546e-05,5.9548277931753546e-05
2,kodim12,2,8,conv_lowtv|wavelet|inr,conv_lowtv,frecuencia,0.5554485321044922,-19.951234817504883,conv_lowtv,1,conv_lowtv,1,3.0990551749709994e-05,3.0990551749709994e-05
2,kodim12,3,1,dct|had,had,transformada,0.11261940002441406,-19.61855125427246,had,1,had,1,8.014660852495581e-05,8.014660852495581e-05
2,kodim12,3,2,dct|had,dct,transformada,0.2064056396484375,-19.729034423828125,dct,1,had,0,9.094886627281085e-05,8.679012535139918e-05
2,kodim12,3,3,dct|had,dct,transformada,0.14026260375976562,-20.096101760864258,dct,1,dct,1,7.426945376209915e-05,7.426945376209915e-05
2,kodim12,3,4,dct|had,had,transformada,0.17162322998046875,-20.134883880615234,had,1,had,1,4.530492515186779e-05,4.530492515186779e-05
2,kodim12,3,5,dct|had,dct,transformada,0.06055641174316406,-20.4467830657959,dct,1,dct,1,5.9942776715615764e-05,5.9942776715615764e-05
2,kodim12,3,6,dct|had,had,transformada,0.048786163330078125,-20.413454055786133,had,1,had,1,7.08760999259539e-05,7.08760999259539e-05
2,kodim12,3,7,dct|had,dct,transformada,2.276134490966797,-20.44443130493164,dct,1,dct,1,5.821135709993541e-05,5.821135709993541e-05
2,kodim12,3,8,dct|had,dct,transformada,0.09547996520996094,-20.420137405395508,dct,1,had,0,0.00012186456297058612,7.471525168512017e-05
2,kodim12,4,1,tv2|huber,tv2,regularizador,0.1844329833984375,-19.574787139892578,tv2,1,huber,0,0.0002173094981117174,0.00013458002649713308
2,kodim12,4,2,tv2|huber,tv2,regularizador,0.23981857299804688,-20.120689392089844,tv2,1,tv2,1,0.00012074707774445415,0.00012074707774445415
2,kodim12,4,3,tv2|huber,huber,regularizador,0.2718219757080078,-20.623191833496094,huber,1,huber,1,0.00028156564803794026,0.00028156564803794026
2,kodim12,4,4,tv2|huber,tv2,regularizador,0.13900375366210938,-20.492359161376953,tv2,1,huber,0,0.00017681952158454806,0.00016971987497527152
2,kodim12,4,5,tv2|huber,tv2,regularizador,0.3052978515625,-20.314952850341797,tv2,1,huber,0,0.00016918334586080164,9.108107042266056e-05
2,kodim12,4,6,tv2|huber,tv2,regularizador,0.08711624145507812,-20.538915634155273,tv2,1,huber,0,0.00026773440185934305,0.00021953845862299204
2,kodim12,4,7,tv2|huber,tv2,regularizador,0.2320270538330078,-20.402286529541016,tv2,1,huber,0,0.0002465972793288529,0.00012332753976806998
2,kodim12,4,8,tv2|huber,tv2,regularizador,0.40233612060546875,-20.57465934753418,tv2,1,tv2,1,0.000387416104786098,0.000387416104786098
2,kodim12,5,1,dct|tv2,dct,transformada,0.3454780578613281,-19.60232162475586,dct,1,dct,1,9.82834244496189e-05,9.82834244496189e-05
2,kodim12,5,2,dct|tv2,tv2,regularizador,0.243682861328125,-19.686119079589844,tv2,1,dct,0,0.00019904143118765205,6.414616655092686e-05
2,kodim12,5,3,dct|tv2,tv2,regularizador,0.16562843322753906,-20.398303985595703,tv2,1,dct,0,0.00012067866919096559,9.862310980679467e-05
2,kodim12,5,4,dct|tv2,tv2,regularizador,0.3005218505859375,-20.355602264404297,tv2,1,tv2,1,0.0001577392831677571,0.0001577392831677571
2,kodim12,5,5,dct|tv2,tv2,regularizador,0.0712890625,-20.519542694091797,tv2,1,dct,0,0.00015045478357933462,7.795618148520589e-05
2,kodim12,5,6,dct|tv2,dct,transformada,0.09944915771484375,-20.606464385986328,dct,1,dct,1,0.0001359177113045007,0.0001359177113045007
2,kodim12,5,7,dct|tv2,tv2,regularizador,0.5304813385009766,-20.347564697265625,tv2,1,tv2,1,0.0001437447062926367,0.0001437447062926367
2,kodim12,5,8,dct|tv2,tv2,regularizador,0.2635154724121094,-20.38427734375,tv2,1,dct,0,0.000217592969420366,0.00011483428534120321
