machine,chunk,idx,cluster,step,chosen,families,scores,full_res
hdsp,chunk_0_4,0,0,1,phys,"[""phys"", ""robust""]","[-9.958779335021973, -10.353548049926758]","[0.0002376824850216508, 0.000844314752612263]"
hdsp,chunk_0_4,0,0,2,phys,"[""phys"", ""robust""]","[-10.016987800598145, -10.408852577209473]","[0.00031401103478856385, 0.0007075451430864632]"
hdsp,chunk_0_4,0,0,3,phys,"[""phys"", ""robust""]","[-10.055691719055176, -10.575861930847168]","[0.0004537343338597566, 0.001352558028884232]"
hdsp,chunk_0_4,0,0,4,phys,"[""phys"", ""robust""]","[-10.037043571472168, -10.41637897491455]","[0.00024514913093298674, 0.0006259778747335076]"
hdsp,chunk_0_4,0,0,5,phys,"[""phys"", ""robust""]","[-10.15062427520752, -10.635093688964844]","[0.00024313820176757872, 0.0008522191783413291]"
hdsp,chunk_0_4,0,0,6,phys,"[""phys"", ""robust""]","[-10.221510887145996, -10.62038516998291]","[0.00043312981142662466, 0.0006004662718623877]"
hdsp,chunk_0_4,0,0,7,phys,"[""phys"", ""robust""]","[-10.231040000915527, -10.74478816986084]","[0.00027633944409899414, 0.0008020067471079528]"
hdsp,chunk_0_4,0,0,8,phys,"[""phys"", ""robust""]","[-10.282808303833008, -10.675253868103027]","[0.0003640264621935785, 0.0007592953625135124]"
hdsp,chunk_0_4,0,1,1,conv,"[""conv"", ""prox_tv""]","[-9.860428810119629, -10.33019733428955]","[0.0003134189755655825, 0.0003334188077133149]"
hdsp,chunk_0_4,0,1,2,prox_tv,"[""conv"", ""prox_tv""]","[-10.228062629699707, -9.948370933532715]","[0.0005445852293632925, 0.00030344503466039896]"
hdsp,chunk_0_4,0,1,3,prox_tv,"[""conv"", ""prox_tv""]","[-10.169272422790527, -10.062931060791016]","[0.00037196933408267796, 0.00035009044222533703]"
hdsp,chunk_0_4,0,1,4,conv,"[""conv"", ""prox_tv""]","[-9.902215003967285, -10.391575813293457]","[0.00030210247496142983, 0.0003297706716693938]"
hdsp,chunk_0_4,0,1,5,prox_tv,"[""conv"", ""prox_tv""]","[-10.2887544631958, -10.105490684509277]","[0.00036334447213448584, 0.0003600946511141956]"
hdsp,chunk_0_4,0,1,6,conv,"[""conv"", ""prox_tv""]","[-9.9950532913208, -10.393023490905762]","[0.00023825197422411293, 0.00027927960036322474]"
hdsp,chunk_0_4,0,1,7,conv,"[""conv"", ""prox_tv""]","[-10.067641258239746, -10.480269432067871]","[0.0002767042024061084, 0.0003380574635230005]"
hdsp,chunk_0_4,0,1,8,conv,"[""conv"", ""prox_tv""]","[-10.11506175994873, -10.631701469421387]","[0.00029870070284232497, 0.0004432335845194757]"
hdsp,chunk_0_4,0,2,1,conv_lowtv,"[""conv_lowtv"", ""wavelet"", ""inr""]","[-10.20324420928955, -11.002976417541504, -14.8458890914917]","[0.00028602610109373927, 0.000915676006115973, 0.13431750237941742]"
hdsp,chunk_0_4,0,2,2,conv_lowtv,"[""conv_lowtv"", ""wavelet"", ""inr""]","[-10.239293098449707, -11.061010360717773, -14.762547492980957]","[0.0003417012339923531, 0.001032550004310906, 0.11990359425544739]"
hdsp,chunk_0_4,0,2,3,conv_lowtv,"[""conv_lowtv"", ""wavelet"", ""inr""]","[-10.354852676391602, -11.223967552185059, -15.23366641998291]","[0.00039536459371447563, 0.0008458527736365795, 0.14027667045593262]"
hdsp,chunk_0_4,0,2,4,conv_lowtv,"[""conv_lowtv"", ""wavelet"", ""inr""]","[-10.308335304260254, -11.197988510131836, -14.9873628616333]","[0.00029776079463772476, 0.0011287586530670524, 0.12179703265428543]"
hdsp,chunk_0_4,0,2,5,conv_lowtv,"[""conv_lowtv"", ""wavelet"", ""inr""]","[-10.394074440002441, -11.326225280761719, -14.93327808380127]","[0.00033219059696421027, 0.00068209960591048, 0.12013711035251617]"
hdsp,chunk_0_4,0,2,6,conv_lowtv,"[""conv_lowtv"", ""wavelet"", ""inr""]","[-10.556172370910645, -11.435006141662598, -15.023320198059082]","[0.00023774556757416576, 0.0008431515307165682, 0.12019391357898712]"
hdsp,chunk_0_4,0,2,7,conv_lowtv,"[""conv_lowtv"", ""wavelet"", ""inr""]","[-10.425655364990234, -11.436610221862793, -15.068020820617676]","[0.0002062089479295537, 0.0009188627591356635, 0.1246488019824028]"
hdsp,chunk_0_4,0,2,8,conv_lowtv,"[""conv_lowtv"", ""wavelet"", ""inr""]","[-10.599834442138672, -11.52077865600586, -15.211434364318848]","[0.000542247376870364, 0.000894810538738966, 0.1258823573589325]"
hdsp,chunk_0_4,0,3,1,dct,"[""dct"", ""had""]","[-9.943278312683105, -10.432055473327637]","[0.00020607738406397402, 0.0002796716580633074]"
hdsp,chunk_0_4,0,3,2,dct,"[""dct"", ""had""]","[-9.85012149810791, -10.335407257080078]","[0.0004137529758736491, 0.00041655052336864173]"
hdsp,chunk_0_4,0,3,3,dct,"[""dct"", ""had""]","[-9.93641185760498, -10.42372989654541]","[0.0003463265602476895, 0.0004637243691831827]"
hdsp,chunk_0_4,0,3,4,dct,"[""dct"", ""had""]","[-9.92020320892334, -10.443772315979004]","[0.0002963624137919396, 0.00036776482011191547]"
hdsp,chunk_0_4,0,3,5,had,"[""dct"", ""had""]","[-10.38000202178955, -10.246758460998535]","[0.00040856690611690283, 0.0003261311794631183]"
hdsp,chunk_0_4,0,3,6,dct,"[""dct"", ""had""]","[-10.109345436096191, -10.541213035583496]","[0.00033638853346928954, 0.0004908610717393458]"
hdsp,chunk_0_4,0,3,7,dct,"[""dct"", ""had""]","[-10.070883750915527, -10.61526107788086]","[0.00031967132235877216, 0.0003840825520455837]"
hdsp,chunk_0_4,0,3,8,had,"[""dct"", ""had""]","[-10.589110374450684, -10.37774658203125]","[0.0006803055293858051, 0.00042961383587680757]"
hdsp,chunk_0_4,0,4,1,huber,"[""tv2"", ""huber""]","[-10.190149307250977, -10.074727058410645]","[0.0005541110294871032, 0.0003553280548658222]"
hdsp,chunk_0_4,0,4,2,huber,"[""tv2"", ""huber""]","[-10.021660804748535, -9.9204740524292]","[0.00035272978129796684, 0.000245021132286638]"
hdsp,chunk_0_4,0,4,3,tv2,"[""tv2"", ""huber""]","[-9.718539237976074, -10.355158805847168]","[0.000385663821361959, 0.00041354759014211595]"
hdsp,chunk_0_4,0,4,4,tv2,"[""tv2"", ""huber""]","[-10.202977180480957, -10.256341934204102]","[0.0004891075659543276, 0.00045972177758812904]"
hdsp,chunk_0_4,0,4,5,tv2,"[""tv2"", ""huber""]","[-9.680506706237793, -10.495774269104004]","[0.00036268625990487635, 0.0005246002110652626]"
hdsp,chunk_0_4,0,4,6,tv2,"[""tv2"", ""huber""]","[-10.093644142150879, -10.185318946838379]","[0.0003218285564798862, 0.00026880312361754477]"
hdsp,chunk_0_4,0,4,7,tv2,"[""tv2"", ""huber""]","[-10.162703514099121, -10.186162948608398]","[0.0003509542439132929, 0.00031648477306589484]"
hdsp,chunk_0_4,0,4,8,tv2,"[""tv2"", ""huber""]","[-9.921987533569336, -10.591575622558594]","[0.00038085595588199794, 0.00043195520993322134]"
hdsp,chunk_0_4,0,5,1,tv2,"[""dct"", ""tv2""]","[-10.321526527404785, -9.706477165222168]","[0.00044895437895320356, 0.0002613408141769469]"
hdsp,chunk_0_4,0,5,2,dct,"[""dct"", ""tv2""]","[-9.880815505981445, -9.914133071899414]","[0.0002150180225726217, 0.0004391242400743067]"
hdsp,chunk_0_4,0,5,3,dct,"[""dct"", ""tv2""]","[-9.949435234069824, -10.007858276367188]","[0.0003179116465616971, 0.00035700760781764984]"
hdsp,chunk_0_4,0,5,4,dct,"[""dct"", ""tv2""]","[-9.990324974060059, -10.025086402893066]","[0.0002987838815897703, 0.0003814075607806444]"
hdsp,chunk_0_4,0,5,5,tv2,"[""dct"", ""tv2""]","[-10.482186317443848, -9.827330589294434]","[0.000668435066472739, 0.00036353603354655206]"
hdsp,chunk_0_4,0,5,6,dct,"[""dct"", ""tv2""]","[-10.084648132324219, -10.126540184020996]","[0.000332618597894907, 0.00044706350308842957]"
hdsp,chunk_0_4,0,5,7,dct,"[""dct"", ""tv2""]","[-10.087332725524902, -10.119040489196777]","[0.00031141057843342423, 0.00034096426679752767]"
hdsp,chunk_0_4,0,5,8,dct,"[""dct"", ""tv2""]","[-10.058565139770508, -10.194314002990723]","[0.00018740323139354587, 0.0004434006114024669]"
hdsp,chunk_0_4,1,0,1,phys,"[""phys"", ""robust""]","[-10.371694564819336, -10.773675918579102]","[0.00016055666492320597, 0.0021200301125645638]"
hdsp,chunk_0_4,1,0,2,phys,"[""phys"", ""robust""]","[-10.804329872131348, -10.876482009887695]","[0.00022752324002794921, 0.0017878183862194419]"
hdsp,chunk_0_4,1,0,3,robust,"[""phys"", ""robust""]","[-10.7658052444458, -10.65321159362793]","[0.0002719131007324904, 0.0012129194801673293]"
hdsp,chunk_0_4,1,0,4,phys,"[""phys"", ""robust""]","[-10.63906478881836, -10.718178749084473]","[0.00045548423076979816, 0.0030330258887261152]"
hdsp,chunk_0_4,1,0,5,phys,"[""phys"", ""robust""]","[-10.438887596130371, -10.85427474975586]","[0.00011361765064066276, 0.003880120813846588]"
hdsp,chunk_0_4,1,0,6,phys,"[""phys"", ""robust""]","[-10.22870922088623, -10.494134902954102]","[0.00012402342690620571, 0.001352023216895759]"
hdsp,chunk_0_4,1,0,7,phys,"[""phys"", ""robust""]","[-10.225502967834473, -10.236716270446777]","[0.00010795346315717325, 0.00044145164429210126]"
hdsp,chunk_0_4,1,0,8,phys,"[""phys"", ""robust""]","[-10.401534080505371, -10.735922813415527]","[9.749941091286018e-05, 0.0010376780992373824]"
hdsp,chunk_0_4,1,1,1,conv,"[""conv"", ""prox_tv""]","[-10.492966651916504, -11.839235305786133]","[0.00018204300431534648, 0.0007203503628261387]"
hdsp,chunk_0_4,1,1,2,conv,"[""conv"", ""prox_tv""]","[-10.573712348937988, -10.751237869262695]","[0.00018895126413553953, 0.00018920222646556795]"
hdsp,chunk_0_4,1,1,3,conv,"[""conv"", ""prox_tv""]","[-10.276299476623535, -10.702095031738281]","[0.0001149313902715221, 0.00026213223463855684]"
hdsp,chunk_0_4,1,1,4,prox_tv,"[""conv"", ""prox_tv""]","[-11.000840187072754, -10.409097671508789]","[0.00031566660618409514, 9.658376802690327e-05]"
hdsp,chunk_0_4,1,1,5,conv,"[""conv"", ""prox_tv""]","[-10.466917991638184, -11.156505584716797]","[0.00018578242452349514, 0.00033548142528161407]"
hdsp,chunk_0_4,1,1,6,prox_tv,"[""conv"", ""prox_tv""]","[-10.399174690246582, -10.36402416229248]","[0.00022611618624068797, 0.0001370877434965223]"
hdsp,chunk_0_4,1,1,7,conv,"[""conv"", ""prox_tv""]","[-9.776162147521973, -10.613022804260254]","[0.00010289962665410712, 0.00016372965183109045]"
hdsp,chunk_0_4,1,1,8,prox_tv,"[""conv"", ""prox_tv""]","[-10.774886131286621, -10.274948120117188]","[0.0001958028442459181, 0.00015259090287145227]"
hdsp,chunk_0_4,1,2,1,conv_lowtv,"[""conv_lowtv"", ""wavelet"", ""inr""]","[-10.301243782043457, -10.997750282287598, -12.695578575134277]","[0.0002525030286051333, 0.0003572390996851027, 0.1721057891845703]"
hdsp,chunk_0_4,1,2,2,conv_lowtv,"[""conv_lowtv"", ""wavelet"", ""inr""]","[-10.80161190032959, -10.82685661315918, -12.794659614562988]","[0.00031384662725031376, 0.0002901930420193821, 0.16000327467918396]"
hdsp,chunk_0_4,1,2,3,conv_lowtv,"[""conv_lowtv"", ""wavelet"", ""inr""]","[-10.221999168395996, -10.968404769897461, -13.150408744812012]","[0.00014389152056537569, 0.00034922154736705124, 0.15490958094596863]"
hdsp,chunk_0_4,1,2,4,conv_lowtv,"[""conv_lowtv"", ""wavelet"", ""inr""]","[-10.388256072998047, -10.98035717010498, -13.243776321411133]","[0.00013020184997003525, 0.0003999539476353675, 0.1590747982263565]"
hdsp,chunk_0_4,1,2,5,conv_lowtv,"[""conv_lowtv"", ""wavelet"", ""inr""]","[-10.335768699645996, -11.229676246643066, -13.249102592468262]","[0.00013199237582739443, 0.0003478924627415836, 0.1595757156610489]"
hdsp,chunk_0_4,1,2,6,conv_lowtv,"[""conv_lowtv"", ""wavelet"", ""inr""]","[-10.343058586120605, -11.449368476867676, -13.823418617248535]","[0.00011180698493262753, 0.0003037832793779671, 0.1569148451089859]"
hdsp,chunk_0_4,1,2,7,conv_lowtv,"[""conv_lowtv"", ""wavelet"", ""inr""]","[-10.295071601867676, -11.289955139160156, -13.69940185546875]","[0.0001015182351693511, 0.0002515560481697321, 0.17700296640396118]"
hdsp,chunk_0_4,1,2,8,conv_lowtv,"[""conv_lowtv"", ""wavelet"", ""inr""]","[-10.212903022766113, -11.327424049377441, -13.855470657348633]","[8.455922943539917e-05, 0.0003937699075322598, 0.18142807483673096]"
hdsp,chunk_0_4,1,3,1,had,"[""dct"", ""had""]","[-10.683897018432617, -10.27824592590332]","[0.00021559842571150512, 9.810501069296151e-05]"
hdsp,chunk_0_4,1,3,2,dct,"[""dct"", ""had""]","[-10.160408973693848, -11.187617301940918]","[0.00014767840912099928, 0.00022040469048079103]"
hdsp,chunk_0_4,1,3,3,had,"[""dct"", ""had""]","[-10.62267780303955, -10.320149421691895]","[0.0005365306860767305, 0.00016878926544450223]"
hdsp,chunk_0_4,1,3,4,dct,"[""dct"", ""had""]","[-10.033020973205566, -10.55949878692627]","[0.0001384586066706106, 0.00015131878899410367]"
hdsp,chunk_0_4,1,3,5,had,"[""dct"", ""had""]","[-10.42370319366455, -10.322037696838379]","[0.00017361287609674037, 0.0001341431780019775]"
hdsp,chunk_0_4,1,3,6,had,"[""dct"", ""had""]","[-10.175732612609863, -9.88569164276123]","[0.00012218016490805894, 0.00010457847383804619]"
hdsp,chunk_0_4,1,3,7,dct,"[""dct"", ""had""]","[-10.622542381286621, -10.796965599060059]","[0.00019684097787830979, 0.00023090413014870137]"
hdsp,chunk_0_4,1,3,8,dct,"[""dct"", ""had""]","[-10.42086410522461, -10.762093544006348]","[0.00015422672731801867, 0.00013548655260819942]"
hdsp,chunk_0_4,1,4,1,huber,"[""tv2"", ""huber""]","[-10.752585411071777, -10.71247386932373]","[0.00030068919295445085, 0.00022239952522795647]"
hdsp,chunk_0_4,1,4,2,tv2,"[""tv2"", ""huber""]","[-10.092582702636719, -10.253886222839355]","[0.0006797157693654299, 0.0004218260874040425]"
hdsp,chunk_0_4,1,4,3,tv2,"[""tv2"", ""huber""]","[-10.001021385192871, -10.62633991241455]","[0.00030004046857357025, 0.0003418075211811811]"
hdsp,chunk_0_4,1,4,4,tv2,"[""tv2"", ""huber""]","[-10.393654823303223, -10.565218925476074]","[0.000297067454084754, 0.00029656014521606266]"
hdsp,chunk_0_4,1,4,5,huber,"[""tv2"", ""huber""]","[-10.278006553649902, -10.223405838012695]","[0.0003477853024378419, 0.00026098728994838893]"
hdsp,chunk_0_4,1,4,6,tv2,"[""tv2"", ""huber""]","[-10.274683952331543, -10.300679206848145]","[0.00031431199749931693, 0.0003018469433300197]"
hdsp,chunk_0_4,1,4,7,huber,"[""tv2"", ""huber""]","[-10.590867042541504, -10.346930503845215]","[0.00043033072142861784, 0.00025974796153604984]"
hdsp,chunk_0_4,1,4,8,tv2,"[""tv2"", ""huber""]","[-10.252058982849121, -10.415318489074707]","[0.0003423702728468925, 0.00023541541304439306]"
hdsp,chunk_0_4,1,5,1,dct,"[""dct"", ""tv2""]","[-10.294157981872559, -10.51191234588623]","[0.00016718931146897376, 0.0004803948395419866]"
hdsp,chunk_0_4,1,5,2,tv2,"[""dct"", ""tv2""]","[-10.275932312011719, -10.178641319274902]","[0.00016616040375083685, 0.0003531893889885396]"
hdsp,chunk_0_4,1,5,3,tv2,"[""dct"", ""tv2""]","[-9.887553215026855, -9.874306678771973]","[0.00013103970559313893, 0.0002676563453860581]"
hdsp,chunk_0_4,1,5,4,tv2,"[""dct"", ""tv2""]","[-10.78725528717041, -9.916504859924316]","[0.00026425387477502227, 0.0002511083730496466]"
hdsp,chunk_0_4,1,5,5,tv2,"[""dct"", ""tv2""]","[-10.682473182678223, -10.322447776794434]","[0.0002181933814426884, 0.00028787742485292256]"
hdsp,chunk_0_4,1,5,6,tv2,"[""dct"", ""tv2""]","[-10.442116737365723, -9.979524612426758]","[0.000145088488352485, 0.00021593522978946567]"
hdsp,chunk_0_4,1,5,7,tv2,"[""dct"", ""tv2""]","[-10.755352020263672, -10.29965877532959]","[0.00020652299281209707, 0.0002989727072417736]"
hdsp,chunk_0_4,1,5,8,tv2,"[""dct"", ""tv2""]","[-11.06061840057373, -9.826669692993164]","[0.00022176254424266517, 0.00022134382743388414]"
hdsp,chunk_0_4,2,0,1,phys,"[""phys"", ""robust""]","[-9.587611198425293, -9.713189125061035]","[6.948432564968243e-05, 0.0001967463904293254]"
hdsp,chunk_0_4,2,0,2,phys,"[""phys"", ""robust""]","[-9.570956230163574, -9.720067024230957]","[9.102853800868616e-05, 0.0005739753250963986]"
hdsp,chunk_0_4,2,0,3,phys,"[""phys"", ""robust""]","[-9.303193092346191, -9.40282917022705]","[5.7564226153772324e-05, 0.0006681248778477311]"
hdsp,chunk_0_4,2,0,4,robust,"[""phys"", ""robust""]","[-9.505687713623047, -9.472001075744629]","[7.370564708253369e-05, 0.00031925071380101144]"
hdsp,chunk_0_4,2,0,5,phys,"[""phys"", ""robust""]","[-10.179003715515137, -10.312777519226074]","[0.0002005484711844474, 0.00593134481459856]"
hdsp,chunk_0_4,2,0,6,phys,"[""phys"", ""robust""]","[-9.406283378601074, -9.709336280822754]","[5.9517195040825754e-05, 0.00020878818759229034]"
hdsp,chunk_0_4,2,0,7,phys,"[""phys"", ""robust""]","[-9.235124588012695, -9.607773780822754]","[3.934255801141262e-05, 0.0002868742449209094]"
hdsp,chunk_0_4,2,0,8,phys,"[""phys"", ""robust""]","[-9.18182373046875, -9.67002010345459]","[3.940009992220439e-05, 0.00012366380542516708]"
hdsp,chunk_0_4,2,1,1,prox_tv,"[""conv"", ""prox_tv""]","[-10.340736389160156, -9.779041290283203]","[0.00017603191372472793, 9.309685992775485e-05]"
hdsp,chunk_0_4,2,1,2,conv,"[""conv"", ""prox_tv""]","[-9.230881690979004, -9.721467971801758]","[4.637919846572913e-05, 0.00012123508349759504]"
hdsp,chunk_0_4,2,1,3,prox_tv,"[""conv"", ""prox_tv""]","[-9.525124549865723, -9.194175720214844]","[7.51096595195122e-05, 6.136366573628038e-05]"
hdsp,chunk_0_4,2,1,4,prox_tv,"[""conv"", ""prox_tv""]","[-9.688249588012695, -9.308152198791504]","[7.871686830185354e-05, 7.642951823072508e-05]"
hdsp,chunk_0_4,2,1,5,prox_tv,"[""conv"", ""prox_tv""]","[-9.75638198852539, -9.371826171875]","[0.0001268416381208226, 7.295372779481113e-05]"
hdsp,chunk_0_4,2,1,6,conv,"[""conv"", ""prox_tv""]","[-9.308722496032715, -10.031085014343262]","[5.64524598303251e-05, 0.00011410102888476104]"
hdsp,chunk_0_4,2,1,7,prox_tv,"[""conv"", ""prox_tv""]","[-9.630088806152344, -9.271034240722656]","[7.095120963640511e-05, 4.915898898616433e-05]"
hdsp,chunk_0_4,2,1,8,conv,"[""conv"", ""prox_tv""]","[-9.088441848754883, -9.809462547302246]","[4.1686704207677394e-05, 7.140815432649106e-05]"
hdsp,chunk_0_4,2,2,1,conv_lowtv,"[""conv_lowtv"", ""wavelet"", ""inr""]","[-9.555148124694824, -10.420241355895996, -11.488457679748535]","[6.799835682613775e-05, 0.0002933771174866706, 0.10625867545604706]"
hdsp,chunk_0_4,2,2,2,conv_lowtv,"[""conv_lowtv"", ""wavelet"", ""inr""]","[-9.218417167663574, -10.243729591369629, -11.447287559509277]","[5.608861465589143e-05, 0.0002772582520265132, 0.10303866118192673]"
hdsp,chunk_0_4,2,2,3,conv_lowtv,"[""conv_lowtv"", ""wavelet"", ""inr""]","[-9.268445014953613, -10.301058769226074, -11.678433418273926]","[6.761715485481545e-05, 0.0004177922965027392, 0.10375567525625229]"
hdsp,chunk_0_4,2,2,4,conv_lowtv,"[""conv_lowtv"", ""wavelet"", ""inr""]","[-9.368557929992676, -10.352459907531738, -11.950385093688965]","[0.00011629638902377337, 0.0005271589616313577, 0.10589363425970078]"
hdsp,chunk_0_4,2,2,5,conv_lowtv,"[""conv_lowtv"", ""wavelet"", ""inr""]","[-8.966269493103027, -10.440258979797363, -12.146042823791504]","[6.420372665161267e-05, 0.0004221245471853763, 0.11293990910053253]"
hdsp,chunk_0_4,2,2,6,conv_lowtv,"[""conv_lowtv"", ""wavelet"", ""inr""]","[-8.92186450958252, -10.589173316955566, -12.198601722717285]","[3.434136669966392e-05, 0.0004587042785715312, 0.10416463017463684]"
hdsp,chunk_0_4,2,2,7,conv_lowtv,"[""conv_lowtv"", ""wavelet"", ""inr""]","[-8.952662467956543, -10.666668891906738, -12.139965057373047]","[4.297626583138481e-05, 0.00041634123772382736, 0.09999857097864151]"
hdsp,chunk_0_4,2,2,8,conv_lowtv,"[""conv_lowtv"", ""wavelet"", ""inr""]","[-8.987436294555664, -10.79731273651123, -12.453705787658691]","[3.824899977189489e-05, 0.0004191726620774716, 0.10634647309780121]"
hdsp,chunk_0_4,2,3,1,dct,"[""dct"", ""had""]","[-9.682799339294434, -10.127561569213867]","[7.943509990582243e-05, 8.744152000872418e-05]"
hdsp,chunk_0_4,2,3,2,had,"[""dct"", ""had""]","[-9.75224781036377, -9.260910987854004]","[0.00012776888615917414, 6.849510100437328e-05]"
hdsp,chunk_0_4,2,3,3,had,"[""dct"", ""had""]","[-10.218460083007812, -9.593400001525879]","[0.0001366045034956187, 7.0839116233401e-05]"
hdsp,chunk_0_4,2,3,4,dct,"[""dct"", ""had""]","[-9.369758605957031, -9.891730308532715]","[5.9526199038373306e-05, 0.00011875463678734377]"
hdsp,chunk_0_4,2,3,5,had,"[""dct"", ""had""]","[-9.81472110748291, -9.296807289123535]","[8.027007424971089e-05, 5.747669274569489e-05]"
hdsp,chunk_0_4,2,3,6,dct,"[""dct"", ""had""]","[-9.410143852233887, -10.073464393615723]","[7.559070945717394e-05, 0.00010483060032129288]"
hdsp,chunk_0_4,2,3,7,had,"[""dct"", ""had""]","[-9.695371627807617, -9.561875343322754]","[6.697193020954728e-05, 6.659669452346861e-05]"
hdsp,chunk_0_4,2,3,8,dct,"[""dct"", ""had""]","[-9.421089172363281, -10.188179969787598]","[7.372592517640442e-05, 0.00010564930562395602]"
hdsp,chunk_0_4,2,4,1,tv2,"[""tv2"", ""huber""]","[-9.907450675964355, -9.940945625305176]","[0.0002631387033034116, 0.0001756693236529827]"
hdsp,chunk_0_4,2,4,2,huber,"[""tv2"", ""huber""]","[-9.511967658996582, -9.388008117675781]","[0.0002860180684365332, 0.00017666170606389642]"
hdsp,chunk_0_4,2,4,3,tv2,"[""tv2"", ""huber""]","[-9.150803565979004, -9.919205665588379]","[0.00030531774973496795, 0.00031094500445760787]"
hdsp,chunk_0_4,2,4,4,tv2,"[""tv2"", ""huber""]","[-9.282715797424316, -9.469154357910156]","[0.0002264739596284926, 0.00014920906687621027]"
hdsp,chunk_0_4,2,4,5,tv2,"[""tv2"", ""huber""]","[-9.646079063415527, -9.669687271118164]","[0.00024607442901469767, 0.000145220838021487]"
hdsp,chunk_0_4,2,4,6,tv2,"[""tv2"", ""huber""]","[-9.229232788085938, -9.45977783203125]","[0.0002025064459303394, 0.00014522598939947784]"
hdsp,chunk_0_4,2,4,7,tv2,"[""tv2"", ""huber""]","[-8.969955444335938, -9.783956527709961]","[0.0002012863988056779, 0.00022205304412636906]"
hdsp,chunk_0_4,2,4,8,tv2,"[""tv2"", ""huber""]","[-9.456171035766602, -9.862589836120605]","[0.0002269931137561798, 0.0002202344185207039]"
hdsp,chunk_0_4,2,5,1,dct,"[""dct"", ""tv2""]","[-9.717556953430176, -9.767623901367188]","[7.645683217560872e-05, 0.0002514190273359418]"
hdsp,chunk_0_4,2,5,2,tv2,"[""dct"", ""tv2""]","[-9.557090759277344, -9.517001152038574]","[9.216931357514113e-05, 0.0002080673584714532]"
hdsp,chunk_0_4,2,5,3,tv2,"[""dct"", ""tv2""]","[-9.868433952331543, -9.25171184539795]","[0.00014185826876200736, 0.00022849008382763714]"
hdsp,chunk_0_4,2,5,4,tv2,"[""dct"", ""tv2""]","[-10.095521926879883, -9.270951271057129]","[0.00019929783593397588, 0.00020994395890738815]"
hdsp,chunk_0_4,2,5,5,tv2,"[""dct"", ""tv2""]","[-9.629843711853027, -9.344024658203125]","[8.816608897177503e-05, 0.00027429687906987965]"
hdsp,chunk_0_4,2,5,6,tv2,"[""dct"", ""tv2""]","[-9.741876602172852, -9.427209854125977]","[8.376580808544531e-05, 0.00020083367417100817]"
hdsp,chunk_0_4,2,5,7,tv2,"[""dct"", ""tv2""]","[-9.849637985229492, -9.447036743164062]","[0.0001331115054199472, 0.000216574888327159]"
hdsp,chunk_0_4,2,5,8,tv2,"[""dct"", ""tv2""]","[-10.484369277954102, -9.055689811706543]","[0.00023873421014286578, 0.00017369809211231768]"
hdsp,chunk_0_4,3,0,1,phys,"[""phys"", ""robust""]","[-9.685343742370605, -9.956829071044922]","[0.00011752735736081377, 0.0007293855305761099]"
hdsp,chunk_0_4,3,0,2,phys,"[""phys"", ""robust""]","[-9.767558097839355, -9.791900634765625]","[9.244736429536715e-05, 0.000529162585735321]"
hdsp,chunk_0_4,3,0,3,phys,"[""phys"", ""robust""]","[-9.489798545837402, -10.012673377990723]","[4.181990152574144e-05, 0.000795274565462023]"
hdsp,chunk_0_4,3,0,4,phys,"[""phys"", ""robust""]","[-9.608970642089844, -9.757059097290039]","[5.090711420052685e-05, 0.00034805291215889156]"
hdsp,chunk_0_4,3,0,5,phys,"[""phys"", ""robust""]","[-9.544800758361816, -9.912135124206543]","[4.819775858777575e-05, 0.00026427596458233893]"
hdsp,chunk_0_4,3,0,6,phys,"[""phys"", ""robust""]","[-9.505034446716309, -9.90953540802002]","[4.537548011285253e-05, 0.00013580989616457373]"
hdsp,chunk_0_4,3,0,7,phys,"[""phys"", ""robust""]","[-9.620862007141113, -9.790966987609863]","[5.379439244279638e-05, 0.00027045636670663953]"
hdsp,chunk_0_4,3,0,8,phys,"[""phys"", ""robust""]","[-9.57592487335205, -10.112381935119629]","[4.004879156127572e-05, 0.0006234524771571159]"
hdsp,chunk_0_4,3,1,1,prox_tv,"[""conv"", ""prox_tv""]","[-10.029397010803223, -9.682002067565918]","[0.00010178836964769289, 6.109426612965763e-05]"
hdsp,chunk_0_4,3,1,2,conv,"[""conv"", ""prox_tv""]","[-9.522516250610352, -9.977998733520508]","[6.988303357502446e-05, 8.09498960734345e-05]"
hdsp,chunk_0_4,3,1,3,conv,"[""conv"", ""prox_tv""]","[-9.254560470581055, -10.114460945129395]","[5.592385423369706e-05, 0.00010630808537825942]"
hdsp,chunk_0_4,3,1,4,prox_tv,"[""conv"", ""prox_tv""]","[-9.672003746032715, -9.486102104187012]","[6.45921245450154e-05, 6.414970266632736e-05]"
hdsp,chunk_0_4,3,1,5,prox_tv,"[""conv"", ""prox_tv""]","[-9.869256973266602, -9.587188720703125]","[5.884857819182798e-05, 5.7205830671591684e-05]"
hdsp,chunk_0_4,3,1,6,prox_tv,"[""conv"", ""prox_tv""]","[-10.109842300415039, -9.590953826904297]","[8.901125693228096e-05, 6.14877644693479e-05]"
hdsp,chunk_0_4,3,1,7,conv,"[""conv"", ""prox_tv""]","[-9.492920875549316, -10.198911666870117]","[4.176129004918039e-05, 0.00010486222163308412]"
hdsp,chunk_0_4,3,1,8,prox_tv,"[""conv"", ""prox_tv""]","[-9.896289825439453, -9.872574806213379]","[9.864463936537504e-05, 9.339753887616098e-05]"
hdsp,chunk_0_4,3,2,1,conv_lowtv,"[""conv_lowtv"", ""wavelet"", ""inr""]","[-9.955965995788574, -11.22597599029541, -13.021275520324707]","[8.807675476418808e-05, 0.0005412536556832492, 0.15461130440235138]"
hdsp,chunk_0_4,3,2,2,conv_lowtv,"[""conv_lowtv"", ""wavelet"", ""inr""]","[-9.663237571716309, -11.152970314025879, -13.369624137878418]","[6.487527571152896e-05, 0.0007434301660396159, 0.15619993209838867]"
hdsp,chunk_0_4,3,2,3,conv_lowtv,"[""conv_lowtv"", ""wavelet"", ""inr""]","[-10.061529159545898, -11.112959861755371, -13.254937171936035]","[0.0001540508383186534, 0.0006631428841501474, 0.1466706395149231]"
hdsp,chunk_0_4,3,2,4,conv_lowtv,"[""conv_lowtv"", ""wavelet"", ""inr""]","[-9.771627426147461, -11.113554954528809, -13.585973739624023]","[8.06763709988445e-05, 0.0007712465012446046, 0.15413331985473633]"
hdsp,chunk_0_4,3,2,5,conv_lowtv,"[""conv_lowtv"", ""wavelet"", ""inr""]","[-9.745352745056152, -11.377373695373535, -13.725186347961426]","[5.484262510435656e-05, 0.0006822967552579939, 0.15072791278362274]"
hdsp,chunk_0_4,3,2,6,conv_lowtv,"[""conv_lowtv"", ""wavelet"", ""inr""]","[-9.884596824645996, -11.236807823181152, -13.753795623779297]","[8.914117643143982e-05, 0.0006935711135156453, 0.15442989766597748]"
hdsp,chunk_0_4,3,2,7,conv_lowtv,"[""conv_lowtv"", ""wavelet"", ""inr""]","[-9.94919204711914, -11.146286964416504, -13.855170249938965]","[9.108397352974862e-05, 0.0007772084209136665, 0.15203382074832916]"
hdsp,chunk_0_4,3,2,8,conv_lowtv,"[""conv_lowtv"", ""wavelet"", ""inr""]","[-9.952683448791504, -11.589789390563965, -14.121840476989746]","[6.96498027537018e-05, 0.0007633219938725233, 0.16226071119308472]"
hdsp,chunk_0_4,3,3,1,dct,"[""dct"", ""had""]","[-9.873332023620605, -10.260544776916504]","[9.154381405096501e-05, 9.201858483720571e-05]"
hdsp,chunk_0_4,3,3,2,dct,"[""dct"", ""had""]","[-9.26866626739502, -9.984569549560547]","[7.080821524141356e-05, 0.00010727308836067095]"
hdsp,chunk_0_4,3,3,3,had,"[""dct"", ""had""]","[-9.674444198608398, -9.431910514831543]","[6.499494338640943e-05, 5.9473524743225425e-05]"
hdsp,chunk_0_4,3,3,4,dct,"[""dct"", ""had""]","[-9.491848945617676, -10.561376571655273]","[7.950147846713662e-05, 0.0002153341774828732]"
hdsp,chunk_0_4,3,3,5,dct,"[""dct"", ""had""]","[-9.590027809143066, -10.210317611694336]","[9.304819104727358e-05, 9.609805420041084e-05]"
hdsp,chunk_0_4,3,3,6,had,"[""dct"", ""had""]","[-10.285676956176758, -9.915249824523926]","[0.0001323893666267395, 8.342487126355991e-05]"
hdsp,chunk_0_4,3,3,7,had,"[""dct"", ""had""]","[-10.613212585449219, -10.259263038635254]","[0.00017693289555609226, 9.148140088655055e-05]"
hdsp,chunk_0_4,3,3,8,dct,"[""dct"", ""had""]","[-10.186079978942871, -10.684832572937012]","[8.971936767920852e-05, 0.0001119565567933023]"
hdsp,chunk_0_4,3,4,1,huber,"[""tv2"", ""huber""]","[-10.06559944152832, -10.030362129211426]","[0.00036947987973690033, 0.00021734395704697818]"
hdsp,chunk_0_4,3,4,2,huber,"[""tv2"", ""huber""]","[-10.2080659866333, -9.468033790588379]","[0.00042623825720511377, 0.00020251910609658808]"
hdsp,chunk_0_4,3,4,3,huber,"[""tv2"", ""huber""]","[-10.044960021972656, -9.57593059539795]","[0.0003558066673576832, 0.00021202510106377304]"
hdsp,chunk_0_4,3,4,4,tv2,"[""tv2"", ""huber""]","[-9.639476776123047, -10.411028861999512]","[0.00028709499747492373, 0.00035806294181384146]"
hdsp,chunk_0_4,3,4,5,tv2,"[""tv2"", ""huber""]","[-9.795548439025879, -9.923233032226562]","[0.000452229636721313, 0.00026443591923452914]"
hdsp,chunk_0_4,3,4,6,tv2,"[""tv2"", ""huber""]","[-9.826665878295898, -9.827229499816895]","[0.00035848512197844684, 0.00018980326422024518]"
hdsp,chunk_0_4,3,4,7,huber,"[""tv2"", ""huber""]","[-9.938932418823242, -9.923418998718262]","[0.00036847940646111965, 0.00021536994609050453]"
hdsp,chunk_0_4,3,4,8,huber,"[""tv2"", ""huber""]","[-10.199517250061035, -9.87051010131836]","[0.0003623216471169144, 0.0002264118957100436]"
hdsp,chunk_0_4,3,5,1,dct,"[""dct"", ""tv2""]","[-9.534502983093262, -9.676560401916504]","[8.644994522910565e-05, 0.00034116776078008115]"
hdsp,chunk_0_4,3,5,2,dct,"[""dct"", ""tv2""]","[-9.289243698120117, -9.573124885559082]","[6.048806244507432e-05, 0.00025731039931997657]"
hdsp,chunk_0_4,3,5,3,dct,"[""dct"", ""tv2""]","[-9.481310844421387, -9.632657051086426]","[8.599682769272476e-05, 0.0003696501371450722]"
hdsp,chunk_0_4,3,5,4,dct,"[""dct"", ""tv2""]","[-9.54984188079834, -9.71705436706543]","[7.697822729824111e-05, 0.0003222191007807851]"
hdsp,chunk_0_4,3,5,5,dct,"[""dct"", ""tv2""]","[-9.385909080505371, -9.722346305847168]","[6.189750274643302e-05, 0.00026993959909304976]"
hdsp,chunk_0_4,3,5,6,dct,"[""dct"", ""tv2""]","[-9.499110221862793, -9.943050384521484]","[5.555068491958082e-05, 0.00048676528967916965]"
hdsp,chunk_0_4,3,5,7,dct,"[""dct"", ""tv2""]","[-9.68917179107666, -9.868826866149902]","[7.42810225347057e-05, 0.0002853793266694993]"
hdsp,chunk_0_4,3,5,8,dct,"[""dct"", ""tv2""]","[-9.825303077697754, -9.96638011932373]","[8.172901289071888e-05, 0.00027985539054498076]"
hdsp,chunk_0_4,4,0,1,phys,"[""phys"", ""robust""]","[-10.204829216003418, -10.542250633239746]","[0.00014819779607933015, 0.003964298404753208]"
hdsp,chunk_0_4,4,0,2,phys,"[""phys"", ""robust""]","[-9.771530151367188, -10.084675788879395]","[7.396360888378695e-05, 0.0006468722713179886]"
hdsp,chunk_0_4,4,0,3,phys,"[""phys"", ""robust""]","[-10.28576374053955, -10.355484962463379]","[0.00016179133672267199, 0.0014473960036411881]"
hdsp,chunk_0_4,4,0,4,phys,"[""phys"", ""robust""]","[-9.752577781677246, -10.097847938537598]","[6.516979192383587e-05, 0.0014991189818829298]"
hdsp,chunk_0_4,4,0,5,phys,"[""phys"", ""robust""]","[-9.573883056640625, -10.392626762390137]","[7.025532249826938e-05, 0.0013845722423866391]"
hdsp,chunk_0_4,4,0,6,phys,"[""phys"", ""robust""]","[-9.782706260681152, -9.973830223083496]","[7.584035483887419e-05, 0.0009269289439544082]"
hdsp,chunk_0_4,4,0,7,phys,"[""phys"", ""robust""]","[-9.87354564666748, -10.336395263671875]","[8.497766975779086e-05, 0.0015811312478035688]"
hdsp,chunk_0_4,4,0,8,phys,"[""phys"", ""robust""]","[-10.327560424804688, -10.35522747039795]","[0.0002097156539093703, 0.0012119406601414084]"
hdsp,chunk_0_4,4,1,1,conv,"[""conv"", ""prox_tv""]","[-9.686942100524902, -10.481639862060547]","[0.000100219804153312, 0.00014178661513142288]"
hdsp,chunk_0_4,4,1,2,prox_tv,"[""conv"", ""prox_tv""]","[-10.402647018432617, -10.165223121643066]","[0.00020770788250956684, 0.00013822749315295368]"
hdsp,chunk_0_4,4,1,3,conv,"[""conv"", ""prox_tv""]","[-10.04894733428955, -10.687554359436035]","[0.00014027295401319861, 0.00018213046132586896]"
hdsp,chunk_0_4,4,1,4,prox_tv,"[""conv"", ""prox_tv""]","[-10.51218318939209, -10.360749244689941]","[0.00019468927348498255, 0.00017865166591946036]"
hdsp,chunk_0_4,4,1,5,conv,"[""conv"", ""prox_tv""]","[-9.842267036437988, -10.565086364746094]","[8.228082151617855e-05, 0.0002579861902631819]"
hdsp,chunk_0_4,4,1,6,conv,"[""conv"", ""prox_tv""]","[-10.028426170349121, -10.610621452331543]","[0.00014272758562583476, 0.0001477759360568598]"
hdsp,chunk_0_4,4,1,7,prox_tv,"[""conv"", ""prox_tv""]","[-10.480060577392578, -10.07408618927002]","[0.0001656437962083146, 0.00012344069546088576]"
hdsp,chunk_0_4,4,1,8,prox_tv,"[""conv"", ""prox_tv""]","[-10.59496021270752, -10.253928184509277]","[0.00021379599638748914, 0.00011862564133480191]"
hdsp,chunk_0_4,4,2,1,conv_lowtv,"[""conv_lowtv"", ""wavelet"", ""inr""]","[-9.699383735656738, -10.864434242248535, -11.893265724182129]","[9.196249447995797e-05, 0.0005492866039276123, 0.11321164667606354]"
hdsp,chunk_0_4,4,2,2,conv_lowtv,"[""conv_lowtv"", ""wavelet"", ""inr""]","[-9.497151374816895, -10.733874320983887, -11.833189010620117]","[7.493625162169337e-05, 0.0005486444570124149, 0.11385785043239594]"
hdsp,chunk_0_4,4,2,3,conv_lowtv,"[""conv_lowtv"", ""wavelet"", ""inr""]","[-10.456966400146484, -10.786747932434082, -11.99703311920166]","[0.00019124781829304993, 0.0007121173548512161, 0.11442355811595917]"
hdsp,chunk_0_4,4,2,4,conv_lowtv,"[""conv_lowtv"", ""wavelet"", ""inr""]","[-10.27718448638916, -10.841754913330078, -11.93021011352539]","[0.00021185252990107983, 0.0005234457203187048, 0.11642151325941086]"
hdsp,chunk_0_4,4,2,5,conv_lowtv,"[""conv_lowtv"", ""wavelet"", ""inr""]","[-9.3761568069458, -10.863472938537598, -11.923794746398926]","[6.837627734057605e-05, 0.0008285656804218888, 0.113654725253582]"
hdsp,chunk_0_4,4,2,6,conv_lowtv,"[""conv_lowtv"", ""wavelet"", ""inr""]","[-10.154257774353027, -10.697264671325684, -11.936793327331543]","[0.0001906450925162062, 0.0005194646073505282, 0.11318720877170563]"
hdsp,chunk_0_4,4,2,7,conv_lowtv,"[""conv_lowtv"", ""wavelet"", ""inr""]","[-10.338042259216309, -10.798787117004395, -11.99605655670166]","[0.00020013682660646737, 0.0004831590340472758, 0.11460493505001068]"
hdsp,chunk_0_4,4,2,8,conv_lowtv,"[""conv_lowtv"", ""wavelet"", ""inr""]","[-9.823988914489746, -10.71076488494873, -12.002825736999512]","[0.00010714051313698292, 0.0004976404015906155, 0.11074675619602203]"
hdsp,chunk_0_4,4,3,1,dct,"[""dct"", ""had""]","[-10.156062126159668, -11.094725608825684]","[0.0001272679801331833, 0.00016982437227852643]"
hdsp,chunk_0_4,4,3,2,dct,"[""dct"", ""had""]","[-10.044946670532227, -10.664168357849121]","[0.00022463900677394122, 0.00030594560666941106]"
hdsp,chunk_0_4,4,3,3,dct,"[""dct"", ""had""]","[-9.980992317199707, -10.467192649841309]","[0.00015017096302472055, 0.00019493109721224755]"
hdsp,chunk_0_4,4,3,4,had,"[""dct"", ""had""]","[-10.845264434814453, -10.44210147857666]","[0.0010314213577657938, 0.00024101421877276152]"
hdsp,chunk_0_4,4,3,5,had,"[""dct"", ""had""]","[-10.610928535461426, -10.345268249511719]","[0.0002681220939848572, 0.00023000044166110456]"
hdsp,chunk_0_4,4,3,6,had,"[""dct"", ""had""]","[-10.516399383544922, -10.130656242370605]","[0.0002016692014876753, 0.00015897330013103783]"
hdsp,chunk_0_4,4,3,7,had,"[""dct"", ""had""]","[-10.666437149047852, -10.16301441192627]","[0.00016181547835003585, 0.00012272619642317295]"
hdsp,chunk_0_4,4,3,8,had,"[""dct"", ""had""]","[-10.759451866149902, -10.193167686462402]","[0.0001280066790059209, 9.618666808819398e-05]"
hdsp,chunk_0_4,4,4,1,huber,"[""tv2"", ""huber""]","[-10.495024681091309, -10.221033096313477]","[0.0009258576901629567, 0.0003558634780347347]"
hdsp,chunk_0_4,4,4,2,tv2,"[""tv2"", ""huber""]","[-9.868035316467285, -10.071459770202637]","[0.0007586854626424611, 0.0005430091987363994]"
hdsp,chunk_0_4,4,4,3,tv2,"[""tv2"", ""huber""]","[-10.160548210144043, -10.955336570739746]","[0.0008189911022782326, 0.0006303968839347363]"
hdsp,chunk_0_4,4,4,4,tv2,"[""tv2"", ""huber""]","[-10.183905601501465, -10.485241889953613]","[0.0009200997301377356, 0.0003864303871523589]"
hdsp,chunk_0_4,4,4,5,tv2,"[""tv2"", ""huber""]","[-10.280216217041016, -10.428145408630371]","[0.0008602602174505591, 0.0004128416476305574]"
hdsp,chunk_0_4,4,4,6,tv2,"[""tv2"", ""huber""]","[-10.047390937805176, -10.394758224487305]","[0.0006978032179176807, 0.0003790946793742478]"
hdsp,chunk_0_4,4,4,7,tv2,"[""tv2"", ""huber""]","[-10.119890213012695, -10.673626899719238]","[0.0006646821275353432, 0.0004611289768945426]"
hdsp,chunk_0_4,4,4,8,tv2,"[""tv2"", ""huber""]","[-10.329659461975098, -10.677291870117188]","[0.0007715772953815758, 0.0005749614792875946]"
hdsp,chunk_0_4,4,5,1,dct,"[""dct"", ""tv2""]","[-10.235848426818848, -10.27637004852295]","[0.0001276436960324645, 0.0008001011447049677]"
hdsp,chunk_0_4,4,5,2,dct,"[""dct"", ""tv2""]","[-9.903655052185059, -10.171487808227539]","[0.00016169204900506884, 0.000859763182234019]"
hdsp,chunk_0_4,4,5,3,dct,"[""dct"", ""tv2""]","[-10.073890686035156, -10.1602783203125]","[0.0002370187867200002, 0.0012810236075893044]"
hdsp,chunk_0_4,4,5,4,dct,"[""dct"", ""tv2""]","[-10.265317916870117, -10.589703559875488]","[0.0002544537710491568, 0.0022010577376931906]"
hdsp,chunk_0_4,4,5,5,dct,"[""dct"", ""tv2""]","[-9.952277183532715, -10.769370079040527]","[0.00012799602700397372, 0.0013414999702945352]"
hdsp,chunk_0_4,4,5,6,dct,"[""dct"", ""tv2""]","[-10.467337608337402, -10.779940605163574]","[0.0003798363031819463, 0.0017222685273736715]"
hdsp,chunk_0_4,4,5,7,dct,"[""dct"", ""tv2""]","[-10.1359224319458, -10.710673332214355]","[0.00017870485316962004, 0.001001353608444333]"
hdsp,chunk_0_4,4,5,8,dct,"[""dct"", ""tv2""]","[-9.780024528503418, -10.767939567565918]","[8.826673729345202e-05, 0.0014059458626434207]"
hdsp,chunk_10_14,10,0,1,phys,"[""phys"", ""robust""]","[-10.337632179260254, -10.445784568786621]","[0.00022182203247211874, 0.0025239901151508093]"
hdsp,chunk_10_14,10,0,2,phys,"[""phys"", ""robust""]","[-9.981202125549316, -10.225336074829102]","[0.0001962346286745742, 0.002546523930504918]"
hdsp,chunk_10_14,10,0,3,phys,"[""phys"", ""robust""]","[-9.966252326965332, -10.082907676696777]","[0.00012923164467792958, 0.0012342807603999972]"
hdsp,chunk_10_14,10,0,4,phys,"[""phys"", ""robust""]","[-9.794577598571777, -10.012776374816895]","[9.234160097548738e-05, 0.0011104689911007881]"
hdsp,chunk_10_14,10,0,5,phys,"[""phys"", ""robust""]","[-9.633249282836914, -10.152729988098145]","[7.095152977854013e-05, 0.001395545550622046]"
hdsp,chunk_10_14,10,0,6,phys,"[""phys"", ""robust""]","[-9.965095520019531, -10.11357593536377]","[0.00012099782179575413, 0.0012353378115221858]"
hdsp,chunk_10_14,10,0,7,phys,"[""phys"", ""robust""]","[-9.715929985046387, -10.250507354736328]","[6.600707274628803e-05, 0.001172015443444252]"
hdsp,chunk_10_14,10,0,8,phys,"[""phys"", ""robust""]","[-9.844771385192871, -10.252426147460938]","[7.560251833638176e-05, 0.0012027317425236106]"
hdsp,chunk_10_14,10,1,1,prox_tv,"[""conv"", ""prox_tv""]","[-10.204506874084473, -10.010322570800781]","[0.0003012704837601632, 0.00015763207920826972]"
hdsp,chunk_10_14,10,1,2,conv,"[""conv"", ""prox_tv""]","[-9.742815971374512, -10.505316734313965]","[0.00014955748338252306, 0.00018278902280144393]"
hdsp,chunk_10_14,10,1,3,conv,"[""conv"", ""prox_tv""]","[-9.762480735778809, -10.420239448547363]","[0.00011019707017112523, 0.00018241854559164494]"
hdsp,chunk_10_14,10,1,4,conv,"[""conv"", ""prox_tv""]","[-9.654759407043457, -10.422272682189941]","[0.00011573835217859596, 0.0002009463933063671]"
hdsp,chunk_10_14,10,1,5,prox_tv,"[""conv"", ""prox_tv""]","[-10.234853744506836, -9.870198249816895]","[0.00015825974696781486, 8.755566523177549e-05]"
hdsp,chunk_10_14,10,1,6,prox_tv,"[""conv"", ""prox_tv""]","[-9.920613288879395, -9.742289543151855]","[0.00010547648707870394, 7.330866355914623e-05]"
hdsp,chunk_10_14,10,1,7,conv,"[""conv"", ""prox_tv""]","[-9.68699836730957, -10.180830001831055]","[8.95619741640985e-05, 8.972261275630444e-05]"
hdsp,chunk_10_14,10,1,8,conv,"[""conv"", ""prox_tv""]","[-9.787877082824707, -10.409043312072754]","[9.928297367878258e-05, 0.00016525937826372683]"
hdsp,chunk_10_14,10,2,1,conv_lowtv,"[""conv_lowtv"", ""wavelet"", ""inr""]","[-9.665974617004395, -10.474700927734375, -12.363329887390137]","[9.142548515228555e-05, 0.0005297911120578647, 0.10541637986898422]"
hdsp,chunk_10_14,10,2,2,conv_lowtv,"[""conv_lowtv"", ""wavelet"", ""inr""]","[-9.804242134094238, -10.364424705505371, -12.683649063110352]","[0.0001641994749661535, 0.0003876643313560635, 0.10868027061223984]"
hdsp,chunk_10_14,10,2,3,conv_lowtv,"[""conv_lowtv"", ""wavelet"", ""inr""]","[-9.638117790222168, -10.41440486907959, -12.574975967407227]","[9.566466906107962e-05, 0.00041769430390559137, 0.09216006845235825]"
hdsp,chunk_10_14,10,2,4,conv_lowtv,"[""conv_lowtv"", ""wavelet"", ""inr""]","[-9.662781715393066, -10.567755699157715, -12.890841484069824]","[7.088710844982415e-05, 0.0004169735184404999, 0.0941852480173111]"
hdsp,chunk_10_14,10,2,5,conv_lowtv,"[""conv_lowtv"", ""wavelet"", ""inr""]","[-10.169426918029785, -10.712671279907227, -13.195444107055664]","[0.00027830732869915664, 0.0005399965448305011, 0.10244675725698471]"
hdsp,chunk_10_14,10,2,6,conv_lowtv,"[""conv_lowtv"", ""wavelet"", ""inr""]","[-9.722201347351074, -10.660317420959473, -13.42139720916748]","[0.00010575756459729746, 0.000539608474355191, 0.10564330220222473]"
hdsp,chunk_10_14,10,2,7,conv_lowtv,"[""conv_lowtv"", ""wavelet"", ""inr""]","[-10.003467559814453, -10.7603759765625, -13.368595123291016]","[0.00012549670645967126, 0.0005764584639109671, 0.09599662572145462]"
hdsp,chunk_10_14,10,2,8,conv_lowtv,"[""conv_lowtv"", ""wavelet"", ""inr""]","[-9.796507835388184, -10.95197868347168, -13.519200325012207]","[5.610382140730508e-05, 0.0005039834650233388, 0.09731947630643845]"
hdsp,chunk_10_14,10,3,1,had,"[""dct"", ""had""]","[-10.424609184265137, -10.087040901184082]","[0.0005875105271115899, 0.00010177953663514927]"
hdsp,chunk_10_14,10,3,2,dct,"[""dct"", ""had""]","[-9.73631763458252, -10.356247901916504]","[0.0001390853722114116, 0.00019925064407289028]"
hdsp,chunk_10_14,10,3,3,had,"[""dct"", ""had""]","[-10.03737735748291, -9.866484642028809]","[0.00012980008614249527, 0.00011222278408240527]"
hdsp,chunk_10_14,10,3,4,dct,"[""dct"", ""had""]","[-9.873811721801758, -10.266690254211426]","[0.00014370678400155157, 0.00016814158880151808]"
hdsp,chunk_10_14,10,3,5,had,"[""dct"", ""had""]","[-10.321593284606934, -10.097128868103027]","[0.0004476909525692463, 0.00015595601871609688]"
hdsp,chunk_10_14,10,3,6,had,"[""dct"", ""had""]","[-10.277112007141113, -10.090682029724121]","[0.00013430113904178143, 0.00012560781033243984]"
hdsp,chunk_10_14,10,3,7,had,"[""dct"", ""had""]","[-10.270767211914062, -10.084561347961426]","[0.00018564789206720889, 0.00014378420019056648]"
hdsp,chunk_10_14,10,3,8,dct,"[""dct"", ""had""]","[-9.929912567138672, -10.505117416381836]","[9.643141675041988e-05, 0.00011794076999649405]"
hdsp,chunk_10_14,10,4,1,huber,"[""tv2"", ""huber""]","[-10.039657592773438, -10.026114463806152]","[0.0004505252873059362, 0.0002712996501941234]"
hdsp,chunk_10_14,10,4,2,tv2,"[""tv2"", ""huber""]","[-9.830428123474121, -9.864829063415527]","[0.0004756977141369134, 0.0002497279492672533]"
hdsp,chunk_10_14,10,4,3,tv2,"[""tv2"", ""huber""]","[-9.607501983642578, -9.697943687438965]","[0.00028451907564885914, 0.000253445963608101]"
hdsp,chunk_10_14,10,4,4,tv2,"[""tv2"", ""huber""]","[-9.472250938415527, -10.317889213562012]","[0.00039691003621555865, 0.00042266820673830807]"
hdsp,chunk_10_14,10,4,5,tv2,"[""tv2"", ""huber""]","[-9.732752799987793, -9.736339569091797]","[0.00033983748289756477, 0.00018450226343702525]"
hdsp,chunk_10_14,10,4,6,tv2,"[""tv2"", ""huber""]","[-9.759966850280762, -9.885600090026855]","[0.0003714611229952425, 0.0002421262615825981]"
hdsp,chunk_10_14,10,4,7,tv2,"[""tv2"", ""huber""]","[-9.81693172454834, -9.855123519897461]","[0.00037072820123285055, 0.00018397424719296396]"
hdsp,chunk_10_14,10,4,8,tv2,"[""tv2"", ""huber""]","[-9.715612411499023, -9.824386596679688]","[0.0002795834734570235, 0.00018018799892161041]"
hdsp,chunk_10_14,10,5,1,dct,"[""dct"", ""tv2""]","[-9.966727256774902, -9.991591453552246]","[0.00016188951849471778, 0.00040066451765596867]"
hdsp,chunk_10_14,10,5,2,tv2,"[""dct"", ""tv2""]","[-9.796195983886719, -9.651036262512207]","[0.00020087143639102578, 0.0002471950137987733]"
hdsp,chunk_10_14,10,5,3,tv2,"[""dct"", ""tv2""]","[-9.755030632019043, -9.532512664794922]","[0.0002869092859327793, 0.00034149919520132244]"
hdsp,chunk_10_14,10,5,4,tv2,"[""dct"", ""tv2""]","[-9.895633697509766, -9.660981178283691]","[0.00011801483924500644, 0.0003953523118980229]"
hdsp,chunk_10_14,10,5,5,tv2,"[""dct"", ""tv2""]","[-9.88559627532959, -9.57857608795166]","[0.00015813193749636412, 0.00035438264603726566]"
hdsp,chunk_10_14,10,5,6,tv2,"[""dct"", ""tv2""]","[-9.942811965942383, -9.871047019958496]","[0.00013952380686532706, 0.00035219223354943097]"
hdsp,chunk_10_14,10,5,7,tv2,"[""dct"", ""tv2""]","[-9.813284873962402, -9.793747901916504]","[0.00011084777361247689, 0.0004133169713895768]"
hdsp,chunk_10_14,10,5,8,tv2,"[""dct"", ""tv2""]","[-9.992030143737793, -9.906103134155273]","[0.00013403670163825154, 0.00046866279444657266]"
hdsp,chunk_10_14,11,0,1,phys,"[""phys"", ""robust""]","[-11.172568321228027, -11.345860481262207]","[0.0006920623127371073, 0.005259375553578138]"
hdsp,chunk_10_14,11,0,2,phys,"[""phys"", ""robust""]","[-11.009658813476562, -11.324906349182129]","[0.000409086438594386, 0.003001101315021515]"
hdsp,chunk_10_14,11,0,3,phys,"[""phys"", ""robust""]","[-11.322946548461914, -11.800877571105957]","[0.0012202011421322823, 0.004270107951015234]"
hdsp,chunk_10_14,11,0,4,phys,"[""phys"", ""robust""]","[-11.31289005279541, -11.841340065002441]","[0.0006597156170755625, 0.003535711672157049]"
hdsp,chunk_10_14,11,0,5,phys,"[""phys"", ""robust""]","[-11.235815048217773, -11.68744945526123]","[0.0003554842551238835, 0.0025924125220626593]"
hdsp,chunk_10_14,11,0,6,phys,"[""phys"", ""robust""]","[-11.505389213562012, -11.717137336730957]","[0.0009714036714285612, 0.0020325491204857826]"
hdsp,chunk_10_14,11,0,7,phys,"[""phys"", ""robust""]","[-11.495970726013184, -11.837158203125]","[0.0004846713854931295, 0.0017278901068493724]"
hdsp,chunk_10_14,11,0,8,phys,"[""phys"", ""robust""]","[-11.5578031539917, -11.893967628479004]","[0.0007977199857123196, 0.0017684712074697018]"
hdsp,chunk_10_14,11,1,1,conv,"[""conv"", ""prox_tv""]","[-11.227116584777832, -11.657914161682129]","[0.0007010929984971881, 0.0008575177635066211]"
hdsp,chunk_10_14,11,1,2,conv,"[""conv"", ""prox_tv""]","[-11.006033897399902, -11.515461921691895]","[0.0005736473831348121, 0.00106047373265028]"
hdsp,chunk_10_14,11,1,3,prox_tv,"[""conv"", ""prox_tv""]","[-11.510787010192871, -11.357075691223145]","[0.001243727863766253, 0.000792254286352545]"
hdsp,chunk_10_14,11,1,4,prox_tv,"[""conv"", ""prox_tv""]","[-11.683672904968262, -11.422226905822754]","[0.001555299386382103, 0.0010652734199538827]"
hdsp,chunk_10_14,11,1,5,prox_tv,"[""conv"", ""prox_tv""]","[-11.591769218444824, -11.311112403869629]","[0.0007236531237140298, 0.0004816112923435867]"
hdsp,chunk_10_14,11,1,6,conv,"[""conv"", ""prox_tv""]","[-11.337063789367676, -11.797932624816895]","[0.0005275538424029946, 0.0008082307176664472]"
hdsp,chunk_10_14,11,1,7,prox_tv,"[""conv"", ""prox_tv""]","[-11.79975414276123, -11.536609649658203]","[0.0012546270154416561, 0.0009689898579381406]"
hdsp,chunk_10_14,11,1,8,prox_tv,"[""conv"", ""prox_tv""]","[-11.65766716003418, -11.426373481750488]","[0.0007721967413090169, 0.0006379024707712233]"
hdsp,chunk_10_14,11,2,1,conv_lowtv,"[""conv_lowtv"", ""wavelet"", ""inr""]","[-11.722641944885254, -12.309090614318848, -16.158313751220703]","[0.0018311637686565518, 0.002070885617285967, 0.34080344438552856]"
hdsp,chunk_10_14,11,2,2,conv_lowtv,"[""conv_lowtv"", ""wavelet"", ""inr""]","[-11.474372863769531, -12.26037883758545, -16.81205940246582]","[0.0004057391779497266, 0.001988352509215474, 0.39664027094841003]"
hdsp,chunk_10_14,11,2,3,conv_lowtv,"[""conv_lowtv"", ""wavelet"", ""inr""]","[-11.6987943649292, -12.606766700744629, -17.607025146484375]","[0.0006002556765452027, 0.001919044298119843, 0.41468411684036255]"
hdsp,chunk_10_14,11,2,4,conv_lowtv,"[""conv_lowtv"", ""wavelet"", ""inr""]","[-11.812663078308105, -12.816008567810059, -17.899625778198242]","[0.0005409427103586495, 0.0022142089437693357, 0.37741875648498535]"
hdsp,chunk_10_14,11,2,5,conv_lowtv,"[""conv_lowtv"", ""wavelet"", ""inr""]","[-11.963726043701172, -12.947270393371582, -18.034048080444336]","[0.0011579059064388275, 0.0020183157175779343, 0.39400583505630493]"
hdsp,chunk_10_14,11,2,6,conv_lowtv,"[""conv_lowtv"", ""wavelet"", ""inr""]","[-12.266362190246582, -13.122054100036621, -18.288307189941406]","[0.0015956455608829856, 0.0018899423303082585, 0.3838624656200409]"
hdsp,chunk_10_14,11,2,7,conv_lowtv,"[""conv_lowtv"", ""wavelet"", ""inr""]","[-11.90712833404541, -12.941574096679688, -17.807292938232422]","[0.000546187802683562, 0.001654178136959672, 0.18111355602741241]"
hdsp,chunk_10_14,11,2,8,conv_lowtv,"[""conv_lowtv"", ""wavelet"", ""inr""]","[-12.131136894226074, -13.511585235595703, -18.64516258239746]","[0.0004167584702372551, 0.0018122612964361906, 0.40670207142829895]"
hdsp,chunk_10_14,11,3,1,dct,"[""dct"", ""had""]","[-11.11153507232666, -11.697577476501465]","[0.0003932834370061755, 0.0007412002305500209]"
hdsp,chunk_10_14,11,3,2,dct,"[""dct"", ""had""]","[-11.045912742614746, -11.566716194152832]","[0.0007218504324555397, 0.0012634400045499206]"
hdsp,chunk_10_14,11,3,3,had,"[""dct"", ""had""]","[-11.77819538116455, -11.5118989944458]","[0.0012837222311645746, 0.0005477514350786805]"
hdsp,chunk_10_14,11,3,4,had,"[""dct"", ""had""]","[-11.702766418457031, -11.534862518310547]","[0.0008659962331876159, 0.0007839184254407883]"
hdsp,chunk_10_14,11,3,5,dct,"[""dct"", ""had""]","[-11.396546363830566, -11.917000770568848]","[0.0005038846866227686, 0.0007394462008960545]"
hdsp,chunk_10_14,11,3,6,had,"[""dct"", ""had""]","[-12.007229804992676, -11.587890625]","[0.002377708675339818, 0.0005390152218751609]"
hdsp,chunk_10_14,11,3,7,had,"[""dct"", ""had""]","[-11.989315032958984, -11.840804100036621]","[0.0011826977133750916, 0.000553365156520158]"
hdsp,chunk_10_14,11,3,8,dct,"[""dct"", ""had""]","[-11.767664909362793, -12.13059139251709]","[0.0006654566386714578, 0.0013971378793939948]"
hdsp,chunk_10_14,11,4,1,tv2,"[""tv2"", ""huber""]","[-11.071209907531738, -11.612275123596191]","[0.0008558898698538542, 0.0010432786075398326]"
hdsp,chunk_10_14,11,4,2,huber,"[""tv2"", ""huber""]","[-11.24307632446289, -11.19808292388916]","[0.0015249927528202534, 0.0010536652989685535]"
hdsp,chunk_10_14,11,4,3,huber,"[""tv2"", ""huber""]","[-12.149955749511719, -11.691157341003418]","[0.0034829990472644567, 0.0007333163521252573]"
hdsp,chunk_10_14,11,4,4,huber,"[""tv2"", ""huber""]","[-11.8657865524292, -11.535871505737305]","[0.0027407282032072544, 0.0009669627761468291]"
hdsp,chunk_10_14,11,4,5,huber,"[""tv2"", ""huber""]","[-11.833462715148926, -11.775040626525879]","[0.0015528355725109577, 0.0007848604582250118]"
hdsp,chunk_10_14,11,4,6,tv2,"[""tv2"", ""huber""]","[-11.322041511535645, -11.986870765686035]","[0.0013519101776182652, 0.0014334283769130707]"
hdsp,chunk_10_14,11,4,7,tv2,"[""tv2"", ""huber""]","[-11.241523742675781, -12.237075805664062]","[0.001378432847559452, 0.0015651299618184566]"
hdsp,chunk_10_14,11,4,8,tv2,"[""tv2"", ""huber""]","[-11.584990501403809, -11.617952346801758]","[0.0010150712914764881, 0.0008530475897714496]"
hdsp,chunk_10_14,11,5,1,tv2,"[""dct"", ""tv2""]","[-11.385743141174316, -11.168187141418457]","[0.0006129760877229273, 0.0013716509565711021]"
hdsp,chunk_10_14,11,5,2,dct,"[""dct"", ""tv2""]","[-11.079110145568848, -11.106009483337402]","[0.0006955900462344289, 0.0010336600244045258]"
hdsp,chunk_10_14,11,5,3,dct,"[""dct"", ""tv2""]","[-11.263617515563965, -11.34890079498291]","[0.0006735874339938164, 0.0013201346155256033]"
hdsp,chunk_10_14,11,5,4,dct,"[""dct"", ""tv2""]","[-11.223847389221191, -11.336268424987793]","[0.000572368036955595, 0.0010677066165953875]"
hdsp,chunk_10_14,11,5,5,dct,"[""dct"", ""tv2""]","[-11.272294044494629, -11.438992500305176]","[0.0006956426077522337, 0.001166406786069274]"
hdsp,chunk_10_14,11,5,6,dct,"[""dct"", ""tv2""]","[-11.365256309509277, -11.393754005432129]","[0.0008702737395651639, 0.0008999382262118161]"
hdsp,chunk_10_14,11,5,7,dct,"[""dct"", ""tv2""]","[-11.457789421081543, -11.48058032989502]","[0.0009051982196979225, 0.0009626871906220913]"
hdsp,chunk_10_14,11,5,8,dct,"[""dct"", ""tv2""]","[-11.544059753417969, -11.624117851257324]","[0.0005833952454850078, 0.0014678206061944366]"
hdsp,chunk_10_14,12,0,1,phys,"[""phys"", ""robust""]","[-11.144390106201172, -11.441117286682129]","[0.0010746524203568697, 0.005056406836956739]"
hdsp,chunk_10_14,12,0,2,phys,"[""phys"", ""robust""]","[-11.430060386657715, -11.764081954956055]","[0.0005705516086891294, 0.001719317166134715]"
hdsp,chunk_10_14,12,0,3,phys,"[""phys"", ""robust""]","[-11.659438133239746, -12.085367202758789]","[0.0008260610629804432, 0.002030803356319666]"
hdsp,chunk_10_14,12,0,4,phys,"[""phys"", ""robust""]","[-11.600665092468262, -12.032174110412598]","[0.0013657720992341638, 0.002954950090497732]"
hdsp,chunk_10_14,12,0,5,phys,"[""phys"", ""robust""]","[-11.769579887390137, -12.164613723754883]","[0.0008332373690791428, 0.002286489587277174]"
hdsp,chunk_10_14,12,0,6,phys,"[""phys"", ""robust""]","[-11.62140941619873, -12.032487869262695]","[0.0007482473738491535, 0.002558329841122031]"
hdsp,chunk_10_14,12,0,7,phys,"[""phys"", ""robust""]","[-11.866205215454102, -12.455496788024902]","[0.0006759888492524624, 0.0041563669219613075]"
hdsp,chunk_10_14,12,0,8,phys,"[""phys"", ""robust""]","[-12.175565719604492, -14.502693176269531]","[0.0006938141887076199, 0.02010982111096382]"
hdsp,chunk_10_14,12,1,1,conv,"[""conv"", ""prox_tv""]","[-10.8905611038208, -11.428984642028809]","[0.0005120016285218298, 0.0006976917502470315]"
hdsp,chunk_10_14,12,1,2,prox_tv,"[""conv"", ""prox_tv""]","[-11.445452690124512, -11.267677307128906]","[0.0014243588084354997, 0.00042173691326752305]"
hdsp,chunk_10_14,12,1,3,prox_tv,"[""conv"", ""prox_tv""]","[-12.021376609802246, -11.7809419631958]","[0.001018483773805201, 0.0009090763633139431]"
hdsp,chunk_10_14,12,1,4,conv,"[""conv"", ""prox_tv""]","[-11.5225248336792, -11.655021667480469]","[0.0009000140125863254, 0.0008720679907128215]"
hdsp,chunk_10_14,12,1,5,conv,"[""conv"", ""prox_tv""]","[-11.763970375061035, -12.312315940856934]","[0.0008257750887423754, 0.001174039556644857]"
hdsp,chunk_10_14,12,1,6,prox_tv,"[""conv"", ""prox_tv""]","[-11.900108337402344, -11.727129936218262]","[0.0005023364210501313, 0.0004886343376711011]"
hdsp,chunk_10_14,12,1,7,conv,"[""conv"", ""prox_tv""]","[-11.96669864654541, -12.39218521118164]","[0.0007834307616576552, 0.0011869510635733604]"
hdsp,chunk_10_14,12,1,8,prox_tv,"[""conv"", ""prox_tv""]","[-12.157100677490234, -11.922741889953613]","[0.000681051635183394, 0.0006227103876881301]"
hdsp,chunk_10_14,12,2,1,conv_lowtv,"[""conv_lowtv"", ""wavelet"", ""inr""]","[-11.670424461364746, -12.572543144226074, -17.825851440429688]","[0.0004514997126534581, 0.001723280642181635, 0.40009623765945435]"
hdsp,chunk_10_14,12,2,2,conv_lowtv,"[""conv_lowtv"", ""wavelet"", ""inr""]","[-12.376317977905273, -13.74870777130127, -20.390661239624023]","[0.0007869383553043008, 0.004228231031447649, 0.44473376870155334]"
hdsp,chunk_10_14,12,2,3,conv_lowtv,"[""conv_lowtv"", ""wavelet"", ""inr""]","[-12.065436363220215, -12.958897590637207, -19.312986373901367]","[0.0005373288877308369, 0.0019247597083449364, 0.4404635429382324]"
hdsp,chunk_10_14,12,2,4,conv_lowtv,"[""conv_lowtv"", ""wavelet"", ""inr""]","[-12.346516609191895, -13.42168140411377, -20.394943237304688]","[0.00043381558498367667, 0.0016874955035746098, 0.43531110882759094]"
hdsp,chunk_10_14,12,2,5,conv_lowtv,"[""conv_lowtv"", ""wavelet"", ""inr""]","[-12.915743827819824, -14.339444160461426, -21.477802276611328]","[0.0005955602391622961, 0.002472918713465333, 0.4404519498348236]"
hdsp,chunk_10_14,12,2,6,conv_lowtv,"[""conv_lowtv"", ""wavelet"", ""inr""]","[-13.059032440185547, -15.010586738586426, -21.752887725830078]","[0.0005529005429707468, 0.003882537130266428, 0.464328795671463]"
hdsp,chunk_10_14,12,2,7,conv_lowtv,"[""conv_lowtv"", ""wavelet"", ""inr""]","[-12.944993019104004, -14.00222110748291, -21.738563537597656]","[0.0006654689786955714, 0.0016326418844982982, 0.4333249628543854]"
hdsp,chunk_10_14,12,2,8,conv_lowtv,"[""conv_lowtv"", ""wavelet"", ""inr""]","[-13.415560722351074, -14.231019973754883, -21.79006576538086]","[0.0009008916676975787, 0.0016520844073966146, 0.44408634305000305]"
hdsp,chunk_10_14,12,3,1,had,"[""dct"", ""had""]","[-11.498311042785645, -11.106867790222168]","[0.0006110707181505859, 0.0005990565405227244]"
hdsp,chunk_10_14,12,3,2,had,"[""dct"", ""had""]","[-11.886480331420898, -11.44901180267334]","[0.0012715483317151666, 0.0006665302207693458]"
hdsp,chunk_10_14,12,3,3,had,"[""dct"", ""had""]","[-11.876093864440918, -11.703375816345215]","[0.0006248379359021783, 0.00041953896288760006]"
hdsp,chunk_10_14,12,3,4,dct,"[""dct"", ""had""]","[-11.801498413085938, -12.17261028289795]","[0.0009094818960875273, 0.0010757979471236467]"
hdsp,chunk_10_14,12,3,5,dct,"[""dct"", ""had""]","[-11.95335865020752, -13.3338041305542]","[0.0005693229613825679, 0.002573475707322359]"
hdsp,chunk_10_14,12,3,6,dct,"[""dct"", ""had""]","[-12.114741325378418, -13.553704261779785]","[0.0007290251087397337, 0.0032013377640396357]"
hdsp,chunk_10_14,12,3,7,had,"[""dct"", ""had""]","[-12.330663681030273, -12.16980266571045]","[0.0009474621620029211, 0.0008796634501777589]"
hdsp,chunk_10_14,12,3,8,had,"[""dct"", ""had""]","[-12.57112979888916, -12.217719078063965]","[0.0013863281346857548, 0.0006317115621641278]"
hdsp,chunk_10_14,12,4,1,huber,"[""tv2"", ""huber""]","[-11.26891040802002, -11.05643367767334]","[0.0013467607786878943, 0.0008356735925190151]"
hdsp,chunk_10_14,12,4,2,huber,"[""tv2"", ""huber""]","[-11.561896324157715, -11.499181747436523]","[0.0009467817144468427, 0.0008139159763231874]"
hdsp,chunk_10_14,12,4,3,tv2,"[""tv2"", ""huber""]","[-11.577770233154297, -12.009591102600098]","[0.0009097878937609494, 0.0009975516004487872]"
hdsp,chunk_10_14,12,4,4,tv2,"[""tv2"", ""huber""]","[-11.534829139709473, -12.628491401672363]","[0.0011768623953685164, 0.0017077490920200944]"
hdsp,chunk_10_14,12,4,5,tv2,"[""tv2"", ""huber""]","[-11.43626880645752, -13.160643577575684]","[0.0008860540110617876, 0.003154090605676174]"
hdsp,chunk_10_14,12,4,6,huber,"[""tv2"", ""huber""]","[-12.534018516540527, -12.242920875549316]","[0.0021361159160733223, 0.0008370411233045161]"
hdsp,chunk_10_14,12,4,7,huber,"[""tv2"", ""huber""]","[-12.291396141052246, -12.090581893920898]","[0.001306265126913786, 0.0008153236121870577]"
hdsp,chunk_10_14,12,4,8,huber,"[""tv2"", ""huber""]","[-12.107786178588867, -12.063722610473633]","[0.000951954338233918, 0.0007736236439086497]"
hdsp,chunk_10_14,12,5,1,dct,"[""dct"", ""tv2""]","[-11.17242431640625, -11.268561363220215]","[0.0010197506053373218, 0.0011491529876366258]"
hdsp,chunk_10_14,12,5,2,dct,"[""dct"", ""tv2""]","[-11.162175178527832, -11.23897647857666]","[0.0007102738600224257, 0.000884919601958245]"
hdsp,chunk_10_14,12,5,3,dct,"[""dct"", ""tv2""]","[-11.547945022583008, -11.637288093566895]","[0.0007223556167446077, 0.0009560905746184289]"
hdsp,chunk_10_14,12,5,4,tv2,"[""dct"", ""tv2""]","[-12.131560325622559, -11.479405403137207]","[0.0007013048743829131, 0.0006738588563166559]"
hdsp,chunk_10_14,12,5,5,dct,"[""dct"", ""tv2""]","[-11.934232711791992, -12.081585884094238]","[0.0006144092767499387, 0.0011487856972962618]"
hdsp,chunk_10_14,12,5,6,dct,"[""dct"", ""tv2""]","[-12.020909309387207, -12.520195960998535]","[0.000886778871063143, 0.0019488624529913068]"
hdsp,chunk_10_14,12,5,7,tv2,"[""dct"", ""tv2""]","[-11.574551582336426, -11.534271240234375]","[0.0005969019839540124, 0.0011724435025826097]"
hdsp,chunk_10_14,12,5,8,tv2,"[""dct"", ""tv2""]","[-12.42668628692627, -11.687368392944336]","[0.0010329214856028557, 0.0009816567180678248]"
hdsp,chunk_10_14,13,0,1,robust,"[""phys"", ""robust""]","[-11.798665046691895, -11.466458320617676]","[9.354846406495199e-05, 0.0026038317009806633]"
hdsp,chunk_10_14,13,0,2,robust,"[""phys"", ""robust""]","[-12.40766429901123, -12.298836708068848]","[0.00034065599902532995, 0.01896783523261547]"
hdsp,chunk_10_14,13,0,3,phys,"[""phys"", ""robust""]","[-12.260931968688965, -12.594467163085938]","[8.202708704629913e-05, 0.02722886949777603]"
hdsp,chunk_10_14,13,0,4,phys,"[""phys"", ""robust""]","[-11.530781745910645, -11.656027793884277]","[4.5297092583496124e-05, 0.0014188645873218775]"
hdsp,chunk_10_14,13,0,5,robust,"[""phys"", ""robust""]","[-12.089777946472168, -11.011445045471191]","[0.00010030272096628323, 0.0021344278939068317]"
hdsp,chunk_10_14,13,0,6,phys,"[""phys"", ""robust""]","[-11.44641399383545, -12.59090518951416]","[7.56245426600799e-05, 0.012665925547480583]"
hdsp,chunk_10_14,13,0,7,robust,"[""phys"", ""robust""]","[-12.781427383422852, -12.080178260803223]","[9.68238600762561e-05, 0.00446104584261775]"
hdsp,chunk_10_14,13,0,8,phys,"[""phys"", ""robust""]","[-11.115860939025879, -11.546183586120605]","[9.874687384581193e-05, 0.010181517340242863]"
hdsp,chunk_10_14,13,1,1,conv,"[""conv"", ""prox_tv""]","[-11.42067813873291, -11.964461326599121]","[5.503607462742366e-05, 5.242831684881821e-05]"
hdsp,chunk_10_14,13,1,2,prox_tv,"[""conv"", ""prox_tv""]","[-11.758051872253418, -11.132994651794434]","[6.649869465036318e-05, 3.497866782709025e-05]"
hdsp,chunk_10_14,13,1,3,conv,"[""conv"", ""prox_tv""]","[-11.081038475036621, -11.919960975646973]","[6.867039337521419e-05, 7.974883919814602e-05]"
hdsp,chunk_10_14,13,1,4,conv,"[""conv"", ""prox_tv""]","[-10.765458106994629, -11.392157554626465]","[5.066912854090333e-05, 6.289482553256676e-05]"
hdsp,chunk_10_14,13,1,5,conv,"[""conv"", ""prox_tv""]","[-10.663661003112793, -11.468050956726074]","[5.012853580410592e-05, 7.120711234165356e-05]"
hdsp,chunk_10_14,13,1,6,prox_tv,"[""conv"", ""prox_tv""]","[-12.21030330657959, -11.144713401794434]","[0.00011486073344713077, 3.464424662524834e-05]"
hdsp,chunk_10_14,13,1,7,conv,"[""conv"", ""prox_tv""]","[-11.177102088928223, -11.31959056854248]","[7.041724893497303e-05, 4.2726864194264635e-05]"
hdsp,chunk_10_14,13,1,8,conv,"[""conv"", ""prox_tv""]","[-12.42354679107666, -12.637214660644531]","[8.196225098799914e-05, 0.00018967500363942236]"
hdsp,chunk_10_14,13,2,1,conv_lowtv,"[""conv_lowtv"", ""wavelet"", ""inr""]","[-11.61000919342041, -12.30088996887207, -15.205475807189941]","[3.992287383880466e-05, 9.117724403040484e-05, 0.054725587368011475]"
hdsp,chunk_10_14,13,2,2,conv_lowtv,"[""conv_lowtv"", ""wavelet"", ""inr""]","[-11.474640846252441, -12.199071884155273, -14.935957908630371]","[8.00455964053981e-05, 0.0001531788002466783, 0.08077535778284073]"
hdsp,chunk_10_14,13,2,3,conv_lowtv,"[""conv_lowtv"", ""wavelet"", ""inr""]","[-11.712790489196777, -11.952545166015625, -14.628837585449219]","[9.732213948154822e-05, 7.669170736335218e-05, 0.09284376353025436]"
hdsp,chunk_10_14,13,2,4,conv_lowtv,"[""conv_lowtv"", ""wavelet"", ""inr""]","[-11.315096855163574, -12.459233283996582, -15.203372955322266]","[3.4996286558452994e-05, 5.417639476945624e-05, 0.0706402063369751]"
hdsp,chunk_10_14,13,2,5,conv_lowtv,"[""conv_lowtv"", ""wavelet"", ""inr""]","[-11.348779678344727, -11.96826457977295, -14.597641944885254]","[7.206272130133584e-05, 0.00012048255302943289, 0.05638056620955467]"
hdsp,chunk_10_14,13,2,6,conv_lowtv,"[""conv_lowtv"", ""wavelet"", ""inr""]","[-10.951216697692871, -12.670275688171387, -14.769484519958496]","[3.5562356060836464e-05, 0.0002224096970167011, 0.08959989249706268]"
hdsp,chunk_10_14,13,2,7,conv_lowtv,"[""conv_lowtv"", ""wavelet"", ""inr""]","[-11.501171112060547, -12.451869010925293, -14.70655345916748]","[4.571404861053452e-05, 0.00014871900202706456, 0.07756538689136505]"
hdsp,chunk_10_14,13,2,8,conv_lowtv,"[""conv_lowtv"", ""wavelet"", ""inr""]","[-11.337997436523438, -12.90166187286377, -14.337430000305176]","[8.651283860672265e-05, 0.0001550635788589716, 0.04310189560055733]"
hdsp,chunk_10_14,13,3,1,dct,"[""dct"", ""had""]","[-10.559393882751465, -12.451093673706055]","[3.5839981137542054e-05, 3.917133290087804e-05]"
hdsp,chunk_10_14,13,3,2,dct,"[""dct"", ""had""]","[-10.906846046447754, -12.889378547668457]","[5.883639823878184e-05, 0.00012740757665596902]"
hdsp,chunk_10_14,13,3,3,had,"[""dct"", ""had""]","[-13.531289100646973, -10.840494155883789]","[0.00020389514975249767, 5.5701384553685784e-05]"
hdsp,chunk_10_14,13,3,4,had,"[""dct"", ""had""]","[-11.405502319335938, -11.207962989807129]","[7.411921978928149e-05, 6.745001155650243e-05]"
hdsp,chunk_10_14,13,3,5,dct,"[""dct"", ""had""]","[-10.367796897888184, -11.878742218017578]","[3.393836595932953e-05, 0.00010995187767548487]"
hdsp,chunk_10_14,13,3,6,dct,"[""dct"", ""had""]","[-10.906655311584473, -11.307769775390625]","[2.958157165267039e-05, 4.694611197919585e-05]"
hdsp,chunk_10_14,13,3,7,had,"[""dct"", ""had""]","[-13.258395195007324, -10.582605361938477]","[0.0001134105768869631, 2.188762664445676e-05]"
hdsp,chunk_10_14,13,3,8,had,"[""dct"", ""had""]","[-13.10006046295166, -11.931780815124512]","[0.0001959782384801656, 0.00016016852168831974]"
hdsp,chunk_10_14,13,4,1,tv2,"[""tv2"", ""huber""]","[-11.561872482299805, -12.47959041595459]","[0.00010559269139776006, 0.00016450943076051772]"
hdsp,chunk_10_14,13,4,2,tv2,"[""tv2"", ""huber""]","[-10.212225914001465, -14.391182899475098]","[0.0001787374058039859, 0.0002965186722576618]"
hdsp,chunk_10_14,13,4,3,tv2,"[""tv2"", ""huber""]","[-11.241641998291016, -11.715550422668457]","[0.00016533689631614834, 0.00023428876011166722]"
hdsp,chunk_10_14,13,4,4,tv2,"[""tv2"", ""huber""]","[-10.40903377532959, -13.532943725585938]","[0.00010125967673957348, 0.00025577281485311687]"
hdsp,chunk_10_14,13,4,5,tv2,"[""tv2"", ""huber""]","[-11.167174339294434, -15.580933570861816]","[0.00019126248662360013, 0.000543279864359647]"
hdsp,chunk_10_14,13,4,6,tv2,"[""tv2"", ""huber""]","[-11.240327835083008, -13.941672325134277]","[0.00015313015319406986, 0.00027070476789958775]"
hdsp,chunk_10_14,13,4,7,tv2,"[""tv2"", ""huber""]","[-11.999093055725098, -12.707595825195312]","[0.00037058908492326736, 0.00016603559197392315]"
hdsp,chunk_10_14,13,4,8,tv2,"[""tv2"", ""huber""]","[-11.162543296813965, -15.84820556640625]","[0.0002190593077102676, 0.00035992945777252316]"
hdsp,chunk_10_14,13,5,1,tv2,"[""dct"", ""tv2""]","[-11.86429500579834, -11.701139450073242]","[6.623670196859166e-05, 0.00012986926594749093]"
hdsp,chunk_10_14,13,5,2,dct,"[""dct"", ""tv2""]","[-12.652303695678711, -13.319851875305176]","[0.00030049035558477044, 0.0004446980601642281]"
hdsp,chunk_10_14,13,5,3,tv2,"[""dct"", ""tv2""]","[-14.279339790344238, -10.131110191345215]","[0.0004230407939758152, 0.00010080095671582967]"
hdsp,chunk_10_14,13,5,4,tv2,"[""dct"", ""tv2""]","[-13.983111381530762, -12.041099548339844]","[0.0003056221466977149, 0.00029282181640155613]"
hdsp,chunk_10_14,13,5,5,tv2,"[""dct"", ""tv2""]","[-12.545694351196289, -10.608479499816895]","[0.00017683823534753174, 0.0001526440173620358]"
hdsp,chunk_10_14,13,5,6,dct,"[""dct"", ""tv2""]","[-11.242369651794434, -11.333935737609863]","[0.00012106240319553763, 0.00019422266632318497]"
hdsp,chunk_10_14,13,5,7,dct,"[""dct"", ""tv2""]","[-10.938897132873535, -12.640295028686523]","[8.28793563414365e-05, 0.00020852450688835233]"
hdsp,chunk_10_14,13,5,8,dct,"[""dct"", ""tv2""]","[-11.573997497558594, -14.43313980102539]","[0.00014314103464130312, 0.0004711152578238398]"
hdsp,chunk_10_14,14,0,1,phys,"[""phys"", ""robust""]","[-9.592490196228027, -9.717452049255371]","[0.0001597083464730531, 0.00431364681571722]"
hdsp,chunk_10_14,14,0,2,phys,"[""phys"", ""robust""]","[-9.48479175567627, -9.553093910217285]","[0.00014147523324936628, 0.0024990581441670656]"
hdsp,chunk_10_14,14,0,3,phys,"[""phys"", ""robust""]","[-9.42541790008545, -9.785503387451172]","[0.00011765668750740588, 0.0014354164013639092]"
hdsp,chunk_10_14,14,0,4,phys,"[""phys"", ""robust""]","[-9.361259460449219, -9.674986839294434]","[0.00013919008779339492, 0.0015891952207311988]"
hdsp,chunk_10_14,14,0,5,phys,"[""phys"", ""robust""]","[-9.667759895324707, -9.716862678527832]","[0.00012875454558525234, 0.001137097948230803]"
hdsp,chunk_10_14,14,0,6,phys,"[""phys"", ""robust""]","[-9.745285987854004, -9.956482887268066]","[0.00017445195408072323, 0.002990107983350754]"
hdsp,chunk_10_14,14,0,7,phys,"[""phys"", ""robust""]","[-9.634636878967285, -9.886588096618652]","[0.00021780600945930928, 0.0025090964045375586]"
hdsp,chunk_10_14,14,0,8,phys,"[""phys"", ""robust""]","[-9.692147254943848, -9.774638175964355]","[0.00014376910985447466, 0.0012975068530067801]"
hdsp,chunk_10_14,14,1,1,conv,"[""conv"", ""prox_tv""]","[-9.390442848205566, -10.246516227722168]","[0.00012658178457058966, 0.00036789802834391594]"
hdsp,chunk_10_14,14,1,2,conv,"[""conv"", ""prox_tv""]","[-9.557293891906738, -9.971932411193848]","[0.00012333238555584103, 0.00014173776435200125]"
hdsp,chunk_10_14,14,1,3,conv,"[""conv"", ""prox_tv""]","[-9.222697257995605, -9.91925048828125]","[0.00013520795619115233, 0.00013677382958121598]"
hdsp,chunk_10_14,14,1,4,prox_tv,"[""conv"", ""prox_tv""]","[-9.597004890441895, -9.338444709777832]","[0.00022252061171457171, 0.0001438891631551087]"
hdsp,chunk_10_14,14,1,5,conv,"[""conv"", ""prox_tv""]","[-9.0109224319458, -9.678694725036621]","[8.869695739122108e-05, 9.378894901601598e-05]"
hdsp,chunk_10_14,14,1,6,conv,"[""conv"", ""prox_tv""]","[-8.994860649108887, -10.057592391967773]","[7.63073840062134e-05, 0.0002148347266484052]"
hdsp,chunk_10_14,14,1,7,prox_tv,"[""conv"", ""prox_tv""]","[-9.646462440490723, -9.41122055053711]","[0.0001253236405318603, 0.0001209205511258915]"
hdsp,chunk_10_14,14,1,8,prox_tv,"[""conv"", ""prox_tv""]","[-9.812880516052246, -9.609064102172852]","[0.00014560981071554124, 0.00013239913096185774]"
hdsp,chunk_10_14,14,2,1,conv_lowtv,"[""conv_lowtv"", ""wavelet"", ""inr""]","[-9.576390266418457, -10.029589653015137, -12.052803993225098]","[0.00011867135617649183, 0.0003600858326535672, 0.1045261025428772]"
hdsp,chunk_10_14,14,2,2,conv_lowtv,"[""conv_lowtv"", ""wavelet"", ""inr""]","[-9.666731834411621, -10.136643409729004, -12.263472557067871]","[0.0001680587010923773, 0.0003659571229945868, 0.10701468586921692]"
hdsp,chunk_10_14,14,2,3,conv_lowtv,"[""conv_lowtv"", ""wavelet"", ""inr""]","[-9.666521072387695, -10.344675064086914, -12.911120414733887]","[0.0001300264266319573, 0.00037496889126487076, 0.10058087110519409]"
hdsp,chunk_10_14,14,2,4,conv_lowtv,"[""conv_lowtv"", ""wavelet"", ""inr""]","[-9.739336013793945, -10.246277809143066, -12.747960090637207]","[0.00011887829168699682, 0.0004253591177985072, 0.09857717156410217]"
hdsp,chunk_10_14,14,2,5,conv_lowtv,"[""conv_lowtv"", ""wavelet"", ""inr""]","[-9.476103782653809, -10.19614315032959, -12.911324501037598]","[0.0001231638598255813, 0.00048179138684645295, 0.10958603024482727]"
hdsp,chunk_10_14,14,2,6,conv_lowtv,"[""conv_lowtv"", ""wavelet"", ""inr""]","[-9.681628227233887, -10.065447807312012, -12.744046211242676]","[0.00024383350682910532, 0.000534803606569767, 0.10282227396965027]"
hdsp,chunk_10_14,14,2,7,conv_lowtv,"[""conv_lowtv"", ""wavelet"", ""inr""]","[-9.428048133850098, -10.170342445373535, -12.773306846618652]","[0.0001238716795342043, 0.0006396512617357075, 0.10425075888633728]"
hdsp,chunk_10_14,14,2,8,conv_lowtv,"[""conv_lowtv"", ""wavelet"", ""inr""]","[-9.420018196105957, -10.209986686706543, -13.207562446594238]","[0.00010003872739616781, 0.000469545426312834, 0.1255342960357666]"
hdsp,chunk_10_14,14,3,1,dct,"[""dct"", ""had""]","[-9.460854530334473, -10.065985679626465]","[0.00013005286746192724, 0.00016566160775255412]"
hdsp,chunk_10_14,14,3,2,dct,"[""dct"", ""had""]","[-9.507706642150879, -9.867024421691895]","[0.00013367833162192255, 0.00023897277424111962]"
hdsp,chunk_10_14,14,3,3,had,"[""dct"", ""had""]","[-9.93305492401123, -9.571497917175293]","[0.0004311567754484713, 0.00023364427033811808]"
hdsp,chunk_10_14,14,3,4,had,"[""dct"", ""had""]","[-9.828770637512207, -9.773859024047852]","[0.00024682466755621135, 0.00022760739375371486]"
hdsp,chunk_10_14,14,3,5,dct,"[""dct"", ""had""]","[-9.329341888427734, -9.990239143371582]","[0.00014112860662862659, 0.00018410132906865329]"
hdsp,chunk_10_14,14,3,6,dct,"[""dct"", ""had""]","[-9.2784423828125, -10.05335521697998]","[9.924159530783072e-05, 0.00018732940952759236]"
hdsp,chunk_10_14,14,3,7,dct,"[""dct"", ""had""]","[-9.182945251464844, -9.793927192687988]","[8.183674071915448e-05, 0.000115153357910458]"
hdsp,chunk_10_14,14,3,8,had,"[""dct"", ""had""]","[-9.810569763183594, -9.501898765563965]","[0.00014359787746798247, 0.0001329508377239108]"
hdsp,chunk_10_14,14,4,1,huber,"[""tv2"", ""huber""]","[-9.81098747253418, -9.501112937927246]","[0.0005859055672772229, 0.00026763658388517797]"
hdsp,chunk_10_14,14,4,2,tv2,"[""tv2"", ""huber""]","[-9.45924186706543, -9.679631233215332]","[0.0007494175806641579, 0.00044734482071362436]"
hdsp,chunk_10_14,14,4,3,huber,"[""tv2"", ""huber""]","[-9.18204402923584, -9.1669340133667]","[0.0004243424045853317, 0.00027526437770575285]"
hdsp,chunk_10_14,14,4,4,huber,"[""tv2"", ""huber""]","[-9.469122886657715, -9.426777839660645]","[0.0005406392738223076, 0.00026538106612861156]"
hdsp,chunk_10_14,14,4,5,huber,"[""tv2"", ""huber""]","[-9.616291046142578, -9.364770889282227]","[0.0005776750040240586, 0.00030610704561695457]"
hdsp,chunk_10_14,14,4,6,huber,"[""tv2"", ""huber""]","[-9.687012672424316, -9.586807250976562]","[0.0005021545221097767, 0.0003235277545172721]"
hdsp,chunk_10_14,14,4,7,tv2,"[""tv2"", ""huber""]","[-9.4065580368042, -9.406862258911133]","[0.00038061823579482734, 0.0003450555959716439]"
hdsp,chunk_10_14,14,4,8,huber,"[""tv2"", ""huber""]","[-9.654638290405273, -9.320639610290527]","[0.0004739394353237003, 0.0001938696368597448]"
hdsp,chunk_10_14,14,5,1,dct,"[""dct"", ""tv2""]","[-9.765458106994629, -9.790514945983887]","[0.00017748969548847526, 0.0005424042465165257]"
hdsp,chunk_10_14,14,5,2,dct,"[""dct"", ""tv2""]","[-9.339573860168457, -9.509488105773926]","[0.0001488437847001478, 0.0004487383703235537]"
hdsp,chunk_10_14,14,5,3,dct,"[""dct"", ""tv2""]","[-9.232239723205566, -9.256648063659668]","[0.00013654641225002706, 0.00035038997884839773]"
hdsp,chunk_10_14,14,5,4,tv2,"[""dct"", ""tv2""]","[-9.492073059082031, -9.360356330871582]","[0.0002393250906607136, 0.0003500041493680328]"
hdsp,chunk_10_14,14,5,5,tv2,"[""dct"", ""tv2""]","[-9.625009536743164, -9.125438690185547]","[0.0002607546339277178, 0.0003115943109150976]"
hdsp,chunk_10_14,14,5,6,tv2,"[""dct"", ""tv2""]","[-9.461878776550293, -9.29909610748291]","[0.0001580750831635669, 0.0004274594539310783]"
hdsp,chunk_10_14,14,5,7,tv2,"[""dct"", ""tv2""]","[-9.629012107849121, -9.255610466003418]","[0.00028313748771324754, 0.0004940821090713143]"
hdsp,chunk_10_14,14,5,8,tv2,"[""dct"", ""tv2""]","[-10.006272315979004, -9.196915626525879]","[0.0003347128222230822, 0.00038879289058968425]"
hdsp,chunk_15_19,15,0,1,robust,"[""phys"", ""robust""]","[-11.404894828796387, -11.287568092346191]","[0.00013395892165135592, 0.001553099020384252]"
hdsp,chunk_15_19,15,0,2,robust,"[""phys"", ""robust""]","[-12.729920387268066, -12.032068252563477]","[0.0010212288470938802, 0.008752581663429737]"
hdsp,chunk_15_19,15,0,3,robust,"[""phys"", ""robust""]","[-11.315714836120605, -10.573424339294434]","[0.0005889056483283639, 0.010099952109158039]"
hdsp,chunk_15_19,15,0,4,robust,"[""phys"", ""robust""]","[-10.768021583557129, -10.440293312072754]","[0.0005105690215714276, 0.015445741824805737]"
hdsp,chunk_15_19,15,0,5,robust,"[""phys"", ""robust""]","[-10.564867973327637, -10.203478813171387]","[0.0009009491186589003, 0.006893102079629898]"
hdsp,chunk_15_19,15,0,6,robust,"[""phys"", ""robust""]","[-10.3966703414917, -9.932604789733887]","[0.0007228237809613347, 0.006138929631561041]"
hdsp,chunk_15_19,15,0,7,robust,"[""phys"", ""robust""]","[-10.44182300567627, -10.204009056091309]","[0.0007245463784784079, 0.004718081094324589]"
hdsp,chunk_15_19,15,0,8,robust,"[""phys"", ""robust""]","[-10.16373348236084, -10.065524101257324]","[0.0007782464963383973, 0.005005071870982647]"
hdsp,chunk_15_19,15,1,1,conv,"[""conv"", ""prox_tv""]","[-10.869277000427246, -11.932198524475098]","[0.00016746662731748074, 0.00030226545641198754]"
hdsp,chunk_15_19,15,1,2,conv,"[""conv"", ""prox_tv""]","[-11.01082992553711, -11.74765682220459]","[0.00021441263379529119, 0.00021499184367712587]"
hdsp,chunk_15_19,15,1,3,prox_tv,"[""conv"", ""prox_tv""]","[-11.129563331604004, -10.937621116638184]","[0.00014106366143096238, 9.718717046780512e-05]"
hdsp,chunk_15_19,15,1,4,prox_tv,"[""conv"", ""prox_tv""]","[-10.38107681274414, -10.157611846923828]","[0.0001538376382086426, 7.927751721581444e-05]"
hdsp,chunk_15_19,15,1,5,conv,"[""conv"", ""prox_tv""]","[-10.47545337677002, -11.216986656188965]","[0.00010883015056606382, 0.00013051774294581264]"
hdsp,chunk_15_19,15,1,6,prox_tv,"[""conv"", ""prox_tv""]","[-10.636104583740234, -10.139025688171387]","[0.0006274513434618711, 0.00011593437375267968]"
hdsp,chunk_15_19,15,1,7,conv,"[""conv"", ""prox_tv""]","[-9.772500038146973, -10.346504211425781]","[0.00012687269190791994, 0.00017045701679307967]"
hdsp,chunk_15_19,15,1,8,prox_tv,"[""conv"", ""prox_tv""]","[-10.195616722106934, -9.964190483093262]","[0.0003529108944348991, 0.0002646727371029556]"
hdsp,chunk_15_19,15,2,1,conv_lowtv,"[""conv_lowtv"", ""wavelet"", ""inr""]","[-11.577605247497559, -12.303452491760254, -14.57311725616455]","[0.00012643681839108467, 0.00034921400947496295, 0.06791260093450546]"
hdsp,chunk_15_19,15,2,2,conv_lowtv,"[""conv_lowtv"", ""wavelet"", ""inr""]","[-11.051980018615723, -12.010936737060547, -14.54377555847168]","[0.00010518219642108306, 0.00029873239691369236, 0.08909063786268234]"
hdsp,chunk_15_19,15,2,3,conv_lowtv,"[""conv_lowtv"", ""wavelet"", ""inr""]","[-10.937171936035156, -11.767220497131348, -13.733717918395996]","[0.0001399884931743145, 0.0002575765538495034, 0.0175106730312109]"
hdsp,chunk_15_19,15,2,4,conv_lowtv,"[""conv_lowtv"", ""wavelet"", ""inr""]","[-10.435347557067871, -11.529444694519043, -14.40727710723877]","[0.0001017604663502425, 0.0010595455532893538, 0.08805447071790695]"
hdsp,chunk_15_19,15,2,5,conv_lowtv,"[""conv_lowtv"", ""wavelet"", ""inr""]","[-10.418416023254395, -10.847050666809082, -14.3256196975708]","[0.0004910298739559948, 0.00033027672907337546, 0.09001252800226212]"
hdsp,chunk_15_19,15,2,6,conv_lowtv,"[""conv_lowtv"", ""wavelet"", ""inr""]","[-10.693955421447754, -11.590267181396484, -14.677358627319336]","[0.00025135718169622123, 0.0006166219827719033, 0.08291830867528915]"
hdsp,chunk_15_19,15,2,7,conv_lowtv,"[""conv_lowtv"", ""wavelet"", ""inr""]","[-10.173828125, -10.767746925354004, -14.421548843383789]","[0.00019219225214328617, 0.0004353972035460174, 0.08451679348945618]"
hdsp,chunk_15_19,15,2,8,conv_lowtv,"[""conv_lowtv"", ""wavelet"", ""inr""]","[-11.18101978302002, -12.845223426818848, -15.077959060668945]","[7.679691043449566e-05, 0.0002315191231900826, 0.08429009467363358]"
hdsp,chunk_15_19,15,3,1,dct,"[""dct"", ""had""]","[-11.54823112487793, -12.20046615600586]","[0.00010743278835434467, 0.00020056414359714836]"
hdsp,chunk_15_19,15,3,2,had,"[""dct"", ""had""]","[-10.188340187072754, -9.964441299438477]","[0.00025915895821526647, 0.00023050895833875984]"
hdsp,chunk_15_19,15,3,3,dct,"[""dct"", ""had""]","[-9.705368041992188, -10.468335151672363]","[0.00038969703018665314, 0.002491977298632264]"
hdsp,chunk_15_19,15,3,4,dct,"[""dct"", ""had""]","[-9.646702766418457, -10.007120132446289]","[0.00029399411869235337, 0.0012414194643497467]"
hdsp,chunk_15_19,15,3,5,dct,"[""dct"", ""had""]","[-9.602133750915527, -10.104620933532715]","[0.0003781641134992242, 0.0004873483849223703]"
hdsp,chunk_15_19,15,3,6,dct,"[""dct"", ""had""]","[-9.849474906921387, -10.29931354522705]","[0.0004991992609575391, 0.0006260728114284575]"
hdsp,chunk_15_19,15,3,7,dct,"[""dct"", ""had""]","[-9.607136726379395, -10.097159385681152]","[0.00044083537068217993, 0.0004567390133161098]"
hdsp,chunk_15_19,15,3,8,had,"[""dct"", ""had""]","[-10.22560977935791, -9.896697044372559]","[0.0003883017343468964, 0.00037116839666850865]"
hdsp,chunk_15_19,15,4,1,huber,"[""tv2"", ""huber""]","[-12.099072456359863, -11.87630558013916]","[0.0003079426824115217, 0.000187653029570356]"
hdsp,chunk_15_19,15,4,2,tv2,"[""tv2"", ""huber""]","[-9.464668273925781, -9.555195808410645]","[0.0008101508137769997, 0.0006795628578402102]"
hdsp,chunk_15_19,15,4,3,tv2,"[""tv2"", ""huber""]","[-9.400006294250488, -9.401106834411621]","[0.0008576509426347911, 0.0006246051634661853]"
hdsp,chunk_15_19,15,4,4,tv2,"[""tv2"", ""huber""]","[-9.566040992736816, -10.8433198928833]","[0.0006088164518587291, 0.0013659443939104676]"
hdsp,chunk_15_19,15,4,5,tv2,"[""tv2"", ""huber""]","[-9.753174781799316, -9.912778854370117]","[0.0009988382225856185, 0.0007164768758229911]"
hdsp,chunk_15_19,15,4,6,tv2,"[""tv2"", ""huber""]","[-9.278761863708496, -10.080262184143066]","[0.0007232696516439319, 0.0007579248631373048]"
hdsp,chunk_15_19,15,4,7,tv2,"[""tv2"", ""huber""]","[-9.424847602844238, -10.37436580657959]","[0.0009102646727114916, 0.0011909069726243615]"
hdsp,chunk_15_19,15,4,8,tv2,"[""tv2"", ""huber""]","[-9.584452629089355, -9.661053657531738]","[0.0010908672120422125, 0.0005549569032154977]"
hdsp,chunk_15_19,15,5,1,dct,"[""dct"", ""tv2""]","[-11.293391227722168, -11.34514331817627]","[0.00016822267207317054, 0.00025450449902564287]"
hdsp,chunk_15_19,15,5,2,dct,"[""dct"", ""tv2""]","[-9.888703346252441, -10.007729530334473]","[0.00020973228674847633, 0.0005388452555052936]"
hdsp,chunk_15_19,15,5,3,tv2,"[""dct"", ""tv2""]","[-9.587586402893066, -9.55553913116455]","[0.0003475094272289425, 0.0005765503738075495]"
hdsp,chunk_15_19,15,5,4,dct,"[""dct"", ""tv2""]","[-10.329012870788574, -10.732386589050293]","[0.001402087276801467, 0.00382494879886508]"
hdsp,chunk_15_19,15,5,5,tv2,"[""dct"", ""tv2""]","[-9.699202537536621, -9.653164863586426]","[0.000669632398057729, 0.0010040270863100886]"
hdsp,chunk_15_19,15,5,6,tv2,"[""dct"", ""tv2""]","[-10.781588554382324, -9.640091896057129]","[0.0016134495381265879, 0.0009891539812088013]"
hdsp,chunk_15_19,15,5,7,dct,"[""dct"", ""tv2""]","[-10.285052299499512, -10.4498929977417]","[0.00011301373888272792, 0.0005202488973736763]"
hdsp,chunk_15_19,15,5,8,tv2,"[""dct"", ""tv2""]","[-9.96718692779541, -9.85154914855957]","[0.00027523748576641083, 0.0009287376306019723]"
hdsp,chunk_15_19,16,0,1,phys,"[""phys"", ""robust""]","[-9.868515014648438, -10.086743354797363]","[0.0003451816155575216, 0.0021914769895374775]"
hdsp,chunk_15_19,16,0,2,phys,"[""phys"", ""robust""]","[-9.61460018157959, -9.886120796203613]","[0.0005436482024379075, 0.0020837474148720503]"
hdsp,chunk_15_19,16,0,3,phys,"[""phys"", ""robust""]","[-9.629176139831543, -9.938916206359863]","[0.00043791261850856245, 0.002010195981711149]"
hdsp,chunk_15_19,16,0,4,phys,"[""phys"", ""robust""]","[-9.688642501831055, -10.018606185913086]","[0.00038373659481294453, 0.0013938600895926356]"
hdsp,chunk_15_19,16,0,5,phys,"[""phys"", ""robust""]","[-9.791747093200684, -10.160286903381348]","[0.0006890988443046808, 0.0025344467721879482]"
hdsp,chunk_15_19,16,0,6,phys,"[""phys"", ""robust""]","[-9.700662612915039, -10.055610656738281]","[0.0002728881954681128, 0.0020939898677170277]"
hdsp,chunk_15_19,16,0,7,phys,"[""phys"", ""robust""]","[-9.749722480773926, -10.153042793273926]","[0.00028547225520014763, 0.0023249515797942877]"
hdsp,chunk_15_19,16,0,8,phys,"[""phys"", ""robust""]","[-9.738313674926758, -10.147557258605957]","[0.0003516478172969073, 0.002413481939584017]"
hdsp,chunk_15_19,16,1,1,prox_tv,"[""conv"", ""prox_tv""]","[-9.967819213867188, -9.711360931396484]","[0.0008666160283610225, 0.000440687668742612]"
hdsp,chunk_15_19,16,1,2,prox_tv,"[""conv"", ""prox_tv""]","[-9.849719047546387, -9.759644508361816]","[0.0009438922279514372, 0.0004794221022166312]"
hdsp,chunk_15_19,16,1,3,prox_tv,"[""conv"", ""prox_tv""]","[-9.893892288208008, -9.711013793945312]","[0.00045414187479764223, 0.00044509730651043355]"
hdsp,chunk_15_19,16,1,4,conv,"[""conv"", ""prox_tv""]","[-9.440278053283691, -9.964390754699707]","[0.00021992878464516252, 0.00033624988282099366]"
hdsp,chunk_15_19,16,1,5,prox_tv,"[""conv"", ""prox_tv""]","[-9.850831031799316, -9.660338401794434]","[0.0007905207457952201, 0.000404535501729697]"
hdsp,chunk_15_19,16,1,6,conv,"[""conv"", ""prox_tv""]","[-9.677628517150879, -10.155652046203613]","[0.00033949562930502, 0.0005291568231768906]"
hdsp,chunk_15_19,16,1,7,prox_tv,"[""conv"", ""prox_tv""]","[-10.025586128234863, -9.855544090270996]","[0.0004866942763328552, 0.0004734031390398741]"
hdsp,chunk_15_19,16,1,8,prox_tv,"[""conv"", ""prox_tv""]","[-9.904945373535156, -9.77717113494873]","[0.000281716842437163, 0.0002553403319325298]"
hdsp,chunk_15_19,16,2,1,conv_lowtv,"[""conv_lowtv"", ""wavelet"", ""inr""]","[-9.945642471313477, -10.485892295837402, -13.325152397155762]","[0.0010362982284277678, 0.0011993132065981627, 0.0987088531255722]"
hdsp,chunk_15_19,16,2,2,conv_lowtv,"[""conv_lowtv"", ""wavelet"", ""inr""]","[-9.85379695892334, -10.622878074645996, -13.815836906433105]","[0.0007917710463516414, 0.0011951586930081248, 0.09895011782646179]"
hdsp,chunk_15_19,16,2,3,conv_lowtv,"[""conv_lowtv"", ""wavelet"", ""inr""]","[-9.966401100158691, -10.758946418762207, -14.1508150100708]","[0.0005153050879016519, 0.0010241157142445445, 0.10891712456941605]"
hdsp,chunk_15_19,16,2,4,conv_lowtv,"[""conv_lowtv"", ""wavelet"", ""inr""]","[-9.838241577148438, -10.66407299041748, -13.61221981048584]","[0.00062657700618729, 0.0010393577395007014, 0.09819299727678299]"
hdsp,chunk_15_19,16,2,5,conv_lowtv,"[""conv_lowtv"", ""wavelet"", ""inr""]","[-9.76322078704834, -10.618795394897461, -13.63598918914795]","[0.00048482147394679487, 0.0009582432103343308, 0.09871193766593933]"
hdsp,chunk_15_19,16,2,6,conv_lowtv,"[""conv_lowtv"", ""wavelet"", ""inr""]","[-9.765446662902832, -10.546256065368652, -13.687172889709473]","[0.0005144044989719987, 0.0010707586770877242, 0.10106008499860764]"
hdsp,chunk_15_19,16,2,7,conv_lowtv,"[""conv_lowtv"", ""wavelet"", ""inr""]","[-9.796807289123535, -10.648844718933105, -13.600890159606934]","[0.00030166530632413924, 0.0009524750639684498, 0.0968109741806984]"
hdsp,chunk_15_19,16,2,8,conv_lowtv,"[""conv_lowtv"", ""wavelet"", ""inr""]","[-9.8709716796875, -10.776073455810547, -13.88452434539795]","[0.0004900350468233228, 0.0012580999173223972, 0.09742101281881332]"
hdsp,chunk_15_19,16,3,1,had,"[""dct"", ""had""]","[-10.186861991882324, -10.012629508972168]","[0.0007481242064386606, 0.000211334292544052]"
hdsp,chunk_15_19,16,3,2,dct,"[""dct"", ""had""]","[-9.584368705749512, -10.024173736572266]","[0.0005236570723354816, 0.0015174469444900751]"
hdsp,chunk_15_19,16,3,3,dct,"[""dct"", ""had""]","[-9.429071426391602, -9.989901542663574]","[0.0003668359713628888, 0.0004049440030939877]"
hdsp,chunk_15_19,16,3,4,dct,"[""dct"", ""had""]","[-9.524022102355957, -9.909160614013672]","[0.0003356669913046062, 0.0003678725042846054]"
hdsp,chunk_15_19,16,3,5,had,"[""dct"", ""had""]","[-9.8651123046875, -9.665806770324707]","[0.0004978663637302816, 0.00019348092610016465]"
hdsp,chunk_15_19,16,3,6,had,"[""dct"", ""had""]","[-9.96533203125, -9.761905670166016]","[0.0006890277145430446, 0.0002843863039743155]"
hdsp,chunk_15_19,16,3,7,dct,"[""dct"", ""had""]","[-9.680201530456543, -10.165661811828613]","[0.00038795405998826027, 0.00045015907380729914]"
hdsp,chunk_15_19,16,3,8,dct,"[""dct"", ""had""]","[-9.604597091674805, -10.099181175231934]","[0.00032730569364503026, 0.00042819607187993824]"
hdsp,chunk_15_19,16,4,1,tv2,"[""tv2"", ""huber""]","[-9.894795417785645, -9.919865608215332]","[0.0011441173264756799, 0.001050748978741467]"
hdsp,chunk_15_19,16,4,2,tv2,"[""tv2"", ""huber""]","[-9.380715370178223, -9.51638126373291]","[0.0008616666309535503, 0.000782763643655926]"
hdsp,chunk_15_19,16,4,3,tv2,"[""tv2"", ""huber""]","[-9.06606388092041, -9.862879753112793]","[0.0007635392830707133, 0.0017976394155994058]"
hdsp,chunk_15_19,16,4,4,tv2,"[""tv2"", ""huber""]","[-9.477222442626953, -9.58543872833252]","[0.0014363895170390606, 0.0006454045069403946]"
hdsp,chunk_15_19,16,4,5,tv2,"[""tv2"", ""huber""]","[-9.469921112060547, -9.539076805114746]","[0.0008950132178142667, 0.0007657416863366961]"
hdsp,chunk_15_19,16,4,6,huber,"[""tv2"", ""huber""]","[-9.490358352661133, -9.480154991149902]","[0.0016266568563878536, 0.0006440141587518156]"
hdsp,chunk_15_19,16,4,7,huber,"[""tv2"", ""huber""]","[-9.677132606506348, -9.651717185974121]","[0.0010009055258706212, 0.000653203867841512]"
hdsp,chunk_15_19,16,4,8,tv2,"[""tv2"", ""huber""]","[-9.72158145904541, -9.802701950073242]","[0.0013241461711004376, 0.0008213527617044747]"
hdsp,chunk_15_19,16,5,1,dct,"[""dct"", ""tv2""]","[-9.741448402404785, -9.841333389282227]","[0.0003509305533953011, 0.0008617172134108841]"
hdsp,chunk_15_19,16,5,2,tv2,"[""dct"", ""tv2""]","[-9.895821571350098, -9.244673728942871]","[0.0016955090686678886, 0.0012705759145319462]"
hdsp,chunk_15_19,16,5,3,tv2,"[""dct"", ""tv2""]","[-9.433145523071289, -9.398897171020508]","[0.0007143415277823806, 0.001463962602429092]"
hdsp,chunk_15_19,16,5,4,tv2,"[""dct"", ""tv2""]","[-9.487217903137207, -9.36913013458252]","[0.0005255867727100849, 0.0010560075752437115]"
hdsp,chunk_15_19,16,5,5,tv2,"[""dct"", ""tv2""]","[-9.56129264831543, -9.507521629333496]","[0.0007284840103238821, 0.0013161615934222937]"
hdsp,chunk_15_19,16,5,6,dct,"[""dct"", ""tv2""]","[-9.44064998626709, -9.569018363952637]","[0.0007098661735653877, 0.0017370033310726285]"
hdsp,chunk_15_19,16,5,7,dct,"[""dct"", ""tv2""]","[-9.553378105163574, -9.615960121154785]","[0.00046483712503686547, 0.001032673753798008]"
hdsp,chunk_15_19,16,5,8,dct,"[""dct"", ""tv2""]","[-9.608376502990723, -9.714518547058105]","[0.00024304383259732276, 0.0008333764271810651]"
hdsp,chunk_15_19,17,0,1,phys,"[""phys"", ""robust""]","[-9.7199125289917, -10.132819175720215]","[0.00020120092085562646, 0.0067688412964344025]"
hdsp,chunk_15_19,17,0,2,phys,"[""phys"", ""robust""]","[-9.867697715759277, -10.162677764892578]","[0.00016903315554372966, 0.002707279287278652]"
hdsp,chunk_15_19,17,0,3,phys,"[""phys"", ""robust""]","[-9.821203231811523, -10.144486427307129]","[0.00015971882385201752, 0.0018262382363900542]"
hdsp,chunk_15_19,17,0,4,phys,"[""phys"", ""robust""]","[-9.625069618225098, -10.145014762878418]","[0.0001199779799208045, 0.0021592527627944946]"
hdsp,chunk_15_19,17,0,5,phys,"[""phys"", ""robust""]","[-9.576560020446777, -10.1076021194458]","[7.734522660030052e-05, 0.001608563819900155]"
hdsp,chunk_15_19,17,0,6,phys,"[""phys"", ""robust""]","[-9.65695858001709, -10.03896427154541]","[5.564959064940922e-05, 0.0005368507700040936]"
hdsp,chunk_15_19,17,0,7,phys,"[""phys"", ""robust""]","[-10.050610542297363, -10.17052173614502]","[0.0001979919761652127, 0.0005579767748713493]"
hdsp,chunk_15_19,17,0,8,phys,"[""phys"", ""robust""]","[-9.813092231750488, -10.20051097869873]","[8.05558665888384e-05, 0.0005525769083760679]"
hdsp,chunk_15_19,17,1,1,prox_tv,"[""conv"", ""prox_tv""]","[-10.283076286315918, -10.048714637756348]","[0.00024324431433342397, 0.00021358320373110473]"
hdsp,chunk_15_19,17,1,2,conv,"[""conv"", ""prox_tv""]","[-9.704461097717285, -10.261414527893066]","[0.00019059234182350338, 0.00024054318782873452]"
hdsp,chunk_15_19,17,1,3,conv,"[""conv"", ""prox_tv""]","[-9.710856437683105, -10.173272132873535]","[0.00014447506691794842, 0.0003755836223717779]"
hdsp,chunk_15_19,17,1,4,conv,"[""conv"", ""prox_tv""]","[-9.6028413772583, -10.279722213745117]","[8.092612551990896e-05, 0.00012593467545229942]"
hdsp,chunk_15_19,17,1,5,prox_tv,"[""conv"", ""prox_tv""]","[-9.933525085449219, -9.78180980682373]","[6.724031845806167e-05, 5.783896631328389e-05]"
hdsp,chunk_15_19,17,1,6,prox_tv,"[""conv"", ""prox_tv""]","[-9.80785083770752, -9.75733470916748]","[8.904028800316155e-05, 8.184010948752984e-05]"
hdsp,chunk_15_19,17,1,7,prox_tv,"[""conv"", ""prox_tv""]","[-9.99157428741455, -9.690314292907715]","[0.0001434161385986954, 5.2795166993746534e-05]"
hdsp,chunk_15_19,17,1,8,prox_tv,"[""conv"", ""prox_tv""]","[-10.081644058227539, -9.852177619934082]","[0.00013123353710398078, 6.55449548503384e-05]"
hdsp,chunk_15_19,17,2,1,conv_lowtv,"[""conv_lowtv"", ""wavelet"", ""inr""]","[-10.121200561523438, -10.907914161682129, -14.015486717224121]","[0.0003300441021565348, 0.0009184790542349219, 0.2784273028373718]"
hdsp,chunk_15_19,17,2,2,conv_lowtv,"[""conv_lowtv"", ""wavelet"", ""inr""]","[-9.993391990661621, -10.74190616607666, -14.808798789978027]","[0.0001336417772108689, 0.0004498731577768922, 0.2687704861164093]"
hdsp,chunk_15_19,17,2,3,conv_lowtv,"[""conv_lowtv"", ""wavelet"", ""inr""]","[-10.071245193481445, -10.744942665100098, -15.687393188476562]","[0.00015127194637898356, 0.00038249013596214354, 0.2976464629173279]"
hdsp,chunk_15_19,17,2,4,conv_lowtv,"[""conv_lowtv"", ""wavelet"", ""inr""]","[-10.033026695251465, -10.896832466125488, -15.706311225891113]","[8.771924331085756e-05, 0.00046905589988455176, 0.28941914439201355]"
hdsp,chunk_15_19,17,2,5,conv_lowtv,"[""conv_lowtv"", ""wavelet"", ""inr""]","[-10.494816780090332, -11.043290138244629, -15.833490371704102]","[0.0001607249869266525, 0.000556670653168112, 0.2657763659954071]"
hdsp,chunk_15_19,17,2,6,conv_lowtv,"[""conv_lowtv"", ""wavelet"", ""inr""]","[-10.108195304870605, -11.021082878112793, -16.075605392456055]","[6.4273044699803e-05, 0.00046595034655183554, 0.2701464891433716]"
hdsp,chunk_15_19,17,2,7,conv_lowtv,"[""conv_lowtv"", ""wavelet"", ""inr""]","[-10.237364768981934, -11.209556579589844, -16.046283721923828]","[0.00013179218512959778, 0.00043656627531163394, 0.26999810338020325]"
hdsp,chunk_15_19,17,2,8,conv_lowtv,"[""conv_lowtv"", ""wavelet"", ""inr""]","[-10.342185020446777, -11.173115730285645, -16.356203079223633]","[0.00016049637633841485, 0.0005240151076577604, 0.2754748463630676]"
hdsp,chunk_15_19,17,3,1,dct,"[""dct"", ""had""]","[-9.918902397155762, -10.428040504455566]","[0.00017153896624222398, 0.00023497611982747912]"
hdsp,chunk_15_19,17,3,2,had,"[""dct"", ""had""]","[-10.430601119995117, -10.04731273651123]","[0.00020342404604889452, 0.0001867401588242501]"
hdsp,chunk_15_19,17,3,3,dct,"[""dct"", ""had""]","[-9.866985321044922, -10.16352367401123]","[0.0001036887988448143, 0.00011680367606459185]"
hdsp,chunk_15_19,17,3,4,dct,"[""dct"", ""had""]","[-9.967698097229004, -10.223365783691406]","[0.00010588630539132282, 0.00011118268594145775]"
hdsp,chunk_15_19,17,3,5,dct,"[""dct"", ""had""]","[-9.762185096740723, -10.23386287689209]","[6.314123311312869e-05, 0.0001806723012123257]"
hdsp,chunk_15_19,17,3,6,dct,"[""dct"", ""had""]","[-9.765380859375, -10.587279319763184]","[8.355385216418654e-05, 0.00029010765138082206]"
hdsp,chunk_15_19,17,3,7,dct,"[""dct"", ""had""]","[-9.908020973205566, -10.483595848083496]","[0.00010054184531327337, 0.00014802887744735926]"
hdsp,chunk_15_19,17,3,8,had,"[""dct"", ""had""]","[-10.471091270446777, -10.016996383666992]","[0.00018643106159288436, 6.350153125822544e-05]"
hdsp,chunk_15_19,17,4,1,tv2,"[""tv2"", ""huber""]","[-9.84835147857666, -10.831761360168457]","[0.0003387064207345247, 0.0003506081411615014]"
hdsp,chunk_15_19,17,4,2,tv2,"[""tv2"", ""huber""]","[-9.435929298400879, -10.184215545654297]","[0.00019956355390604585, 0.00021441912394948304]"
hdsp,chunk_15_19,17,4,3,huber,"[""tv2"", ""huber""]","[-9.97140121459961, -9.844945907592773]","[0.0003193929442204535, 0.00019249520846642554]"
hdsp,chunk_15_19,17,4,4,tv2,"[""tv2"", ""huber""]","[-10.115436553955078, -10.118607521057129]","[0.0003886271151714027, 0.00021765852579846978]"
hdsp,chunk_15_19,17,4,5,tv2,"[""tv2"", ""huber""]","[-10.015215873718262, -10.059784889221191]","[0.0002389476721873507, 0.0001719412684906274]"
hdsp,chunk_15_19,17,4,6,tv2,"[""tv2"", ""huber""]","[-9.86182689666748, -9.97675609588623]","[0.000231825266382657, 0.0001647823373787105]"
hdsp,chunk_15_19,17,4,7,tv2,"[""tv2"", ""huber""]","[-10.117997169494629, -10.243327140808105]","[0.00026305305073037744, 0.00013942786608822644]"
hdsp,chunk_15_19,17,4,8,tv2,"[""tv2"", ""huber""]","[-10.067499160766602, -10.103117942810059]","[0.0003019757568836212, 0.00017408601706847548]"
hdsp,chunk_15_19,17,5,1,dct,"[""dct"", ""tv2""]","[-10.06113338470459, -10.08187198638916]","[0.00027143408078700304, 0.00033193951821886003]"
hdsp,chunk_15_19,17,5,2,dct,"[""dct"", ""tv2""]","[-9.674159049987793, -9.760184288024902]","[0.000158422437380068, 0.00038241466972976923]"
hdsp,chunk_15_19,17,5,3,dct,"[""dct"", ""tv2""]","[-9.793657302856445, -9.954205513000488]","[0.00013893497816752642, 0.00033505394821986556]"
hdsp,chunk_15_19,17,5,4,dct,"[""dct"", ""tv2""]","[-9.815688133239746, -9.924321174621582]","[0.00013958360068500042, 0.0003700915549416095]"
hdsp,chunk_15_19,17,5,5,tv2,"[""dct"", ""tv2""]","[-9.864845275878906, -9.829804420471191]","[0.00014420328079722822, 0.00028207903960719705]"
hdsp,chunk_15_19,17,5,6,tv2,"[""dct"", ""tv2""]","[-10.555766105651855, -9.700672149658203]","[0.00028803685563616455, 0.00021155537979211658]"
hdsp,chunk_15_19,17,5,7,tv2,"[""dct"", ""tv2""]","[-10.208953857421875, -9.916131019592285]","[0.00016106116527225822, 0.00021823427232448012]"
hdsp,chunk_15_19,17,5,8,tv2,"[""dct"", ""tv2""]","[-10.519835472106934, -10.137389183044434]","[0.00017095860675908625, 0.0002378955396125093]"
hdsp,chunk_15_19,18,0,1,phys,"[""phys"", ""robust""]","[-10.54019832611084, -10.647814750671387]","[0.0005728062824346125, 0.004096612334251404]"
hdsp,chunk_15_19,18,0,2,phys,"[""phys"", ""robust""]","[-10.26186752319336, -10.581579208374023]","[0.0006395052187144756, 0.003991657868027687]"
hdsp,chunk_15_19,18,0,3,phys,"[""phys"", ""robust""]","[-10.421801567077637, -10.728302955627441]","[0.0005595940165221691, 0.0028136223554611206]"
hdsp,chunk_15_19,18,0,4,phys,"[""phys"", ""robust""]","[-10.386683464050293, -10.755029678344727]","[0.0003557555901352316, 0.0014715531142428517]"
hdsp,chunk_15_19,18,0,5,phys,"[""phys"", ""robust""]","[-11.270340919494629, -11.497878074645996]","[0.0009786582086235285, 0.0027845920994877815]"
hdsp,chunk_15_19,18,0,6,phys,"[""phys"", ""robust""]","[-11.085278511047363, -11.542113304138184]","[0.00028099477640353143, 0.0031046562362462282]"
hdsp,chunk_15_19,18,0,7,phys,"[""phys"", ""robust""]","[-11.042235374450684, -11.515347480773926]","[0.00020449342264328152, 0.0028640360105782747]"
hdsp,chunk_15_19,18,0,8,phys,"[""phys"", ""robust""]","[-10.714826583862305, -11.055863380432129]","[0.000108645050204359, 0.0010258265538141131]"
hdsp,chunk_15_19,18,1,1,prox_tv,"[""conv"", ""prox_tv""]","[-10.66331958770752, -10.51851749420166]","[0.00039060195558704436, 0.00030018447432667017]"
hdsp,chunk_15_19,18,1,2,conv,"[""conv"", ""prox_tv""]","[-10.234369277954102, -10.78761100769043]","[0.00017557782121002674, 0.0003588513645809144]"
hdsp,chunk_15_19,18,1,3,prox_tv,"[""conv"", ""prox_tv""]","[-10.536320686340332, -10.45014476776123]","[0.00047230496420525014, 0.0001939045760082081]"
hdsp,chunk_15_19,18,1,4,conv,"[""conv"", ""prox_tv""]","[-10.268256187438965, -10.704843521118164]","[0.00020912646141368896, 0.0004327734641265124]"
hdsp,chunk_15_19,18,1,5,conv,"[""conv"", ""prox_tv""]","[-10.234110832214355, -10.611992835998535]","[0.0001442539069103077, 0.0003345643635839224]"
hdsp,chunk_15_19,18,1,6,conv,"[""conv"", ""prox_tv""]","[-10.232904434204102, -10.742932319641113]","[0.00010708250192692503, 0.00046121524064801633]"
hdsp,chunk_15_19,18,1,7,prox_tv,"[""conv"", ""prox_tv""]","[-10.513701438903809, -10.309839248657227]","[0.00012461600999813527, 7.940761861391366e-05]"
hdsp,chunk_15_19,18,1,8,conv,"[""conv"", ""prox_tv""]","[-10.738175392150879, -11.207356452941895]","[0.0002636911813169718, 0.000320842897053808]"
hdsp,chunk_15_19,18,2,1,conv_lowtv,"[""conv_lowtv"", ""wavelet"", ""inr""]","[-10.711516380310059, -11.245585441589355, -14.875824928283691]","[0.00042008471791632473, 0.0009989511454477906, 0.09675399214029312]"
hdsp,chunk_15_19,18,2,2,conv_lowtv,"[""conv_lowtv"", ""wavelet"", ""inr""]","[-10.727791786193848, -11.384352684020996, -15.418999671936035]","[0.0006219596834853292, 0.0009711046004667878, 0.09904137998819351]"
hdsp,chunk_15_19,18,2,3,conv_lowtv,"[""conv_lowtv"", ""wavelet"", ""inr""]","[-10.8097505569458, -11.427584648132324, -15.459988594055176]","[0.00025826614000834525, 0.0009098536684177816, 0.09814678877592087]"
hdsp,chunk_15_19,18,2,4,conv_lowtv,"[""conv_lowtv"", ""wavelet"", ""inr""]","[-10.682330131530762, -11.397278785705566, -15.381726264953613]","[0.00021998194279149175, 0.0012314249761402607, 0.10295940935611725]"
hdsp,chunk_15_19,18,2,5,conv_lowtv,"[""conv_lowtv"", ""wavelet"", ""inr""]","[-10.804915428161621, -11.667801856994629, -15.552774429321289]","[0.0004328329232521355, 0.0007927317055873573, 0.09560678899288177]"
hdsp,chunk_15_19,18,2,6,conv_lowtv,"[""conv_lowtv"", ""wavelet"", ""inr""]","[-10.872929573059082, -11.794709205627441, -15.607545852661133]","[0.00024025315360631794, 0.0007863456849008799, 0.09800512343645096]"
hdsp,chunk_15_19,18,2,7,conv_lowtv,"[""conv_lowtv"", ""wavelet"", ""inr""]","[-10.984328269958496, -11.867304801940918, -15.774321556091309]","[0.0002680291363503784, 0.0008823713287711143, 0.09660398215055466]"
hdsp,chunk_15_19,18,2,8,conv_lowtv,"[""conv_lowtv"", ""wavelet"", ""inr""]","[-10.991244316101074, -11.901276588439941, -15.929218292236328]","[0.00013723844313062727, 0.0006023492314852774, 0.10742258280515671]"
hdsp,chunk_15_19,18,3,1,dct,"[""dct"", ""had""]","[-10.621014595031738, -10.881392478942871]","[0.00033892624196596444, 0.00045380674418993294]"
hdsp,chunk_15_19,18,3,2,dct,"[""dct"", ""had""]","[-10.12241268157959, -10.610032081604004]","[0.0007956830086186528, 0.0008505506557412446]"
hdsp,chunk_15_19,18,3,3,dct,"[""dct"", ""had""]","[-10.145028114318848, -10.665398597717285]","[0.0003502350300550461, 0.0003817090473603457]"
hdsp,chunk_15_19,18,3,4,had,"[""dct"", ""had""]","[-10.583812713623047, -10.43131160736084]","[0.00048443206469528377, 0.00039770911098457873]"
hdsp,chunk_15_19,18,3,5,dct,"[""dct"", ""had""]","[-10.25428295135498, -10.77770709991455]","[0.00028151017613708973, 0.0005376813351176679]"
hdsp,chunk_15_19,18,3,6,dct,"[""dct"", ""had""]","[-10.436779022216797, -10.502944946289062]","[0.0006307003786787391, 0.0005022481200285256]"
hdsp,chunk_15_19,18,3,7,had,"[""dct"", ""had""]","[-10.63380241394043, -10.576988220214844]","[0.000896156532689929, 0.0002962109283544123]"
hdsp,chunk_15_19,18,3,8,dct,"[""dct"", ""had""]","[-10.37425708770752, -10.881710052490234]","[0.00015504944894928485, 0.0005526475142687559]"
hdsp,chunk_15_19,18,4,1,tv2,"[""tv2"", ""huber""]","[-10.182465553283691, -10.815180778503418]","[0.0012747644213959575, 0.001367188524454832]"
hdsp,chunk_15_19,18,4,2,tv2,"[""tv2"", ""huber""]","[-10.197065353393555, -10.3128662109375]","[0.0008586840122006834, 0.0005240630707703531]"
hdsp,chunk_15_19,18,4,3,tv2,"[""tv2"", ""huber""]","[-10.292642593383789, -10.459303855895996]","[0.0008839662186801434, 0.0007694895029999316]"
hdsp,chunk_15_19,18,4,4,tv2,"[""tv2"", ""huber""]","[-10.030411720275879, -10.770720481872559]","[0.0007258628029376268, 0.0010009552352130413]"
hdsp,chunk_15_19,18,4,5,tv2,"[""tv2"", ""huber""]","[-10.302639961242676, -10.435503005981445]","[0.0006937762373127043, 0.0003013046516571194]"
hdsp,chunk_15_19,18,4,6,tv2,"[""tv2"", ""huber""]","[-10.078866004943848, -10.848880767822266]","[0.0008057327941060066, 0.0010108588030561805]"
hdsp,chunk_15_19,18,4,7,tv2,"[""tv2"", ""huber""]","[-10.470916748046875, -10.565232276916504]","[0.0010166914435103536, 0.0006481648306362331]"
hdsp,chunk_15_19,18,4,8,tv2,"[""tv2"", ""huber""]","[-10.527134895324707, -10.585320472717285]","[0.0007166958530433476, 0.0006034140242263675]"
hdsp,chunk_15_19,18,5,1,dct,"[""dct"", ""tv2""]","[-10.618687629699707, -10.681764602661133]","[0.0006785745499655604, 0.0013670955086126924]"
hdsp,chunk_15_19,18,5,2,tv2,"[""dct"", ""tv2""]","[-10.643155097961426, -9.949947357177734]","[0.0008809228893369436, 0.0008416861528530717]"
hdsp,chunk_15_19,18,5,3,tv2,"[""dct"", ""tv2""]","[-10.280369758605957, -10.203476905822754]","[0.00028664834098890424, 0.0004756576381623745]"
hdsp,chunk_15_19,18,5,4,tv2,"[""dct"", ""tv2""]","[-10.344037055969238, -10.285386085510254]","[0.000377747870516032, 0.0011505343718454242]"
hdsp,chunk_15_19,18,5,5,dct,"[""dct"", ""tv2""]","[-10.337265968322754, -10.420000076293945]","[0.00019094948947895318, 0.0007511026924476027]"
hdsp,chunk_15_19,18,5,6,tv2,"[""dct"", ""tv2""]","[-10.362272262573242, -10.21261215209961]","[0.000484378426335752, 0.0007035826565697789]"
hdsp,chunk_15_19,18,5,7,tv2,"[""dct"", ""tv2""]","[-10.486824989318848, -10.356955528259277]","[0.0006262916722334921, 0.0008767431718297303]"
hdsp,chunk_15_19,18,5,8,tv2,"[""dct"", ""tv2""]","[-10.524275779724121, -10.372310638427734]","[0.000268239964498207, 0.0005225316854193807]"
hdsp,chunk_15_19,19,0,1,phys,"[""phys"", ""robust""]","[-10.900254249572754, -11.017182350158691]","[0.000434818968642503, 0.007175209000706673]"
hdsp,chunk_15_19,19,0,2,phys,"[""phys"", ""robust""]","[-10.75207233428955, -11.09150218963623]","[0.0004740653093904257, 0.011044971644878387]"
hdsp,chunk_15_19,19,0,3,phys,"[""phys"", ""robust""]","[-10.888580322265625, -11.189187049865723]","[0.0004704442690126598, 0.005140378139913082]"
hdsp,chunk_15_19,19,0,4,phys,"[""phys"", ""robust""]","[-11.10035228729248, -11.733235359191895]","[0.0009222059743478894, 0.015125240199267864]"
hdsp,chunk_15_19,19,0,5,phys,"[""phys"", ""robust""]","[-11.529027938842773, -11.70141315460205]","[0.0018961598398163915, 0.0024666208773851395]"
hdsp,chunk_15_19,19,0,6,phys,"[""phys"", ""robust""]","[-11.542444229125977, -11.883231163024902]","[0.0008145174942910671, 0.0024534340482205153]"
hdsp,chunk_15_19,19,0,7,phys,"[""phys"", ""robust""]","[-11.442182540893555, -11.829870223999023]","[0.0006277168868109584, 0.00414191884920001]"
hdsp,chunk_15_19,19,0,8,robust,"[""phys"", ""robust""]","[-12.309741020202637, -11.696845054626465]","[0.002803137293085456, 0.0017437696224078536]"
hdsp,chunk_15_19,19,1,1,conv,"[""conv"", ""prox_tv""]","[-10.961695671081543, -11.443123817443848]","[0.0004509598365984857, 0.0006515984423458576]"
hdsp,chunk_15_19,19,1,2,prox_tv,"[""conv"", ""prox_tv""]","[-11.223893165588379, -11.069128036499023]","[0.000994357978925109, 0.0004042977234348655]"
hdsp,chunk_15_19,19,1,3,conv,"[""conv"", ""prox_tv""]","[-11.049859046936035, -11.357492446899414]","[0.0008502660784870386, 0.0013956271577626467]"
hdsp,chunk_15_19,19,1,4,conv,"[""conv"", ""prox_tv""]","[-11.20145034790039, -11.510727882385254]","[0.0005930519546382129, 0.0006547730881720781]"
hdsp,chunk_15_19,19,1,5,conv,"[""conv"", ""prox_tv""]","[-11.49779987335205, -12.333141326904297]","[0.0008775771711952984, 0.002855530008673668]"
hdsp,chunk_15_19,19,1,6,prox_tv,"[""conv"", ""prox_tv""]","[-11.60292911529541, -11.529403686523438]","[0.0009740300010889769, 0.0009320111130364239]"
hdsp,chunk_15_19,19,1,7,conv,"[""conv"", ""prox_tv""]","[-11.679940223693848, -12.521692276000977]","[0.0005705945077352226, 0.003374239197000861]"
hdsp,chunk_15_19,19,1,8,conv,"[""conv"", ""prox_tv""]","[-11.509974479675293, -12.493033409118652]","[0.0019379484001547098, 0.003631420200690627]"
hdsp,chunk_15_19,19,2,1,conv_lowtv,"[""conv_lowtv"", ""wavelet"", ""inr""]","[-10.956026077270508, -12.195691108703613, -16.411453247070312]","[0.00027818841044791043, 0.0013072352157905698, 0.5212370753288269]"
hdsp,chunk_15_19,19,2,2,conv_lowtv,"[""conv_lowtv"", ""wavelet"", ""inr""]","[-11.572396278381348, -12.613577842712402, -17.527006149291992]","[0.0003914186090696603, 0.0013961080694571137, 0.49157947301864624]"
hdsp,chunk_15_19,19,2,3,conv_lowtv,"[""conv_lowtv"", ""wavelet"", ""inr""]","[-11.596527099609375, -12.649577140808105, -17.628530502319336]","[0.0006723227561451495, 0.0017578080296516418, 0.4202300012111664]"
hdsp,chunk_15_19,19,2,4,conv_lowtv,"[""conv_lowtv"", ""wavelet"", ""inr""]","[-12.17162036895752, -13.211861610412598, -19.383481979370117]","[0.0012331304606050253, 0.002277185209095478, 0.48962780833244324]"
hdsp,chunk_15_19,19,2,5,conv_lowtv,"[""conv_lowtv"", ""wavelet"", ""inr""]","[-12.511761665344238, -13.341353416442871, -20.47073745727539]","[0.0008953431970439851, 0.0021057226695120335, 0.5292888283729553]"
hdsp,chunk_15_19,19,2,6,conv_lowtv,"[""conv_lowtv"", ""wavelet"", ""inr""]","[-12.960404396057129, -13.995010375976562, -20.735109329223633]","[0.0024147885851562023, 0.004062226973474026, 0.5640694499015808]"
hdsp,chunk_15_19,19,2,7,conv_lowtv,"[""conv_lowtv"", ""wavelet"", ""inr""]","[-13.110435485839844, -13.704957962036133, -20.729978561401367]","[0.002501334296539426, 0.002047196729108691, 0.49836188554763794]"
hdsp,chunk_15_19,19,2,8,conv_lowtv,"[""conv_lowtv"", ""wavelet"", ""inr""]","[-12.3634672164917, -13.309078216552734, -19.98876190185547]","[0.0008296490414068103, 0.0018872125074267387, 0.5030678510665894]"
hdsp,chunk_15_19,19,3,1,had,"[""dct"", ""had""]","[-11.335869789123535, -11.2306547164917]","[0.0004405460203997791, 0.0004179708193987608]"
hdsp,chunk_15_19,19,3,2,had,"[""dct"", ""had""]","[-11.54253101348877, -11.328327178955078]","[0.0005895569920539856, 0.00041730108205229044]"
hdsp,chunk_15_19,19,3,3,dct,"[""dct"", ""had""]","[-11.020771980285645, -11.561088562011719]","[0.0005760975764133036, 0.0006450372166000307]"
hdsp,chunk_15_19,19,3,4,dct,"[""dct"", ""had""]","[-11.152281761169434, -11.773159980773926]","[0.0005126549513079226, 0.001113183912821114]"
hdsp,chunk_15_19,19,3,5,dct,"[""dct"", ""had""]","[-11.526951789855957, -12.372385025024414]","[0.0011905061546713114, 0.0016141566447913647]"
hdsp,chunk_15_19,19,3,6,dct,"[""dct"", ""had""]","[-11.346589088439941, -11.915946006774902]","[0.0011105597950518131, 0.001996352570131421]"
hdsp,chunk_15_19,19,3,7,dct,"[""dct"", ""had""]","[-11.348422050476074, -12.162981986999512]","[0.0018856008537113667, 0.0019014963181689382]"
hdsp,chunk_15_19,19,3,8,had,"[""dct"", ""had""]","[-12.339743614196777, -12.140158653259277]","[0.0029500771779567003, 0.0018369904719293118]"
hdsp,chunk_15_19,19,4,1,tv2,"[""tv2"", ""huber""]","[-11.03863525390625, -11.285204887390137]","[0.0008135692332871258, 0.0005326156970113516]"
hdsp,chunk_15_19,19,4,2,tv2,"[""tv2"", ""huber""]","[-11.003802299499512, -11.697575569152832]","[0.001184227061457932, 0.0016029932303354144]"
hdsp,chunk_15_19,19,4,3,tv2,"[""tv2"", ""huber""]","[-11.570475578308105, -11.766425132751465]","[0.0014641060261055827, 0.0012539447052404284]"
hdsp,chunk_15_19,19,4,4,tv2,"[""tv2"", ""huber""]","[-11.356266975402832, -12.153329849243164]","[0.000841764674987644, 0.0012244805693626404]"
hdsp,chunk_15_19,19,4,5,tv2,"[""tv2"", ""huber""]","[-11.211133003234863, -11.821743965148926]","[0.0016892165876924992, 0.0017392471199855208]"
hdsp,chunk_15_19,19,4,6,tv2,"[""tv2"", ""huber""]","[-11.189349174499512, -11.915741920471191]","[0.001389860874041915, 0.0017537549138069153]"
hdsp,chunk_15_19,19,4,7,tv2,"[""tv2"", ""huber""]","[-10.91397762298584, -11.367796897888184]","[0.0006811974453739822, 0.0008571909856982529]"
hdsp,chunk_15_19,19,4,8,tv2,"[""tv2"", ""huber""]","[-11.536458015441895, -11.565741539001465]","[0.00145857990719378, 0.0008174279937520623]"
hdsp,chunk_15_19,19,5,1,tv2,"[""dct"", ""tv2""]","[-11.756258964538574, -11.510958671569824]","[0.000569174240808934, 0.0009715126943774521]"
hdsp,chunk_15_19,19,5,2,tv2,"[""dct"", ""tv2""]","[-11.670619010925293, -10.995230674743652]","[0.001108687138184905, 0.001085692667402327]"
hdsp,chunk_15_19,19,5,3,dct,"[""dct"", ""tv2""]","[-12.318253517150879, -13.452491760253906]","[0.0027579625602811575, 0.0057352823205292225]"
hdsp,chunk_15_19,19,5,4,dct,"[""dct"", ""tv2""]","[-11.390215873718262, -11.512028694152832]","[0.0009348009480163455, 0.0015048785135149956]"
hdsp,chunk_15_19,19,5,5,dct,"[""dct"", ""tv2""]","[-11.218596458435059, -11.22513484954834]","[0.0009681407827883959, 0.0010669287294149399]"
hdsp,chunk_15_19,19,5,6,tv2,"[""dct"", ""tv2""]","[-11.638245582580566, -10.998435020446777]","[0.0010459442855790257, 0.0009375042864121497]"
hdsp,chunk_15_19,19,5,7,dct,"[""dct"", ""tv2""]","[-11.575934410095215, -11.794285774230957]","[0.001034129410982132, 0.002789551392197609]"
hdsp,chunk_15_19,19,5,8,tv2,"[""dct"", ""tv2""]","[-13.038762092590332, -11.973865509033203]","[0.0026642431039363146, 0.0026055839844048023]"
hdsp,chunk_20_24,20,0,1,phys,"[""phys"", ""robust""]","[-13.331778526306152, -14.05935287475586]","[0.006378240883350372, 0.01682344637811184]"
hdsp,chunk_20_24,20,0,2,phys,"[""phys"", ""robust""]","[-14.13158130645752, -15.122123718261719]","[0.006448790896683931, 0.014385457150638103]"
hdsp,chunk_20_24,20,0,3,phys,"[""phys"", ""robust""]","[-14.550190925598145, -15.408209800720215]","[0.005263114348053932, 0.012287207879126072]"
hdsp,chunk_20_24,20,0,4,phys,"[""phys"", ""robust""]","[-13.578778266906738, -14.26684856414795]","[0.005412358790636063, 0.011056697927415371]"
hdsp,chunk_20_24,20,0,5,phys,"[""phys"", ""robust""]","[-13.358847618103027, -14.08400821685791]","[0.0035976634826511145, 0.009939659386873245]"
hdsp,chunk_20_24,20,0,6,phys,"[""phys"", ""robust""]","[-14.932408332824707, -16.09971046447754]","[0.006060380022972822, 0.01571311242878437]"
hdsp,chunk_20_24,20,0,7,phys,"[""phys"", ""robust""]","[-13.58425521850586, -14.434754371643066]","[0.004916993901133537, 0.01133334543555975]"
hdsp,chunk_20_24,20,0,8,phys,"[""phys"", ""robust""]","[-14.319931983947754, -14.844132423400879]","[0.005865211598575115, 0.009939820505678654]"
hdsp,chunk_20_24,20,1,1,prox_tv,"[""conv"", ""prox_tv""]","[-14.221089363098145, -13.463438987731934]","[0.008583723567426205, 0.00562710128724575]"
hdsp,chunk_20_24,20,1,2,prox_tv,"[""conv"", ""prox_tv""]","[-14.153409004211426, -13.816219329833984]","[0.004195037297904491, 0.003863399615511298]"
hdsp,chunk_20_24,20,1,3,conv,"[""conv"", ""prox_tv""]","[-14.288415908813477, -15.28689956665039]","[0.004989190027117729, 0.006113875657320023]"
hdsp,chunk_20_24,20,1,4,conv,"[""conv"", ""prox_tv""]","[-13.983183860778809, -14.787263870239258]","[0.004145817831158638, 0.004442734643816948]"
hdsp,chunk_20_24,20,1,5,prox_tv,"[""conv"", ""prox_tv""]","[-14.60285472869873, -14.394076347351074]","[0.006434178911149502, 0.006313619203865528]"
hdsp,chunk_20_24,20,1,6,conv,"[""conv"", ""prox_tv""]","[-13.755020141601562, -14.19005298614502]","[0.006236430257558823, 0.006411214359104633]"
hdsp,chunk_20_24,20,1,7,prox_tv,"[""conv"", ""prox_tv""]","[-14.432421684265137, -13.87878704071045]","[0.006036050617694855, 0.0036227116361260414]"
hdsp,chunk_20_24,20,1,8,conv,"[""conv"", ""prox_tv""]","[-12.54151439666748, -13.208327293395996]","[0.004627518821507692, 0.00510659022256732]"
hdsp,chunk_20_24,20,2,1,wavelet,"[""conv_lowtv"", ""wavelet"", ""inr""]","[-15.934941291809082, -15.085589408874512, -26.228988647460938]","[0.014155032113194466, 0.003424049122259021, 0.5957305431365967]"
hdsp,chunk_20_24,20,2,2,conv_lowtv,"[""conv_lowtv"", ""wavelet"", ""inr""]","[-15.505555152893066, -15.954379081726074, -29.144573211669922]","[0.004975237417966127, 0.004154114052653313, 0.6113485097885132]"
hdsp,chunk_20_24,20,2,3,conv_lowtv,"[""conv_lowtv"", ""wavelet"", ""inr""]","[-15.574292182922363, -16.54201889038086, -28.547760009765625]","[0.0057962979190051556, 0.0065823267214000225, 0.6156352162361145]"
hdsp,chunk_20_24,20,2,4,wavelet,"[""conv_lowtv"", ""wavelet"", ""inr""]","[-16.035125732421875, -14.928924560546875, -25.80537986755371]","[0.008377590216696262, 0.005006541032344103, 0.5892127752304077]"
hdsp,chunk_20_24,20,2,5,conv_lowtv,"[""conv_lowtv"", ""wavelet"", ""inr""]","[-15.301304817199707, -17.255874633789062, -29.410179138183594]","[0.0036966740153729916, 0.010748120956122875, 0.6313395500183105]"
hdsp,chunk_20_24,20,2,6,wavelet,"[""conv_lowtv"", ""wavelet"", ""inr""]","[-16.044578552246094, -15.654189109802246, -28.96384048461914]","[0.00903943832963705, 0.0034279923420399427, 0.6904439330101013]"
hdsp,chunk_20_24,20,2,7,conv_lowtv,"[""conv_lowtv"", ""wavelet"", ""inr""]","[-16.213716506958008, -16.653106689453125, -29.607439041137695]","[0.004873071797192097, 0.005513566546142101, 0.626911997795105]"
hdsp,chunk_20_24,20,2,8,conv_lowtv,"[""conv_lowtv"", ""wavelet"", ""inr""]","[-16.02263641357422, -17.248260498046875, -29.79505157470703]","[0.004863879643380642, 0.007602748926728964, 0.5768783688545227]"
hdsp,chunk_20_24,20,3,1,had,"[""dct"", ""had""]","[-13.399429321289062, -13.202229499816895]","[0.005463972222059965, 0.003523405408486724]"
hdsp,chunk_20_24,20,3,2,dct,"[""dct"", ""had""]","[-15.17663288116455, -15.953269004821777]","[0.006961998529732227, 0.008578108623623848]"
hdsp,chunk_20_24,20,3,3,had,"[""dct"", ""had""]","[-14.182280540466309, -13.511889457702637]","[0.007570555899292231, 0.0037660005036741495]"
hdsp,chunk_20_24,20,3,4,dct,"[""dct"", ""had""]","[-13.601876258850098, -14.185479164123535]","[0.005083510652184486, 0.005829261150211096]"
hdsp,chunk_20_24,20,3,5,dct,"[""dct"", ""had""]","[-14.87486457824707, -16.181333541870117]","[0.005457249470055103, 0.008245757780969143]"
hdsp,chunk_20_24,20,3,6,dct,"[""dct"", ""had""]","[-14.753342628479004, -15.272077560424805]","[0.006718444172292948, 0.008144748397171497]"
hdsp,chunk_20_24,20,3,7,had,"[""dct"", ""had""]","[-15.243829727172852, -14.785785675048828]","[0.011341693811118603, 0.009129862301051617]"
hdsp,chunk_20_24,20,3,8,had,"[""dct"", ""had""]","[-14.013909339904785, -13.709065437316895]","[0.004815989639610052, 0.004514199681580067]"
hdsp,chunk_20_24,20,4,1,huber,"[""tv2"", ""huber""]","[-13.515847206115723, -13.264786720275879]","[0.007920783013105392, 0.0036626290529966354]"
hdsp,chunk_20_24,20,4,2,tv2,"[""tv2"", ""huber""]","[-14.086840629577637, -16.12392234802246]","[0.0027997002471238375, 0.010995252057909966]"
hdsp,chunk_20_24,20,4,3,huber,"[""tv2"", ""huber""]","[-15.227514266967773, -14.559839248657227]","[0.008988415822386742, 0.005697385873645544]"
hdsp,chunk_20_24,20,4,4,huber,"[""tv2"", ""huber""]","[-15.014113426208496, -14.987744331359863]","[0.007315098773688078, 0.007288455497473478]"
hdsp,chunk_20_24,20,4,5,tv2,"[""tv2"", ""huber""]","[-14.591534614562988, -14.887267112731934]","[0.005345636513084173, 0.005384494084864855]"
hdsp,chunk_20_24,20,4,6,tv2,"[""tv2"", ""huber""]","[-14.664341926574707, -15.790780067443848]","[0.005569092929363251, 0.006695240270346403]"
hdsp,chunk_20_24,20,4,7,huber,"[""tv2"", ""huber""]","[-15.314563751220703, -15.312150001525879]","[0.007503704633563757, 0.005415673367679119]"
hdsp,chunk_20_24,20,4,8,tv2,"[""tv2"", ""huber""]","[-13.235401153564453, -14.572624206542969]","[0.0038308834191411734, 0.011058310978114605]"
hdsp,chunk_20_24,20,5,1,tv2,"[""dct"", ""tv2""]","[-13.64146900177002, -13.010994911193848]","[0.006193697918206453, 0.005026542581617832]"
hdsp,chunk_20_24,20,5,2,tv2,"[""dct"", ""tv2""]","[-14.844443321228027, -14.80064868927002]","[0.005580711644142866, 0.005666911602020264]"
hdsp,chunk_20_24,20,5,3,tv2,"[""dct"", ""tv2""]","[-15.74404239654541, -14.491625785827637]","[0.014738443307578564, 0.007068867329508066]"
hdsp,chunk_20_24,20,5,4,dct,"[""dct"", ""tv2""]","[-14.41539192199707, -15.121994972229004]","[0.004197429865598679, 0.00840725563466549]"
hdsp,chunk_20_24,20,5,5,dct,"[""dct"", ""tv2""]","[-14.86051082611084, -15.08420181274414]","[0.006417405791580677, 0.006994178518652916]"
hdsp,chunk_20_24,20,5,6,tv2,"[""dct"", ""tv2""]","[-15.020298957824707, -13.735549926757812]","[0.006223352625966072, 0.0036039529368281364]"
hdsp,chunk_20_24,20,5,7,dct,"[""dct"", ""tv2""]","[-14.659043312072754, -14.765785217285156]","[0.004564845934510231, 0.005787617061287165]"
hdsp,chunk_20_24,20,5,8,tv2,"[""dct"", ""tv2""]","[-13.741230964660645, -13.218100547790527]","[0.0058769541792571545, 0.005026025697588921]"
hdsp,chunk_20_24,21,0,1,phys,"[""phys"", ""robust""]","[-10.735976219177246, -10.740828514099121]","[0.0002493622014299035, 0.0007917454349808395]"
hdsp,chunk_20_24,21,0,2,phys,"[""phys"", ""robust""]","[-10.545754432678223, -10.831668853759766]","[0.00017728701641317457, 0.0008248586673289537]"
hdsp,chunk_20_24,21,0,3,phys,"[""phys"", ""robust""]","[-10.316346168518066, -10.822750091552734]","[7.339790317928419e-05, 0.0010374539997428656]"
hdsp,chunk_20_24,21,0,4,robust,"[""phys"", ""robust""]","[-10.534374237060547, -10.448474884033203]","[0.00020554958609864116, 0.0008206884958781302]"
hdsp,chunk_20_24,21,0,5,phys,"[""phys"", ""robust""]","[-10.917553901672363, -10.951443672180176]","[0.00015747211000416428, 0.0006932546384632587]"
hdsp,chunk_20_24,21,0,6,phys,"[""phys"", ""robust""]","[-10.420188903808594, -10.621996879577637]","[0.00015278891078196466, 0.00037333890213631094]"
hdsp,chunk_20_24,21,0,7,phys,"[""phys"", ""robust""]","[-10.301517486572266, -10.458276748657227]","[0.00013324746396392584, 0.00014761769853066653]"
hdsp,chunk_20_24,21,0,8,phys,"[""phys"", ""robust""]","[-10.432292938232422, -10.782761573791504]","[0.00011861104576382786, 0.00047721731243655086]"
hdsp,chunk_20_24,21,1,1,conv,"[""conv"", ""prox_tv""]","[-10.347002029418945, -11.082537651062012]","[0.00014591854414902627, 0.0002594773832242936]"
hdsp,chunk_20_24,21,1,2,prox_tv,"[""conv"", ""prox_tv""]","[-10.964241027832031, -10.622139930725098]","[0.00021992376423440874, 0.00012418974074535072]"
hdsp,chunk_20_24,21,1,3,conv,"[""conv"", ""prox_tv""]","[-10.34340763092041, -11.109245300292969]","[0.00014722927880939096, 0.00019894690194632858]"
hdsp,chunk_20_24,21,1,4,prox_tv,"[""conv"", ""prox_tv""]","[-10.504193305969238, -10.398487091064453]","[0.0001692415535217151, 9.827739995671436e-05]"
hdsp,chunk_20_24,21,1,5,conv,"[""conv"", ""prox_tv""]","[-10.07855224609375, -10.774016380310059]","[7.41538024158217e-05, 8.55120160849765e-05]"
hdsp,chunk_20_24,21,1,6,prox_tv,"[""conv"", ""prox_tv""]","[-10.719600677490234, -10.379297256469727]","[0.0001259062410099432, 8.505136793246493e-05]"
hdsp,chunk_20_24,21,1,7,conv,"[""conv"", ""prox_tv""]","[-10.605411529541016, -11.078948020935059]","[0.0001466667017666623, 0.00025545756216160953]"
hdsp,chunk_20_24,21,1,8,prox_tv,"[""conv"", ""prox_tv""]","[-10.613797187805176, -10.270676612854004]","[7.951904990477487e-05, 6.352337368298322e-05]"
hdsp,chunk_20_24,21,2,1,conv_lowtv,"[""conv_lowtv"", ""wavelet"", ""inr""]","[-10.62105655670166, -11.333148956298828, -13.484295845031738]","[0.0001323959295405075, 0.0003609106643125415, 0.17592070996761322]"
hdsp,chunk_20_24,21,2,2,conv_lowtv,"[""conv_lowtv"", ""wavelet"", ""inr""]","[-10.823935508728027, -11.506525993347168, -13.988282203674316]","[0.00016439732280559838, 0.0004353687691036612, 0.17071282863616943]"
hdsp,chunk_20_24,21,2,3,conv_lowtv,"[""conv_lowtv"", ""wavelet"", ""inr""]","[-10.503305435180664, -11.524752616882324, -14.160577774047852]","[0.00013560833758674562, 0.0003952264378312975, 0.17302899062633514]"
hdsp,chunk_20_24,21,2,4,conv_lowtv,"[""conv_lowtv"", ""wavelet"", ""inr""]","[-10.762372016906738, -11.698349952697754, -14.623064994812012]","[0.00016793633403722197, 0.0003832286165561527, 0.1825190633535385]"
hdsp,chunk_20_24,21,2,5,conv_lowtv,"[""conv_lowtv"", ""wavelet"", ""inr""]","[-10.749953269958496, -12.022622108459473, -14.532658576965332]","[0.0001463461376260966, 0.00040997707401402295, 0.16018511354923248]"
hdsp,chunk_20_24,21,2,6,conv_lowtv,"[""conv_lowtv"", ""wavelet"", ""inr""]","[-10.665970802307129, -12.059003829956055, -14.612603187561035]","[8.824707038002089e-05, 0.0003624647215474397, 0.1555287390947342]"
hdsp,chunk_20_24,21,2,7,conv_lowtv,"[""conv_lowtv"", ""wavelet"", ""inr""]","[-10.619712829589844, -11.840798377990723, -14.682239532470703]","[9.250965376850218e-05, 0.00046390583156608045, 0.18643617630004883]"
hdsp,chunk_20_24,21,2,8,conv_lowtv,"[""conv_lowtv"", ""wavelet"", ""inr""]","[-10.682999610900879, -11.953734397888184, -14.86023235321045]","[7.191289478214458e-05, 0.00045642987242899835, 0.18847304582595825]"
hdsp,chunk_20_24,21,3,1,dct,"[""dct"", ""had""]","[-10.432465553283691, -11.083765983581543]","[0.00021272717276588082, 0.00024021956778597087]"
hdsp,chunk_20_24,21,3,2,dct,"[""dct"", ""had""]","[-10.58737850189209, -11.229496955871582]","[0.0003121878835372627, 0.00036333725438453257]"
hdsp,chunk_20_24,21,3,3,dct,"[""dct"", ""had""]","[-10.600054740905762, -11.067360877990723]","[0.00018324609845876694, 0.0002376287739025429]"
hdsp,chunk_20_24,21,3,4,dct,"[""dct"", ""had""]","[-10.535837173461914, -11.139569282531738]","[0.00012458182754926383, 0.00033945744507946074]"
hdsp,chunk_20_24,21,3,5,had,"[""dct"", ""had""]","[-11.183507919311523, -10.486817359924316]","[0.0002715146110858768, 0.0001170584509964101]"
hdsp,chunk_20_24,21,3,6,dct,"[""dct"", ""had""]","[-10.352195739746094, -11.16361141204834]","[7.47545127524063e-05, 0.00015786741278134286]"
hdsp,chunk_20_24,21,3,7,dct,"[""dct"", ""had""]","[-10.665687561035156, -10.95740032196045]","[0.00019120980869047344, 0.00022277882089838386]"
hdsp,chunk_20_24,21,3,8,had,"[""dct"", ""had""]","[-10.833462715148926, -10.588784217834473]","[0.00034110204433090985, 0.00015641620848327875]"
hdsp,chunk_20_24,21,4,1,tv2,"[""tv2"", ""huber""]","[-10.191195487976074, -10.843781471252441]","[0.0003016430709976703, 0.00032816242310218513]"
hdsp,chunk_20_24,21,4,2,huber,"[""tv2"", ""huber""]","[-10.98698902130127, -10.497570991516113]","[0.0006150705739855766, 0.00018303835531696677]"
hdsp,chunk_20_24,21,4,3,huber,"[""tv2"", ""huber""]","[-10.974679946899414, -10.8018217086792]","[0.0004310452495701611, 0.0003390056954231113]"
hdsp,chunk_20_24,21,4,4,huber,"[""tv2"", ""huber""]","[-10.663512229919434, -10.51231861114502]","[0.0006816577515564859, 0.0001903474039863795]"
hdsp,chunk_20_24,21,4,5,huber,"[""tv2"", ""huber""]","[-10.636075019836426, -10.603978157043457]","[0.0003991465491708368, 0.00032877500052563846]"
hdsp,chunk_20_24,21,4,6,tv2,"[""tv2"", ""huber""]","[-10.165350914001465, -11.001838684082031]","[0.00038841887726448476, 0.0004527091223280877]"
hdsp,chunk_20_24,21,4,7,tv2,"[""tv2"", ""huber""]","[-10.099724769592285, -10.915059089660645]","[0.0001586246507940814, 0.00021805957658216357]"
hdsp,chunk_20_24,21,4,8,huber,"[""tv2"", ""huber""]","[-11.405112266540527, -10.921370506286621]","[0.0005537900142371655, 0.00031470778048969805]"
hdsp,chunk_20_24,21,5,1,dct,"[""dct"", ""tv2""]","[-10.522967338562012, -10.767998695373535]","[0.00014564854791387916, 0.00020049365411978215]"
hdsp,chunk_20_24,21,5,2,dct,"[""dct"", ""tv2""]","[-10.127174377441406, -10.365043640136719]","[0.00013345395564101636, 0.00030487170442938805]"
hdsp,chunk_20_24,21,5,3,dct,"[""dct"", ""tv2""]","[-10.10478687286377, -10.211557388305664]","[9.925767517415807e-05, 0.00023476606293115765]"
hdsp,chunk_20_24,21,5,4,dct,"[""dct"", ""tv2""]","[-10.13559627532959, -10.414521217346191]","[9.095606947084889e-05, 0.0004657745303120464]"
hdsp,chunk_20_24,21,5,5,dct,"[""dct"", ""tv2""]","[-10.245464324951172, -10.591350555419922]","[0.00016105757094919682, 0.000273167242994532]"
hdsp,chunk_20_24,21,5,6,tv2,"[""dct"", ""tv2""]","[-11.14233112335205, -10.21975040435791]","[0.00020373349252622575, 0.0001884452358353883]"
hdsp,chunk_20_24,21,5,7,tv2,"[""dct"", ""tv2""]","[-10.849074363708496, -10.812333106994629]","[0.00014744559302926064, 0.0003081850882153958]"
hdsp,chunk_20_24,21,5,8,dct,"[""dct"", ""tv2""]","[-11.125605583190918, -11.63736629486084]","[0.000161291696713306, 0.00037869103834964335]"
hdsp,chunk_20_24,22,0,1,phys,"[""phys"", ""robust""]","[-9.96424388885498, -10.151265144348145]","[7.752709643682465e-05, 0.001034548506140709]"
hdsp,chunk_20_24,22,0,2,robust,"[""phys"", ""robust""]","[-10.016329765319824, -9.959202766418457]","[0.00014338799519464374, 0.0009739294764585793]"
hdsp,chunk_20_24,22,0,3,phys,"[""phys"", ""robust""]","[-9.917372703552246, -10.06876277923584]","[0.00011043238191632554, 0.0029875223990529776]"
hdsp,chunk_20_24,22,0,4,phys,"[""phys"", ""robust""]","[-9.919110298156738, -9.969018936157227]","[0.00010859408212127164, 0.0006810249760746956]"
hdsp,chunk_20_24,22,0,5,phys,"[""phys"", ""robust""]","[-9.58423900604248, -9.980633735656738]","[5.1670929678948596e-05, 0.0012758099474012852]"
hdsp,chunk_20_24,22,0,6,phys,"[""phys"", ""robust""]","[-9.595135688781738, -9.9035005569458]","[6.744462007191032e-05, 0.0005454040365293622]"
hdsp,chunk_20_24,22,0,7,phys,"[""phys"", ""robust""]","[-9.617926597595215, -9.976988792419434]","[6.141310586826876e-05, 0.0009938370203599334]"
hdsp,chunk_20_24,22,0,8,phys,"[""phys"", ""robust""]","[-9.470073699951172, -9.995716094970703]","[3.9591293898411095e-05, 0.0005565592437051237]"
hdsp,chunk_20_24,22,1,1,conv,"[""conv"", ""prox_tv""]","[-9.844198226928711, -10.565917015075684]","[7.233431097120047e-05, 0.00010483890218893066]"
hdsp,chunk_20_24,22,1,2,conv,"[""conv"", ""prox_tv""]","[-9.722782135009766, -10.131455421447754]","[9.198320913128555e-05, 0.0001697622938081622]"
hdsp,chunk_20_24,22,1,3,prox_tv,"[""conv"", ""prox_tv""]","[-10.284073829650879, -9.86507511138916]","[0.00010540065704844892, 0.00010062918590847403]"
hdsp,chunk_20_24,22,1,4,conv,"[""conv"", ""prox_tv""]","[-9.396294593811035, -10.028488159179688]","[6.883221067255363e-05, 9.29394009290263e-05]"
hdsp,chunk_20_24,22,1,5,prox_tv,"[""conv"", ""prox_tv""]","[-9.711066246032715, -9.31161880493164]","[8.289258403237909e-05, 4.869537951890379e-05]"
hdsp,chunk_20_24,22,1,6,conv,"[""conv"", ""prox_tv""]","[-9.392601013183594, -10.23514175415039]","[8.226549107348546e-05, 0.00011956357775488868]"
hdsp,chunk_20_24,22,1,7,prox_tv,"[""conv"", ""prox_tv""]","[-10.026021957397461, -9.605822563171387]","[0.0001240777492057532, 8.85306581039913e-05]"
hdsp,chunk_20_24,22,1,8,conv,"[""conv"", ""prox_tv""]","[-9.336782455444336, -9.817715644836426]","[4.8691512347431853e-05, 5.699478788301349e-05]"
hdsp,chunk_20_24,22,2,1,conv_lowtv,"[""conv_lowtv"", ""wavelet"", ""inr""]","[-9.70166301727295, -10.65294361114502, -11.97777271270752]","[7.908898260211572e-05, 0.00041098130168393254, 0.09777379035949707]"
hdsp,chunk_20_24,22,2,2,conv_lowtv,"[""conv_lowtv"", ""wavelet"", ""inr""]","[-9.981581687927246, -10.479723930358887, -12.093607902526855]","[0.00011189239012310281, 0.0004910193383693695, 0.10123562067747116]"
hdsp,chunk_20_24,22,2,3,conv_lowtv,"[""conv_lowtv"", ""wavelet"", ""inr""]","[-9.532038688659668, -10.657170295715332, -12.61925220489502]","[6.069365190342069e-05, 0.00031949320691637695, 0.09643059968948364]"
hdsp,chunk_20_24,22,2,4,conv_lowtv,"[""conv_lowtv"", ""wavelet"", ""inr""]","[-9.4290132522583, -10.610452651977539, -12.753979682922363]","[5.3109193686395884e-05, 0.0004264915769454092, 0.09958209097385406]"
hdsp,chunk_20_24,22,2,5,conv_lowtv,"[""conv_lowtv"", ""wavelet"", ""inr""]","[-9.429850578308105, -10.75734806060791, -13.198433876037598]","[6.50013389531523e-05, 0.00039906532038003206, 0.11294156312942505]"
hdsp,chunk_20_24,22,2,6,conv_lowtv,"[""conv_lowtv"", ""wavelet"", ""inr""]","[-9.500871658325195, -10.590069770812988, -13.098742485046387]","[7.34182249289006e-05, 0.00045916959061287344, 0.09742570668458939]"
hdsp,chunk_20_24,22,2,7,conv_lowtv,"[""conv_lowtv"", ""wavelet"", ""inr""]","[-9.282267570495605, -10.896763801574707, -13.311131477355957]","[4.846865340368822e-05, 0.000541206041816622, 0.10724562406539917]"
hdsp,chunk_20_24,22,2,8,conv_lowtv,"[""conv_lowtv"", ""wavelet"", ""inr""]","[-9.37705135345459, -10.700251579284668, -13.218916893005371]","[5.238251105765812e-05, 0.0005224811029620469, 0.09876380115747452]"
hdsp,chunk_20_24,22,3,1,had,"[""dct"", ""had""]","[-10.657807350158691, -10.387545585632324]","[0.0001250293425982818, 0.00010059057240141556]"
hdsp,chunk_20_24,22,3,2,dct,"[""dct"", ""had""]","[-9.683056831359863, -10.051985740661621]","[7.91292914072983e-05, 0.0001155421559815295]"
hdsp,chunk_20_24,22,3,3,had,"[""dct"", ""had""]","[-9.795372009277344, -9.686043739318848]","[0.00010439797188155353, 9.408583719050512e-05]"
hdsp,chunk_20_24,22,3,4,had,"[""dct"", ""had""]","[-10.051262855529785, -9.652413368225098]","[9.239776409231126e-05, 7.75772423367016e-05]"
hdsp,chunk_20_24,22,3,5,had,"[""dct"", ""had""]","[-10.44184398651123, -9.925025939941406]","[0.00010543514508754015, 7.902903598733246e-05]"
hdsp,chunk_20_24,22,3,6,had,"[""dct"", ""had""]","[-10.502095222473145, -10.016335487365723]","[0.0002109985944116488, 0.00012132444680901244]"
hdsp,chunk_20_24,22,3,7,dct,"[""dct"", ""had""]","[-9.749665260314941, -10.414275169372559]","[0.00012581906048581004, 0.00014088010357227176]"
hdsp,chunk_20_24,22,3,8,had,"[""dct"", ""had""]","[-10.235068321228027, -9.980612754821777]","[0.00010258167458232492, 0.000101225778053049]"
hdsp,chunk_20_24,22,4,1,tv2,"[""tv2"", ""huber""]","[-10.18442440032959, -10.262520790100098]","[0.000288553477730602, 0.00025857932632789016]"
hdsp,chunk_20_24,22,4,2,huber,"[""tv2"", ""huber""]","[-9.726460456848145, -9.630032539367676]","[0.0002906949375756085, 0.00013271544594317675]"
hdsp,chunk_20_24,22,4,3,huber,"[""tv2"", ""huber""]","[-9.713020324707031, -9.621481895446777]","[0.00025047382223419845, 0.00016743280866649002]"
hdsp,chunk_20_24,22,4,4,huber,"[""tv2"", ""huber""]","[-9.695354461669922, -9.58487606048584]","[0.00023704464547336102, 0.00015480037836823612]"
hdsp,chunk_20_24,22,4,5,tv2,"[""tv2"", ""huber""]","[-9.68581485748291, -9.98884391784668]","[0.0002954025403596461, 0.0002885519643314183]"
hdsp,chunk_20_24,22,4,6,tv2,"[""tv2"", ""huber""]","[-9.704535484313965, -9.829890251159668]","[0.0002659535384736955, 0.00024597684387117624]"
hdsp,chunk_20_24,22,4,7,tv2,"[""tv2"", ""huber""]","[-9.17037296295166, -10.089285850524902]","[0.00018420741253066808, 0.00019290921045467257]"
hdsp,chunk_20_24,22,4,8,huber,"[""tv2"", ""huber""]","[-9.759684562683105, -9.748476028442383]","[0.00032977911178022623, 0.00013485430099535733]"
hdsp,chunk_20_24,22,5,1,tv2,"[""dct"", ""tv2""]","[-10.205793380737305, -10.067008972167969]","[0.0001229379849974066, 0.00030903509468771517]"
hdsp,chunk_20_24,22,5,2,tv2,"[""dct"", ""tv2""]","[-10.117209434509277, -9.468573570251465]","[0.00014412941527552903, 0.00024369364837184548]"
hdsp,chunk_20_24,22,5,3,tv2,"[""dct"", ""tv2""]","[-9.49767780303955, -9.434946060180664]","[5.5876622354844585e-05, 0.00018989256932400167]"
hdsp,chunk_20_24,22,5,4,tv2,"[""dct"", ""tv2""]","[-10.190945625305176, -9.645318984985352]","[0.00013228080933913589, 0.00021089936490170658]"
hdsp,chunk_20_24,22,5,5,tv2,"[""dct"", ""tv2""]","[-10.033806800842285, -9.659514427185059]","[0.00011601455480558798, 0.00024086238408926874]"
hdsp,chunk_20_24,22,5,6,tv2,"[""dct"", ""tv2""]","[-10.180133819580078, -9.595721244812012]","[0.0001091536832973361, 0.00021101564925629646]"
hdsp,chunk_20_24,22,5,7,tv2,"[""dct"", ""tv2""]","[-10.217490196228027, -9.715163230895996]","[0.0001259477430721745, 0.00018752731557469815]"
hdsp,chunk_20_24,22,5,8,tv2,"[""dct"", ""tv2""]","[-10.08752155303955, -9.915011405944824]","[9.097826114157215e-05, 0.0002268225944135338]"
hdsp,chunk_20_24,23,0,1,phys,"[""phys"", ""robust""]","[-10.958868980407715, -11.612799644470215]","[0.0006025467882864177, 0.023312466219067574]"
hdsp,chunk_20_24,23,0,2,phys,"[""phys"", ""robust""]","[-10.948222160339355, -11.039811134338379]","[0.0005020326934754848, 0.0032898627687245607]"
hdsp,chunk_20_24,23,0,3,phys,"[""phys"", ""robust""]","[-11.557025909423828, -11.75443172454834]","[0.0007907385588623583, 0.02774369716644287]"
hdsp,chunk_20_24,23,0,4,robust,"[""phys"", ""robust""]","[-11.35680866241455, -11.131680488586426]","[0.0008422856917604804, 0.010078615508973598]"
hdsp,chunk_20_24,23,0,5,robust,"[""phys"", ""robust""]","[-11.92699909210205, -11.706743240356445]","[0.001996977487578988, 0.048649199306964874]"
hdsp,chunk_20_24,23,0,6,robust,"[""phys"", ""robust""]","[-12.090179443359375, -12.05417251586914]","[0.0033251994755119085, 0.07280593365430832]"
hdsp,chunk_20_24,23,0,7,robust,"[""phys"", ""robust""]","[-14.595818519592285, -12.806085586547852]","[0.017665252089500427, 0.09193114936351776]"
hdsp,chunk_20_24,23,0,8,robust,"[""phys"", ""robust""]","[-11.974748611450195, -11.806794166564941]","[0.007936462759971619, 0.04536250978708267]"
hdsp,chunk_20_24,23,1,1,conv,"[""conv"", ""prox_tv""]","[-11.110630989074707, -11.7572660446167]","[0.0006780792027711868, 0.001308320788666606]"
hdsp,chunk_20_24,23,1,2,prox_tv,"[""conv"", ""prox_tv""]","[-11.797775268554688, -11.683521270751953]","[0.00103577203117311, 0.0009903379250317812]"
hdsp,chunk_20_24,23,1,3,conv,"[""conv"", ""prox_tv""]","[-12.034663200378418, -12.06843090057373]","[0.0017277593724429607, 0.001382086076773703]"
hdsp,chunk_20_24,23,1,4,prox_tv,"[""conv"", ""prox_tv""]","[-13.277313232421875, -12.720808982849121]","[0.005771377589553595, 0.0015392244094982743]"
hdsp,chunk_20_24,23,1,5,conv,"[""conv"", ""prox_tv""]","[-11.739588737487793, -12.744654655456543]","[0.0007090979488566518, 0.003893266199156642]"
hdsp,chunk_20_24,23,1,6,prox_tv,"[""conv"", ""prox_tv""]","[-12.39783000946045, -12.239886283874512]","[0.005091829225420952, 0.002586939837783575]"
hdsp,chunk_20_24,23,1,7,prox_tv,"[""conv"", ""prox_tv""]","[-12.792510032653809, -12.44585132598877]","[0.0028134314343333244, 0.0007798352162353694]"
hdsp,chunk_20_24,23,1,8,prox_tv,"[""conv"", ""prox_tv""]","[-12.660714149475098, -12.53591251373291]","[0.005835235584527254, 0.0034818898420780897]"
hdsp,chunk_20_24,23,2,1,conv_lowtv,"[""conv_lowtv"", ""wavelet"", ""inr""]","[-11.753249168395996, -12.531042098999023, -15.916808128356934]","[0.0023048107977956533, 0.0016706151654943824, 0.7531120777130127]"
hdsp,chunk_20_24,23,2,2,conv_lowtv,"[""conv_lowtv"", ""wavelet"", ""inr""]","[-10.617815971374512, -12.145771980285645, -15.3915433883667]","[0.0007275465177372098, 0.0028253376949578524, 0.7762585282325745]"
hdsp,chunk_20_24,23,2,3,conv_lowtv,"[""conv_lowtv"", ""wavelet"", ""inr""]","[-10.776644706726074, -12.15770435333252, -15.345744132995605]","[0.0006451886729337275, 0.002103714505210519, 0.5149659514427185]"
hdsp,chunk_20_24,23,2,4,conv_lowtv,"[""conv_lowtv"", ""wavelet"", ""inr""]","[-11.651651382446289, -12.629073143005371, -15.936434745788574]","[0.002671679714694619, 0.0029307613149285316, 0.5173938870429993]"
hdsp,chunk_20_24,23,2,5,conv_lowtv,"[""conv_lowtv"", ""wavelet"", ""inr""]","[-12.108466148376465, -13.208232879638672, -16.858930587768555]","[0.001338378293439746, 0.0023002936504781246, 0.9233115911483765]"
hdsp,chunk_20_24,23,2,6,conv_lowtv,"[""conv_lowtv"", ""wavelet"", ""inr""]","[-11.668465614318848, -12.939671516418457, -16.363218307495117]","[0.001303560333326459, 0.0021216513123363256, 0.7231326699256897]"
hdsp,chunk_20_24,23,2,7,conv_lowtv,"[""conv_lowtv"", ""wavelet"", ""inr""]","[-12.328471183776855, -13.322157859802246, -17.731494903564453]","[0.001129096606746316, 0.002330842660740018, 0.9852012991905212]"
hdsp,chunk_20_24,23,2,8,conv_lowtv,"[""conv_lowtv"", ""wavelet"", ""inr""]","[-12.368321418762207, -13.360928535461426, -17.781368255615234]","[0.0008784924284555018, 0.0017753024585545063, 0.928818941116333]"
hdsp,chunk_20_24,23,3,1,had,"[""dct"", ""had""]","[-11.516728401184082, -11.085615158081055]","[0.0008314204169437289, 0.0005636989953927696]"
hdsp,chunk_20_24,23,3,2,dct,"[""dct"", ""had""]","[-11.333441734313965, -12.111237525939941]","[0.0009215623722411692, 0.004877346567809582]"
hdsp,chunk_20_24,23,3,3,had,"[""dct"", ""had""]","[-13.039207458496094, -12.922799110412598]","[0.008554445579648018, 0.011963604018092155]"
hdsp,chunk_20_24,23,3,4,had,"[""dct"", ""had""]","[-17.354267120361328, -14.788378715515137]","[0.06853316724300385, 0.01498937327414751]"
hdsp,chunk_20_24,23,3,5,had,"[""dct"", ""had""]","[-19.32660675048828, -17.99424934387207]","[0.06090923026204109, 0.024205418303608894]"
hdsp,chunk_20_24,23,3,6,dct,"[""dct"", ""had""]","[-15.042771339416504, -18.4771728515625]","[0.004123097751289606, 0.024057473987340927]"
hdsp,chunk_20_24,23,3,7,dct,"[""dct"", ""had""]","[-13.699738502502441, -14.429941177368164]","[0.006082757841795683, 0.01020490936934948]"
hdsp,chunk_20_24,23,3,8,had,"[""dct"", ""had""]","[-16.79617691040039, -15.953980445861816]","[0.02116737887263298, 0.01204958651214838]"
hdsp,chunk_20_24,23,4,1,huber,"[""tv2"", ""huber""]","[-11.86746883392334, -11.449244499206543]","[0.0036058155819773674, 0.0014709585811942816]"
hdsp,chunk_20_24,23,4,2,tv2,"[""tv2"", ""huber""]","[-14.352690696716309, -15.46552848815918]","[0.014562543481588364, 0.018278632313013077]"
hdsp,chunk_20_24,23,4,3,huber,"[""tv2"", ""huber""]","[-18.258970260620117, -15.862896919250488]","[0.04824217036366463, 0.013845439068973064]"
hdsp,chunk_20_24,23,4,4,huber,"[""tv2"", ""huber""]","[-15.562359809875488, -13.50953197479248]","[0.05790985748171806, 0.005824386142194271]"
hdsp,chunk_20_24,23,4,5,tv2,"[""tv2"", ""huber""]","[-14.3967866897583, -14.40129566192627]","[0.012570741586387157, 0.007624391000717878]"
hdsp,chunk_20_24,23,4,6,tv2,"[""tv2"", ""huber""]","[-14.474446296691895, -15.718062400817871]","[0.012452187947928905, 0.01640980876982212]"
hdsp,chunk_20_24,23,4,7,huber,"[""tv2"", ""huber""]","[-15.18206787109375, -14.382826805114746]","[0.01843145862221718, 0.005102116614580154]"
hdsp,chunk_20_24,23,4,8,huber,"[""tv2"", ""huber""]","[-15.573835372924805, -13.877424240112305]","[0.019811267033219337, 0.002703519072383642]"
hdsp,chunk_20_24,23,5,1,dct,"[""dct"", ""tv2""]","[-11.310664176940918, -11.781939506530762]","[0.0008135237148962915, 0.0025561777874827385]"
hdsp,chunk_20_24,23,5,2,tv2,"[""dct"", ""tv2""]","[-11.70915412902832, -11.695948600769043]","[0.0022679269313812256, 0.01569858379662037]"
hdsp,chunk_20_24,23,5,3,dct,"[""dct"", ""tv2""]","[-13.792407035827637, -14.16580581665039]","[0.00774719612672925, 0.014390873722732067]"
hdsp,chunk_20_24,23,5,4,dct,"[""dct"", ""tv2""]","[-14.200268745422363, -14.852293968200684]","[0.017505783587694168, 0.031034192070364952]"
hdsp,chunk_20_24,23,5,5,tv2,"[""dct"", ""tv2""]","[-17.282217025756836, -16.38042640686035]","[0.02111322060227394, 0.034531619399785995]"
hdsp,chunk_20_24,23,5,6,tv2,"[""dct"", ""tv2""]","[-16.682947158813477, -14.957297325134277]","[0.03728308901190758, 0.01065765880048275]"
hdsp,chunk_20_24,23,5,7,tv2,"[""dct"", ""tv2""]","[-15.24499225616455, -13.587035179138184]","[0.018112938851118088, 0.0026694650296121836]"
hdsp,chunk_20_24,23,5,8,tv2,"[""dct"", ""tv2""]","[-14.29755973815918, -13.350212097167969]","[0.006540353409945965, 0.0041994210332632065]"
hdsp,chunk_20_24,24,0,1,phys,"[""phys"", ""robust""]","[-9.497653007507324, -9.9373779296875]","[0.0005816756165586412, 0.0012418893165886402]"
hdsp,chunk_20_24,24,0,2,phys,"[""phys"", ""robust""]","[-9.166987419128418, -9.569972038269043]","[0.00040928644011728466, 0.0006210401770658791]"
hdsp,chunk_20_24,24,0,3,phys,"[""phys"", ""robust""]","[-9.182183265686035, -9.671526908874512]","[0.00019898501341231167, 0.0007490155403502285]"
hdsp,chunk_20_24,24,0,4,phys,"[""phys"", ""robust""]","[-9.129908561706543, -9.589031219482422]","[0.0002941150451079011, 0.0005455754580907524]"
hdsp,chunk_20_24,24,0,5,phys,"[""phys"", ""robust""]","[-9.450169563293457, -9.839597702026367]","[0.0003684064722619951, 0.0007336973212659359]"
hdsp,chunk_20_24,24,0,6,phys,"[""phys"", ""robust""]","[-9.316372871398926, -9.66901683807373]","[0.0004342606116551906, 0.0005931860650889575]"
hdsp,chunk_20_24,24,0,7,phys,"[""phys"", ""robust""]","[-9.793066024780273, -10.18025016784668]","[0.00031272307387553155, 0.0006423871382139623]"
hdsp,chunk_20_24,24,0,8,robust,"[""phys"", ""robust""]","[-10.121930122375488, -9.732951164245605]","[0.0007479425985366106, 0.0005291460547596216]"
hdsp,chunk_20_24,24,1,1,prox_tv,"[""conv"", ""prox_tv""]","[-9.756749153137207, -9.472576141357422]","[0.0004347944923210889, 0.00033263853401876986]"
hdsp,chunk_20_24,24,1,2,prox_tv,"[""conv"", ""prox_tv""]","[-9.46605396270752, -9.229748725891113]","[0.0005465395515784621, 0.00021744187688454986]"
hdsp,chunk_20_24,24,1,3,conv,"[""conv"", ""prox_tv""]","[-9.127863883972168, -9.596413612365723]","[0.00032237760024145246, 0.00040829816134646535]"
hdsp,chunk_20_24,24,1,4,conv,"[""conv"", ""prox_tv""]","[-9.76545238494873, -10.165184020996094]","[0.0002802480012178421, 0.00035965658025816083]"
hdsp,chunk_20_24,24,1,5,conv,"[""conv"", ""prox_tv""]","[-9.475659370422363, -10.015761375427246]","[0.0002041704865405336, 0.0005731289857067168]"
hdsp,chunk_20_24,24,1,6,conv,"[""conv"", ""prox_tv""]","[-9.362119674682617, -9.890957832336426]","[0.0002883084525819868, 0.0003048366052098572]"
hdsp,chunk_20_24,24,1,7,prox_tv,"[""conv"", ""prox_tv""]","[-9.627825736999512, -9.442943572998047]","[0.000435839407145977, 0.0002852602628991008]"
hdsp,chunk_20_24,24,1,8,prox_tv,"[""conv"", ""prox_tv""]","[-9.705949783325195, -9.561068534851074]","[0.0003905390331055969, 0.00029722353792749345]"
hdsp,chunk_20_24,24,2,1,conv_lowtv,"[""conv_lowtv"", ""wavelet"", ""inr""]","[-9.6442232131958, -10.075451850891113, -14.323695182800293]","[0.0005499481339938939, 0.0005307095707394183, 0.11599654704332352]"
hdsp,chunk_20_24,24,2,2,conv_lowtv,"[""conv_lowtv"", ""wavelet"", ""inr""]","[-9.34607982635498, -10.183941841125488, -14.993292808532715]","[0.00041423519724048674, 0.0007088288548402488, 0.13007423281669617]"
hdsp,chunk_20_24,24,2,3,conv_lowtv,"[""conv_lowtv"", ""wavelet"", ""inr""]","[-9.41182804107666, -10.081376075744629, -14.957179069519043]","[0.0002985115861520171, 0.00040823413291946054, 0.1345345377922058]"
hdsp,chunk_20_24,24,2,4,conv_lowtv,"[""conv_lowtv"", ""wavelet"", ""inr""]","[-9.341075897216797, -10.323092460632324, -15.007107734680176]","[0.0004451751592569053, 0.0009726168354973197, 0.125595360994339]"
hdsp,chunk_20_24,24,2,5,conv_lowtv,"[""conv_lowtv"", ""wavelet"", ""inr""]","[-9.947426795959473, -10.253338813781738, -15.34496784210205]","[0.001023363322019577, 0.0007844410720281303, 0.1233271062374115]"
hdsp,chunk_20_24,24,2,6,wavelet,"[""conv_lowtv"", ""wavelet"", ""inr""]","[-10.049242973327637, -10.029097557067871, -15.20736026763916]","[0.0006897474522702396, 0.00039108277997002006, 0.12109729647636414]"
hdsp,chunk_20_24,24,2,7,conv_lowtv,"[""conv_lowtv"", ""wavelet"", ""inr""]","[-9.722502708435059, -10.176726341247559, -15.097719192504883]","[0.0005616832640953362, 0.0005664440686814487, 0.12240965664386749]"
hdsp,chunk_20_24,24,2,8,conv_lowtv,"[""conv_lowtv"", ""wavelet"", ""inr""]","[-10.4540376663208, -10.912195205688477, -15.122304916381836]","[0.0013580372324213386, 0.0020502072293311357, 0.11934202909469604]"
hdsp,chunk_20_24,24,3,1,had,"[""dct"", ""had""]","[-10.009331703186035, -9.801386833190918]","[0.0008401331724599004, 0.0004345322086010128]"
hdsp,chunk_20_24,24,3,2,had,"[""dct"", ""had""]","[-9.55958366394043, -9.321517944335938]","[0.0003463946923147887, 0.0003284999111201614]"
hdsp,chunk_20_24,24,3,3,had,"[""dct"", ""had""]","[-9.478862762451172, -9.236674308776855]","[0.00028111974825151265, 0.0002469008613843471]"
hdsp,chunk_20_24,24,3,4,dct,"[""dct"", ""had""]","[-9.070616722106934, -9.63021183013916]","[0.0002540765854064375, 0.00037648307625204325]"
hdsp,chunk_20_24,24,3,5,dct,"[""dct"", ""had""]","[-9.412627220153809, -9.92543888092041]","[0.0004438324540387839, 0.0005354630993679166]"
hdsp,chunk_20_24,24,3,6,had,"[""dct"", ""had""]","[-9.605607032775879, -9.396322250366211]","[0.0004030594427604228, 0.0003687561838887632]"
hdsp,chunk_20_24,24,3,7,dct,"[""dct"", ""had""]","[-9.241791725158691, -9.724425315856934]","[0.00035349861718714237, 0.0004093070747330785]"
hdsp,chunk_20_24,24,3,8,had,"[""dct"", ""had""]","[-9.620800971984863, -9.465140342712402]","[0.00031699336250312626, 0.0002390066219959408]"
hdsp,chunk_20_24,24,4,1,huber,"[""tv2"", ""huber""]","[-9.777268409729004, -9.743865013122559]","[0.0011236509308218956, 0.0004586337017826736]"
hdsp,chunk_20_24,24,4,2,tv2,"[""tv2"", ""huber""]","[-9.31020736694336, -9.33627700805664]","[0.000500544672831893, 0.0003932139079552144]"
hdsp,chunk_20_24,24,4,3,huber,"[""tv2"", ""huber""]","[-9.311859130859375, -9.255084037780762]","[0.0006988002569414675, 0.0005460236570797861]"
hdsp,chunk_20_24,24,4,4,huber,"[""tv2"", ""huber""]","[-9.79341983795166, -9.504240036010742]","[0.0013482302892953157, 0.00041670273640193045]"
hdsp,chunk_20_24,24,4,5,huber,"[""tv2"", ""huber""]","[-9.562344551086426, -9.553048133850098]","[0.0007397900917567313, 0.00034838711144402623]"
hdsp,chunk_20_24,24,4,6,huber,"[""tv2"", ""huber""]","[-9.577759742736816, -9.52247142791748]","[0.00041685826727189124, 0.0003983298083767295]"
hdsp,chunk_20_24,24,4,7,huber,"[""tv2"", ""huber""]","[-9.726029396057129, -9.608807563781738]","[0.0007834718562662601, 0.0006158991018310189]"
hdsp,chunk_20_24,24,4,8,huber,"[""tv2"", ""huber""]","[-10.614874839782715, -9.777647018432617]","[0.0024085654877126217, 0.0005691320984624326]"
hdsp,chunk_20_24,24,5,1,tv2,"[""dct"", ""tv2""]","[-9.949804306030273, -9.332533836364746]","[0.0006478478317148983, 0.00045936022070236504]"
hdsp,chunk_20_24,24,5,2,dct,"[""dct"", ""tv2""]","[-9.100159645080566, -9.133131980895996]","[0.00029753794660791755, 0.000484038406284526]"
hdsp,chunk_20_24,24,5,3,dct,"[""dct"", ""tv2""]","[-9.44713020324707, -9.77880859375]","[0.00046525505604222417, 0.0009279928053729236]"
hdsp,chunk_20_24,24,5,4,tv2,"[""dct"", ""tv2""]","[-9.573529243469238, -8.980039596557617]","[0.0003413533850107342, 0.00033405577414669096]"
hdsp,chunk_20_24,24,5,5,dct,"[""dct"", ""tv2""]","[-9.529424667358398, -10.075651168823242]","[0.0005071994382888079, 0.0017887837020680308]"
hdsp,chunk_20_24,24,5,6,tv2,"[""dct"", ""tv2""]","[-9.795080184936523, -9.029928207397461]","[0.000714168359991163, 0.00037779283593408763]"
hdsp,chunk_20_24,24,5,7,tv2,"[""dct"", ""tv2""]","[-11.761575698852539, -9.186076164245605]","[0.003742855042219162, 0.0003886060731019825]"
hdsp,chunk_20_24,24,5,8,tv2,"[""dct"", ""tv2""]","[-10.355547904968262, -9.227176666259766]","[0.0007934856112115085, 0.0006016725674271584]"
hdsp,chunk_25_29,25,0,1,robust,"[""phys"", ""robust""]","[-12.6625337600708, -12.13637638092041]","[0.0018847481114789844, 0.03193138912320137]"
hdsp,chunk_25_29,25,0,2,robust,"[""phys"", ""robust""]","[-13.562764167785645, -12.814482688903809]","[0.0031934077851474285, 0.04765259474515915]"
hdsp,chunk_25_29,25,0,3,robust,"[""phys"", ""robust""]","[-13.098896026611328, -13.061908721923828]","[0.004907767288386822, 0.13958777487277985]"
hdsp,chunk_25_29,25,0,4,phys,"[""phys"", ""robust""]","[-14.834155082702637, -15.146896362304688]","[0.004171864129602909, 0.3346674144268036]"
hdsp,chunk_25_29,25,0,5,phys,"[""phys"", ""robust""]","[-14.861307144165039, -15.58105754852295]","[0.001095362356863916, 0.14942340552806854]"
hdsp,chunk_25_29,25,0,6,robust,"[""phys"", ""robust""]","[-14.433272361755371, -14.365364074707031]","[0.0013609537854790688, 0.02998196706175804]"
hdsp,chunk_25_29,25,0,7,robust,"[""phys"", ""robust""]","[-14.403948783874512, -14.220404624938965]","[0.0034063796047121286, 0.09598999470472336]"
hdsp,chunk_25_29,25,0,8,phys,"[""phys"", ""robust""]","[-15.70150089263916, -16.392675399780273]","[0.00237783370539546, 0.13876305520534515]"
hdsp,chunk_25_29,25,1,1,prox_tv,"[""conv"", ""prox_tv""]","[-12.988771438598633, -12.58836841583252]","[0.002714057918637991, 0.002081177895888686]"
hdsp,chunk_25_29,25,1,2,conv,"[""conv"", ""prox_tv""]","[-13.264484405517578, -13.58368968963623]","[0.003254420356824994, 0.0031444395426660776]"
hdsp,chunk_25_29,25,1,3,prox_tv,"[""conv"", ""prox_tv""]","[-12.488801002502441, -12.383740425109863]","[0.0013373919064179063, 0.0010732670780271292]"
hdsp,chunk_25_29,25,1,4,conv,"[""conv"", ""prox_tv""]","[-12.491326332092285, -13.302380561828613]","[0.0007213496137410402, 0.0013928050175309181]"
hdsp,chunk_25_29,25,1,5,conv,"[""conv"", ""prox_tv""]","[-12.598760604858398, -13.291296005249023]","[0.0008313585422001779, 0.0010732978116720915]"
hdsp,chunk_25_29,25,1,6,conv,"[""conv"", ""prox_tv""]","[-14.489245414733887, -15.906854629516602]","[0.0015856119571253657, 0.003548628417775035]"
hdsp,chunk_25_29,25,1,7,prox_tv,"[""conv"", ""prox_tv""]","[-14.398911476135254, -13.8424711227417]","[0.0019847031217068434, 0.0009245594264939427]"
hdsp,chunk_25_29,25,1,8,prox_tv,"[""conv"", ""prox_tv""]","[-14.253332138061523, -14.181785583496094]","[0.001549199572764337, 0.0010608222801238298]"
hdsp,chunk_25_29,25,2,1,conv_lowtv,"[""conv_lowtv"", ""wavelet"", ""inr""]","[-12.980847358703613, -13.24414348602295, -19.63357925415039]","[0.0030085211619734764, 0.0022752948570996523, 3.5143442153930664]"
hdsp,chunk_25_29,25,2,2,conv_lowtv,"[""conv_lowtv"", ""wavelet"", ""inr""]","[-12.240158081054688, -13.112874984741211, -19.98801040649414]","[0.001158166560344398, 0.002084077335894108, 3.4068143367767334]"
hdsp,chunk_25_29,25,2,3,conv_lowtv,"[""conv_lowtv"", ""wavelet"", ""inr""]","[-12.500195503234863, -13.220202445983887, -19.869094848632812]","[0.002014514524489641, 0.002828944241628051, 3.1964101791381836]"
hdsp,chunk_25_29,25,2,4,conv_lowtv,"[""conv_lowtv"", ""wavelet"", ""inr""]","[-11.488455772399902, -13.248038291931152, -19.635940551757812]","[0.000901152438018471, 0.002795853652060032, 2.9884581565856934]"
hdsp,chunk_25_29,25,2,5,conv_lowtv,"[""conv_lowtv"", ""wavelet"", ""inr""]","[-11.598090171813965, -13.07402229309082, -21.824478149414062]","[0.0008744284859858453, 0.0021840704139322042, 3.6479251384735107]"
hdsp,chunk_25_29,25,2,6,conv_lowtv,"[""conv_lowtv"", ""wavelet"", ""inr""]","[-11.851351737976074, -13.712990760803223, -21.85184097290039]","[0.0007322924793697894, 0.002615638542920351, 3.4979963302612305]"
hdsp,chunk_25_29,25,2,7,conv_lowtv,"[""conv_lowtv"", ""wavelet"", ""inr""]","[-12.91513729095459, -14.494396209716797, -21.330692291259766]","[0.0009479809668846428, 0.0029798501636832952, 3.2066445350646973]"
hdsp,chunk_25_29,25,2,8,conv_lowtv,"[""conv_lowtv"", ""wavelet"", ""inr""]","[-12.507613182067871, -14.462267875671387, -22.948589324951172]","[0.001018834882415831, 0.0024790605530142784, 3.861759662628174]"
hdsp,chunk_25_29,25,3,1,dct,"[""dct"", ""had""]","[-12.496752738952637, -12.925734519958496]","[0.0019291015341877937, 0.0022994601167738438]"
hdsp,chunk_25_29,25,3,2,had,"[""dct"", ""had""]","[-13.671049118041992, -13.121448516845703]","[0.001755972160026431, 0.0017512701451778412]"
hdsp,chunk_25_29,25,3,3,had,"[""dct"", ""had""]","[-13.915236473083496, -13.067338943481445]","[0.002066992223262787, 0.0011146003380417824]"
hdsp,chunk_25_29,25,3,4,dct,"[""dct"", ""had""]","[-13.706780433654785, -14.501410484313965]","[0.0009594174916855991, 0.0016787825152277946]"
hdsp,chunk_25_29,25,3,5,had,"[""dct"", ""had""]","[-14.627930641174316, -14.388083457946777]","[0.0014883347321301699, 0.001226690597832203]"
hdsp,chunk_25_29,25,3,6,dct,"[""dct"", ""had""]","[-13.80843448638916, -13.892833709716797]","[0.0014926422154530883, 0.0033519896678626537]"
hdsp,chunk_25_29,25,3,7,dct,"[""dct"", ""had""]","[-14.773176193237305, -14.839951515197754]","[0.0022174830082803965, 0.0022922055795788765]"
hdsp,chunk_25_29,25,3,8,dct,"[""dct"", ""had""]","[-17.881473541259766, -19.486225128173828]","[0.0033172976691275835, 0.0038741612806916237]"
hdsp,chunk_25_29,25,4,1,huber,"[""tv2"", ""huber""]","[-12.527862548828125, -12.259054183959961]","[0.0026023085229098797, 0.002301656873896718]"
hdsp,chunk_25_29,25,4,2,huber,"[""tv2"", ""huber""]","[-19.292919158935547, -17.332977294921875]","[0.006412336602807045, 0.0030106136109679937]"
hdsp,chunk_25_29,25,4,3,huber,"[""tv2"", ""huber""]","[-19.876354217529297, -17.996814727783203]","[0.009348957799375057, 0.002342821331694722]"
hdsp,chunk_25_29,25,4,4,tv2,"[""tv2"", ""huber""]","[-19.428424835205078, -19.42914390563965]","[0.004826653748750687, 0.0033275189343839884]"
hdsp,chunk_25_29,25,4,5,huber,"[""tv2"", ""huber""]","[-21.943735122680664, -20.059247970581055]","[0.00814029946923256, 0.004510406404733658]"
hdsp,chunk_25_29,25,4,6,huber,"[""tv2"", ""huber""]","[-17.807479858398438, -17.635988235473633]","[0.005349422805011272, 0.0018632980063557625]"
hdsp,chunk_25_29,25,4,7,tv2,"[""tv2"", ""huber""]","[-22.05927848815918, -25.738611221313477]","[0.0065492140129208565, 0.0068627409636974335]"
hdsp,chunk_25_29,25,4,8,tv2,"[""tv2"", ""huber""]","[-18.075458526611328, -18.289390563964844]","[0.006691972725093365, 0.002571613062173128]"
hdsp,chunk_25_29,25,5,1,dct,"[""dct"", ""tv2""]","[-12.141124725341797, -12.563763618469238]","[0.001292611239477992, 0.0024760186206549406]"
hdsp,chunk_25_29,25,5,2,tv2,"[""dct"", ""tv2""]","[-12.20191478729248, -11.654626846313477]","[0.0022558339405804873, 0.0027065007016062737]"
hdsp,chunk_25_29,25,5,3,tv2,"[""dct"", ""tv2""]","[-14.29557991027832, -14.063193321228027]","[0.0013859894825145602, 0.002031527692452073]"
hdsp,chunk_25_29,25,5,4,tv2,"[""dct"", ""tv2""]","[-23.775230407714844, -19.688796997070312]","[0.006428781896829605, 0.0034760753624141216]"
hdsp,chunk_25_29,25,5,5,tv2,"[""dct"", ""tv2""]","[-19.225616455078125, -19.028099060058594]","[0.0018541368190199137, 0.0069145564921200275]"
hdsp,chunk_25_29,25,5,6,tv2,"[""dct"", ""tv2""]","[-21.9606990814209, -20.19333267211914]","[0.0086046252399683, 0.005966870579868555]"
hdsp,chunk_25_29,25,5,7,tv2,"[""dct"", ""tv2""]","[-24.638586044311523, -19.537546157836914]","[0.008900761604309082, 0.003512447001412511]"
hdsp,chunk_25_29,25,5,8,dct,"[""dct"", ""tv2""]","[-20.831470489501953, -25.978370666503906]","[0.0029965657740831375, 0.19682712852954865]"
hdsp,chunk_25_29,26,0,1,phys,"[""phys"", ""robust""]","[-10.893027305603027, -10.996808052062988]","[0.0018857609247788787, 0.007574913557618856]"
hdsp,chunk_25_29,26,0,2,phys,"[""phys"", ""robust""]","[-11.010716438293457, -11.329910278320312]","[0.0006224135868251324, 0.007727350108325481]"
hdsp,chunk_25_29,26,0,3,phys,"[""phys"", ""robust""]","[-11.239187240600586, -11.479503631591797]","[0.0011337744072079659, 0.005108876619488001]"
hdsp,chunk_25_29,26,0,4,phys,"[""phys"", ""robust""]","[-11.501601219177246, -11.70291519165039]","[0.001363842049613595, 0.006359306629747152]"
hdsp,chunk_25_29,26,0,5,phys,"[""phys"", ""robust""]","[-11.621058464050293, -12.137558937072754]","[0.0008093726355582476, 0.0034411612432450056]"
hdsp,chunk_25_29,26,0,6,phys,"[""phys"", ""robust""]","[-11.642533302307129, -12.322065353393555]","[0.0018157747108489275, 0.005710973870009184]"
hdsp,chunk_25_29,26,0,7,phys,"[""phys"", ""robust""]","[-11.804398536682129, -12.251011848449707]","[0.0007097086636349559, 0.00510112289339304]"
hdsp,chunk_25_29,26,0,8,phys,"[""phys"", ""robust""]","[-12.050749778747559, -12.471465110778809]","[0.0012817872921004891, 0.003701101988554001]"
hdsp,chunk_25_29,26,1,1,conv,"[""conv"", ""prox_tv""]","[-10.906344413757324, -11.595612525939941]","[0.0014075803337618709, 0.0017490494064986706]"
hdsp,chunk_25_29,26,1,2,prox_tv,"[""conv"", ""prox_tv""]","[-11.47714900970459, -11.054069519042969]","[0.0033227421808987856, 0.0015242815716192126]"
hdsp,chunk_25_29,26,1,3,conv,"[""conv"", ""prox_tv""]","[-11.075200080871582, -11.422343254089355]","[0.0011715964647009969, 0.0020716036669909954]"
hdsp,chunk_25_29,26,1,4,prox_tv,"[""conv"", ""prox_tv""]","[-11.826508522033691, -11.556975364685059]","[0.0012709436705335975, 0.0008848255965858698]"
hdsp,chunk_25_29,26,1,5,conv,"[""conv"", ""prox_tv""]","[-11.423635482788086, -12.151473045349121]","[0.001066514290869236, 0.001736964681185782]"
hdsp,chunk_25_29,26,1,6,prox_tv,"[""conv"", ""prox_tv""]","[-12.588190078735352, -12.347220420837402]","[0.00499321985989809, 0.0035797497257590294]"
hdsp,chunk_25_29,26,1,7,prox_tv,"[""conv"", ""prox_tv""]","[-11.989385604858398, -11.820172309875488]","[0.0009536541765555739, 0.0009087285725399852]"
hdsp,chunk_25_29,26,1,8,conv,"[""conv"", ""prox_tv""]","[-11.623465538024902, -12.225995063781738]","[0.0006370304035954177, 0.0015466943150386214]"
hdsp,chunk_25_29,26,2,1,conv_lowtv,"[""conv_lowtv"", ""wavelet"", ""inr""]","[-11.800178527832031, -12.168547630310059, -15.589402198791504]","[0.0015921342419460416, 0.0015671012224629521, 0.36168161034584045]"
hdsp,chunk_25_29,26,2,2,conv_lowtv,"[""conv_lowtv"", ""wavelet"", ""inr""]","[-11.846964836120605, -12.445076942443848, -16.819488525390625]","[0.0019614447373896837, 0.0032450836151838303, 0.38806605339050293]"
hdsp,chunk_25_29,26,2,3,conv_lowtv,"[""conv_lowtv"", ""wavelet"", ""inr""]","[-12.224895477294922, -12.765283584594727, -17.830110549926758]","[0.0012707641581073403, 0.002328157424926758, 0.38019293546676636]"
hdsp,chunk_25_29,26,2,4,conv_lowtv,"[""conv_lowtv"", ""wavelet"", ""inr""]","[-12.714726448059082, -12.929851531982422, -18.46160888671875]","[0.002284365240484476, 0.0020383873488754034, 0.40594494342803955]"
hdsp,chunk_25_29,26,2,5,conv_lowtv,"[""conv_lowtv"", ""wavelet"", ""inr""]","[-12.631474494934082, -12.87951946258545, -18.835731506347656]","[0.002059477847069502, 0.001977365231141448, 0.4112383723258972]"
hdsp,chunk_25_29,26,2,6,conv_lowtv,"[""conv_lowtv"", ""wavelet"", ""inr""]","[-12.916836738586426, -13.267486572265625, -19.24904441833496]","[0.004039627965539694, 0.0026133956853300333, 0.4040422737598419]"
hdsp,chunk_25_29,26,2,7,conv_lowtv,"[""conv_lowtv"", ""wavelet"", ""inr""]","[-12.751681327819824, -13.524276733398438, -19.56513023376465]","[0.001598987146280706, 0.0036442680284380913, 0.3958500325679779]"
hdsp,chunk_25_29,26,2,8,conv_lowtv,"[""conv_lowtv"", ""wavelet"", ""inr""]","[-12.40044116973877, -13.140974998474121, -19.079872131347656]","[0.0012382816057652235, 0.0012688443530350924, 0.39946141839027405]"
hdsp,chunk_25_29,26,3,1,had,"[""dct"", ""had""]","[-11.658662796020508, -11.240426063537598]","[0.0011576507240533829, 0.0003212768933735788]"
hdsp,chunk_25_29,26,3,2,dct,"[""dct"", ""had""]","[-11.000959396362305, -11.633262634277344]","[0.002913164207711816, 0.0032953284680843353]"
hdsp,chunk_25_29,26,3,3,had,"[""dct"", ""had""]","[-11.701220512390137, -11.47153091430664]","[0.0030778516083955765, 0.0009570319089107215]"
hdsp,chunk_25_29,26,3,4,had,"[""dct"", ""had""]","[-11.697417259216309, -11.667683601379395]","[0.001271259505301714, 0.0012377211824059486]"
hdsp,chunk_25_29,26,3,5,dct,"[""dct"", ""had""]","[-11.476410865783691, -12.158942222595215]","[0.000794733059592545, 0.0021916055120527744]"
hdsp,chunk_25_29,26,3,6,dct,"[""dct"", ""had""]","[-11.45922565460205, -11.989964485168457]","[0.0011299897450953722, 0.0013858606107532978]"
hdsp,chunk_25_29,26,3,7,dct,"[""dct"", ""had""]","[-11.65408992767334, -12.22269344329834]","[0.002035759622231126, 0.004271854646503925]"
hdsp,chunk_25_29,26,3,8,dct,"[""dct"", ""had""]","[-11.68021297454834, -12.0070161819458]","[0.0010164944687858224, 0.0011626944178715348]"
hdsp,chunk_25_29,26,4,1,huber,"[""tv2"", ""huber""]","[-11.417972564697266, -11.092377662658691]","[0.0020511928014457226, 0.0006132879061624408]"
hdsp,chunk_25_29,26,4,2,tv2,"[""tv2"", ""huber""]","[-11.182469367980957, -11.198676109313965]","[0.0027539003640413284, 0.0014961891574785113]"
hdsp,chunk_25_29,26,4,3,tv2,"[""tv2"", ""huber""]","[-11.524569511413574, -11.559405326843262]","[0.0021288301795721054, 0.0012303723488003016]"
hdsp,chunk_25_29,26,4,4,tv2,"[""tv2"", ""huber""]","[-11.461308479309082, -11.544415473937988]","[0.00215280894190073, 0.0012579180765897036]"
hdsp,chunk_25_29,26,4,5,huber,"[""tv2"", ""huber""]","[-11.759847640991211, -11.693537712097168]","[0.003619442693889141, 0.00206425366923213]"
hdsp,chunk_25_29,26,4,6,tv2,"[""tv2"", ""huber""]","[-11.277782440185547, -11.968382835388184]","[0.001866051577962935, 0.002054664772003889]"
hdsp,chunk_25_29,26,4,7,huber,"[""tv2"", ""huber""]","[-12.160408020019531, -12.0369291305542]","[0.0035724870394915342, 0.0022505000233650208]"
hdsp,chunk_25_29,26,4,8,tv2,"[""tv2"", ""huber""]","[-11.482728004455566, -12.32773494720459]","[0.0031196370255202055, 0.0032941207755357027]"
hdsp,chunk_25_29,26,5,1,dct,"[""dct"", ""tv2""]","[-10.891382217407227, -10.994102478027344]","[0.0010485420934855938, 0.0014424428809434175]"
hdsp,chunk_25_29,26,5,2,tv2,"[""dct"", ""tv2""]","[-10.930044174194336, -10.927433967590332]","[0.00117790256626904, 0.0015856240643188357]"
hdsp,chunk_25_29,26,5,3,tv2,"[""dct"", ""tv2""]","[-11.3538236618042, -11.245113372802734]","[0.00209864997304976, 0.0027739445213228464]"
hdsp,chunk_25_29,26,5,4,tv2,"[""dct"", ""tv2""]","[-11.773520469665527, -11.714951515197754]","[0.002141121542081237, 0.002970087341964245]"
hdsp,chunk_25_29,26,5,5,dct,"[""dct"", ""tv2""]","[-11.779420852661133, -12.526315689086914]","[0.0013369321823120117, 0.005452676210552454]"
hdsp,chunk_25_29,26,5,6,dct,"[""dct"", ""tv2""]","[-11.633167266845703, -11.72050952911377]","[0.001273159752599895, 0.002967280801385641]"
hdsp,chunk_25_29,26,5,7,dct,"[""dct"", ""tv2""]","[-11.870001792907715, -12.963292121887207]","[0.0017056738724932075, 0.006704225670546293]"
hdsp,chunk_25_29,26,5,8,tv2,"[""dct"", ""tv2""]","[-15.285615921020508, -12.52652645111084]","[0.013662349432706833, 0.005331898108124733]"
hdsp,chunk_25_29,27,0,1,phys,"[""phys"", ""robust""]","[-15.831313133239746, -16.288541793823242]","[0.01898566633462906, 0.1475999504327774]"
hdsp,chunk_25_29,27,0,2,robust,"[""phys"", ""robust""]","[-16.113494873046875, -15.966363906860352]","[0.020241744816303253, 0.08809279650449753]"
hdsp,chunk_25_29,27,0,3,phys,"[""phys"", ""robust""]","[-17.286880493164062, -20.153644561767578]","[0.0441303551197052, 0.5563453435897827]"
hdsp,chunk_25_29,27,0,4,robust,"[""phys"", ""robust""]","[-17.23410415649414, -15.485758781433105]","[0.04577314853668213, 0.030337050557136536]"
hdsp,chunk_25_29,27,0,5,phys,"[""phys"", ""robust""]","[-14.496230125427246, -14.82456111907959]","[0.008187884464859962, 0.18904729187488556]"
hdsp,chunk_25_29,27,0,6,robust,"[""phys"", ""robust""]","[-19.975107192993164, -18.37415313720703]","[0.024683324620127678, 0.14175009727478027]"
hdsp,chunk_25_29,27,0,7,phys,"[""phys"", ""robust""]","[-16.135282516479492, -17.226505279541016]","[0.028489014133810997, 0.1610681116580963]"
hdsp,chunk_25_29,27,0,8,phys,"[""phys"", ""robust""]","[-14.841418266296387, -15.15518569946289]","[0.002366037340834737, 0.09178739041090012]"
hdsp,chunk_25_29,27,1,1,prox_tv,"[""conv"", ""prox_tv""]","[-17.182979583740234, -16.391796112060547]","[0.013278610073029995, 0.0109244454652071]"
hdsp,chunk_25_29,27,1,2,conv,"[""conv"", ""prox_tv""]","[-18.364330291748047, -18.78570556640625]","[0.023170581087470055, 0.019546303898096085]"
hdsp,chunk_25_29,27,1,3,conv,"[""conv"", ""prox_tv""]","[-15.594441413879395, -17.66431427001953]","[0.008288194425404072, 0.011151503771543503]"
hdsp,chunk_25_29,27,1,4,conv,"[""conv"", ""prox_tv""]","[-14.12537670135498, -15.338912010192871]","[0.0020060541573911905, 0.0023560926783829927]"
hdsp,chunk_25_29,27,1,5,conv,"[""conv"", ""prox_tv""]","[-15.124707221984863, -15.20728588104248]","[0.020405489951372147, 0.004440054763108492]"
hdsp,chunk_25_29,27,1,6,prox_tv,"[""conv"", ""prox_tv""]","[-15.355629920959473, -14.258254051208496]","[0.005116807762533426, 0.003254561685025692]"
hdsp,chunk_25_29,27,1,7,prox_tv,"[""conv"", ""prox_tv""]","[-14.45885944366455, -13.97411823272705]","[0.005227450747042894, 0.002129762666299939]"
hdsp,chunk_25_29,27,1,8,prox_tv,"[""conv"", ""prox_tv""]","[-16.375043869018555, -15.93954086303711]","[0.006197724491357803, 0.0030753398314118385]"
hdsp,chunk_25_29,27,2,1,wavelet,"[""conv_lowtv"", ""wavelet"", ""inr""]","[-17.085168838500977, -16.42542839050293, -22.470172882080078]","[0.011629343964159489, 0.012995296157896519, 1.7092039585113525]"
hdsp,chunk_25_29,27,2,2,conv_lowtv,"[""conv_lowtv"", ""wavelet"", ""inr""]","[-20.55524253845215, -21.61911392211914, -27.735492706298828]","[0.04849643632769585, 0.0804409459233284, 1.8860530853271484]"
hdsp,chunk_25_29,27,2,3,conv_lowtv,"[""conv_lowtv"", ""wavelet"", ""inr""]","[-17.66857147216797, -18.306943893432617, -24.048892974853516]","[0.051388416439294815, 0.021370263770222664, 1.5219007730484009]"
hdsp,chunk_25_29,27,2,4,conv_lowtv,"[""conv_lowtv"", ""wavelet"", ""inr""]","[-16.09442901611328, -16.38510513305664, -22.435440063476562]","[0.010305394418537617, 0.02396278828382492, 1.5221067667007446]"
hdsp,chunk_25_29,27,2,5,conv_lowtv,"[""conv_lowtv"", ""wavelet"", ""inr""]","[-16.544960021972656, -18.900402069091797, -23.04914665222168]","[0.008657848462462425, 0.03661911562085152, 1.4891911745071411]"
hdsp,chunk_25_29,27,2,6,wavelet,"[""conv_lowtv"", ""wavelet"", ""inr""]","[-17.898283004760742, -17.539031982421875, -23.181514739990234]","[0.017848705872893333, 0.009857572615146637, 1.5811678171157837]"
hdsp,chunk_25_29,27,2,7,conv_lowtv,"[""conv_lowtv"", ""wavelet"", ""inr""]","[-22.032882690429688, -22.454776763916016, -28.293498992919922]","[0.051867272704839706, 0.04435380920767784, 1.6931020021438599]"
hdsp,chunk_25_29,27,2,8,conv_lowtv,"[""conv_lowtv"", ""wavelet"", ""inr""]","[-16.837417602539062, -17.540761947631836, -22.865873336791992]","[0.005835048388689756, 0.02831585705280304, 1.2714437246322632]"
hdsp,chunk_25_29,27,3,1,dct,"[""dct"", ""had""]","[-14.900351524353027, -14.945963859558105]","[0.005271622911095619, 0.0025998910423368216]"
hdsp,chunk_25_29,27,3,2,had,"[""dct"", ""had""]","[-13.928079605102539, -13.840991020202637]","[0.015176894143223763, 0.009929783642292023]"
hdsp,chunk_25_29,27,3,3,had,"[""dct"", ""had""]","[-16.060928344726562, -15.409430503845215]","[0.029855411499738693, 0.019912967458367348]"
hdsp,chunk_25_29,27,3,4,had,"[""dct"", ""had""]","[-14.483542442321777, -14.122940063476562]","[0.003613686189055443, 0.001545827486552298]"
hdsp,chunk_25_29,27,3,5,dct,"[""dct"", ""had""]","[-18.908376693725586, -21.28750228881836]","[0.02020525373518467, 0.11415979266166687]"
hdsp,chunk_25_29,27,3,6,had,"[""dct"", ""had""]","[-16.053861618041992, -15.156965255737305]","[0.027952633798122406, 0.019965296611189842]"
hdsp,chunk_25_29,27,3,7,had,"[""dct"", ""had""]","[-19.06470489501953, -16.36996078491211]","[0.05474036931991577, 0.02977481484413147]"
hdsp,chunk_25_29,27,3,8,dct,"[""dct"", ""had""]","[-16.418825149536133, -16.514074325561523]","[0.026632603257894516, 0.025864677503705025]"
hdsp,chunk_25_29,27,4,1,tv2,"[""tv2"", ""huber""]","[-15.486926078796387, -17.30817413330078]","[0.016116514801979065, 0.016241353005170822]"
hdsp,chunk_25_29,27,4,2,tv2,"[""tv2"", ""huber""]","[-16.1863956451416, -19.594989776611328]","[0.015356451272964478, 0.1177356168627739]"
hdsp,chunk_25_29,27,4,3,huber,"[""tv2"", ""huber""]","[-19.495038986206055, -18.288127899169922]","[0.06533341854810715, 0.042071469128131866]"
hdsp,chunk_25_29,27,4,4,tv2,"[""tv2"", ""huber""]","[-17.545835494995117, -19.891796112060547]","[0.050251852720975876, 0.09226430952548981]"
hdsp,chunk_25_29,27,4,5,huber,"[""tv2"", ""huber""]","[-16.691303253173828, -16.164953231811523]","[0.04989343881607056, 0.028537441045045853]"
hdsp,chunk_25_29,27,4,6,huber,"[""tv2"", ""huber""]","[-18.025407791137695, -16.95937728881836]","[0.07269363105297089, 0.0543498657643795]"
hdsp,chunk_25_29,27,4,7,huber,"[""tv2"", ""huber""]","[-19.78203010559082, -17.74669075012207]","[0.04763529822230339, 0.03455903008580208]"
hdsp,chunk_25_29,27,4,8,tv2,"[""tv2"", ""huber""]","[-14.971343994140625, -16.48235321044922]","[0.024782229214906693, 0.03545226901769638]"
hdsp,chunk_25_29,27,5,1,tv2,"[""dct"", ""tv2""]","[-16.060550689697266, -15.273175239562988]","[0.008967718109488487, 0.021427199244499207]"
hdsp,chunk_25_29,27,5,2,dct,"[""dct"", ""tv2""]","[-18.086002349853516, -20.57640838623047]","[0.03175411373376846, 0.040766507387161255]"
hdsp,chunk_25_29,27,5,3,tv2,"[""dct"", ""tv2""]","[-17.04507064819336, -16.38853645324707]","[0.04049648717045784, 0.058772727847099304]"
hdsp,chunk_25_29,27,5,4,tv2,"[""dct"", ""tv2""]","[-23.36524772644043, -23.083080291748047]","[0.16667483747005463, 0.1255379170179367]"
hdsp,chunk_25_29,27,5,5,tv2,"[""dct"", ""tv2""]","[-26.08039093017578, -23.746122360229492]","[0.12252745777368546, 0.17203350365161896]"
hdsp,chunk_25_29,27,5,6,dct,"[""dct"", ""tv2""]","[-18.051116943359375, -20.825098037719727]","[0.02962670661509037, 0.056660860776901245]"
hdsp,chunk_25_29,27,5,7,tv2,"[""dct"", ""tv2""]","[-18.53390884399414, -17.218891143798828]","[0.031837377697229385, 0.043621957302093506]"
hdsp,chunk_25_29,27,5,8,tv2,"[""dct"", ""tv2""]","[-24.28229522705078, -19.446439743041992]","[0.2981173098087311, 0.04189150780439377]"
hdsp,chunk_25_29,28,0,1,phys,"[""phys"", ""robust""]","[-10.965727806091309, -11.282388687133789]","[0.0003882042074110359, 0.0072810715064406395]"
hdsp,chunk_25_29,28,0,2,phys,"[""phys"", ""robust""]","[-10.825119972229004, -11.032042503356934]","[0.00029810480191372335, 0.006331260781735182]"
hdsp,chunk_25_29,28,0,3,phys,"[""phys"", ""robust""]","[-11.345785140991211, -11.389966011047363]","[0.0006951713003218174, 0.00481894426047802]"
hdsp,chunk_25_29,28,0,4,phys,"[""phys"", ""robust""]","[-11.053399085998535, -11.3441743850708]","[0.0002803379320539534, 0.008530213497579098]"
hdsp,chunk_25_29,28,0,5,phys,"[""phys"", ""robust""]","[-11.050650596618652, -11.580758094787598]","[0.0002827002026606351, 0.008804828859865665]"
hdsp,chunk_25_29,28,0,6,phys,"[""phys"", ""robust""]","[-11.011139869689941, -11.58881950378418]","[0.00020448349823709577, 0.005018877796828747]"
hdsp,chunk_25_29,28,0,7,phys,"[""phys"", ""robust""]","[-11.149662971496582, -11.836461067199707]","[0.00027633848367258906, 0.007946634665131569]"
hdsp,chunk_25_29,28,0,8,phys,"[""phys"", ""robust""]","[-11.052521705627441, -11.534242630004883]","[0.00017987536557484418, 0.001398214721120894]"
hdsp,chunk_25_29,28,1,1,conv,"[""conv"", ""prox_tv""]","[-10.856477737426758, -11.312824249267578]","[0.00036390061723068357, 0.0005234018317423761]"
hdsp,chunk_25_29,28,1,2,conv,"[""conv"", ""prox_tv""]","[-10.9722261428833, -11.517765998840332]","[0.000558552797883749, 0.0007554022595286369]"
hdsp,chunk_25_29,28,1,3,conv,"[""conv"", ""prox_tv""]","[-11.126025199890137, -11.529047966003418]","[0.00030294922180473804, 0.0003732016193680465]"
hdsp,chunk_25_29,28,1,4,conv,"[""conv"", ""prox_tv""]","[-11.078486442565918, -11.588982582092285]","[0.0002688991080503911, 0.0003339444810990244]"
hdsp,chunk_25_29,28,1,5,prox_tv,"[""conv"", ""prox_tv""]","[-11.59854507446289, -11.33427906036377]","[0.0006584956427104771, 0.0005251569673418999]"
hdsp,chunk_25_29,28,1,6,conv,"[""conv"", ""prox_tv""]","[-11.227690696716309, -11.6609525680542]","[0.00036271297722123563, 0.0003895811678376049]"
hdsp,chunk_25_29,28,1,7,conv,"[""conv"", ""prox_tv""]","[-11.521240234375, -12.406954765319824]","[0.0003395860840100795, 0.0015982616459950805]"
hdsp,chunk_25_29,28,1,8,prox_tv,"[""conv"", ""prox_tv""]","[-11.732453346252441, -11.495484352111816]","[0.00041510711889714, 0.00027976659475825727]"
hdsp,chunk_25_29,28,2,1,conv_lowtv,"[""conv_lowtv"", ""wavelet"", ""inr""]","[-11.069571495056152, -12.017960548400879, -14.594764709472656]","[0.0002760221541393548, 0.0013438694877550006, 0.25933727622032166]"
hdsp,chunk_25_29,28,2,2,conv_lowtv,"[""conv_lowtv"", ""wavelet"", ""inr""]","[-11.096074104309082, -11.890766143798828, -14.769224166870117]","[0.00028404060867615044, 0.0013200705870985985, 0.27627697587013245]"
hdsp,chunk_25_29,28,2,3,conv_lowtv,"[""conv_lowtv"", ""wavelet"", ""inr""]","[-11.297877311706543, -12.168100357055664, -15.211130142211914]","[0.0003324197605252266, 0.001650855178013444, 0.28093230724334717]"
hdsp,chunk_25_29,28,2,4,conv_lowtv,"[""conv_lowtv"", ""wavelet"", ""inr""]","[-11.355072021484375, -12.16595458984375, -15.632637023925781]","[0.00026110964245162904, 0.001663012895733118, 0.28889405727386475]"
hdsp,chunk_25_29,28,2,5,conv_lowtv,"[""conv_lowtv"", ""wavelet"", ""inr""]","[-11.620681762695312, -12.495867729187012, -16.20734977722168]","[0.0003170556155964732, 0.0017421218799427152, 0.302668035030365]"
hdsp,chunk_25_29,28,2,6,conv_lowtv,"[""conv_lowtv"", ""wavelet"", ""inr""]","[-11.436437606811523, -12.516347885131836, -16.057348251342773]","[0.0002256778534501791, 0.001726616406813264, 0.2723238170146942]"
hdsp,chunk_25_29,28,2,7,conv_lowtv,"[""conv_lowtv"", ""wavelet"", ""inr""]","[-11.806229591369629, -12.758761405944824, -16.683992385864258]","[0.0005666643846780062, 0.0018078198190778494, 0.31594398617744446]"
hdsp,chunk_25_29,28,2,8,conv_lowtv,"[""conv_lowtv"", ""wavelet"", ""inr""]","[-11.65688419342041, -12.797478675842285, -16.688617706298828]","[0.00018385406292509288, 0.0019130994332954288, 0.28652143478393555]"
hdsp,chunk_25_29,28,3,1,dct,"[""dct"", ""had""]","[-11.202963829040527, -11.75243854522705]","[0.00046284153359010816, 0.0007130935555323958]"
hdsp,chunk_25_29,28,3,2,dct,"[""dct"", ""had""]","[-10.669587135314941, -11.342171669006348]","[0.00030364847043529153, 0.0005362528609111905]"
hdsp,chunk_25_29,28,3,3,dct,"[""dct"", ""had""]","[-10.866113662719727, -11.62459659576416]","[0.0001991739118238911, 0.00036123357131145895]"
hdsp,chunk_25_29,28,3,4,dct,"[""dct"", ""had""]","[-11.09885311126709, -11.70279598236084]","[0.00023591885110363364, 0.000305277673760429]"
hdsp,chunk_25_29,28,3,5,had,"[""dct"", ""had""]","[-12.239965438842773, -11.473786354064941]","[0.0020351263228803873, 0.0003055172855965793]"
hdsp,chunk_25_29,28,3,6,dct,"[""dct"", ""had""]","[-11.185080528259277, -12.191935539245605]","[0.00030319218058139086, 0.0005453535704873502]"
hdsp,chunk_25_29,28,3,7,dct,"[""dct"", ""had""]","[-11.054398536682129, -12.067534446716309]","[0.0003310560714453459, 0.0009209106210619211]"
hdsp,chunk_25_29,28,3,8,dct,"[""dct"", ""had""]","[-11.201788902282715, -11.8279390335083]","[0.00015699384675826877, 0.0002999574353452772]"
hdsp,chunk_25_29,28,4,1,huber,"[""tv2"", ""huber""]","[-11.238435745239258, -11.231192588806152]","[0.002117439638823271, 0.0007705429452471435]"
hdsp,chunk_25_29,28,4,2,huber,"[""tv2"", ""huber""]","[-11.180882453918457, -11.058911323547363]","[0.0014103672001510859, 0.0008064255816861987]"
hdsp,chunk_25_29,28,4,3,tv2,"[""tv2"", ""huber""]","[-11.277853965759277, -11.428970336914062]","[0.0013626615982502699, 0.0009782008128240705]"
hdsp,chunk_25_29,28,4,4,tv2,"[""tv2"", ""huber""]","[-11.352012634277344, -11.638105392456055]","[0.0014573762891814113, 0.0008534960215911269]"
hdsp,chunk_25_29,28,4,5,tv2,"[""tv2"", ""huber""]","[-11.17406940460205, -11.892558097839355]","[0.0012723497347906232, 0.0013536623446270823]"
hdsp,chunk_25_29,28,4,6,huber,"[""tv2"", ""huber""]","[-11.478318214416504, -11.437859535217285]","[0.0012776101939380169, 0.0007041323697194457]"
hdsp,chunk_25_29,28,4,7,huber,"[""tv2"", ""huber""]","[-11.660073280334473, -11.586061477661133]","[0.001209135283716023, 0.0007700392161495984]"
hdsp,chunk_25_29,28,4,8,tv2,"[""tv2"", ""huber""]","[-11.561532974243164, -11.747954368591309]","[0.0015893535455688834, 0.001167801208794117]"
hdsp,chunk_25_29,28,5,1,tv2,"[""dct"", ""tv2""]","[-11.232584953308105, -10.943655967712402]","[0.000591964868362993, 0.0021904048044234514]"
hdsp,chunk_25_29,28,5,2,tv2,"[""dct"", ""tv2""]","[-11.4834623336792, -11.455460548400879]","[0.0005168556235730648, 0.0031713407952338457]"
hdsp,chunk_25_29,28,5,3,tv2,"[""dct"", ""tv2""]","[-11.546307563781738, -11.181502342224121]","[0.000457329791970551, 0.000984045909717679]"
hdsp,chunk_25_29,28,5,4,tv2,"[""dct"", ""tv2""]","[-11.641592979431152, -11.306187629699707]","[0.00089798285625875, 0.0009992348495870829]"
hdsp,chunk_25_29,28,5,5,dct,"[""dct"", ""tv2""]","[-11.658493995666504, -11.693784713745117]","[0.0003187864786013961, 0.0018790272297337651]"
hdsp,chunk_25_29,28,5,6,tv2,"[""dct"", ""tv2""]","[-11.57819652557373, -11.305022239685059]","[0.00036663105129264295, 0.0008041755645535886]"
hdsp,chunk_25_29,28,5,7,dct,"[""dct"", ""tv2""]","[-11.673704147338867, -11.688847541809082]","[0.0003573240537662059, 0.0017317236633971334]"
hdsp,chunk_25_29,28,5,8,dct,"[""dct"", ""tv2""]","[-11.550090789794922, -11.574797630310059]","[0.00025733758229762316, 0.0010990963783115149]"
hdsp,chunk_25_29,29,0,1,phys,"[""phys"", ""robust""]","[-9.640971183776855, -9.869848251342773]","[0.00021166277292650193, 0.0030358151998370886]"
hdsp,chunk_25_29,29,0,2,phys,"[""phys"", ""robust""]","[-9.339301109313965, -9.714238166809082]","[0.00011597356933634728, 0.0013755073305219412]"
hdsp,chunk_25_29,29,0,3,phys,"[""phys"", ""robust""]","[-9.384538650512695, -9.861047744750977]","[9.937513823388144e-05, 0.001253614667803049]"
hdsp,chunk_25_29,29,0,4,phys,"[""phys"", ""robust""]","[-9.551383018493652, -9.902819633483887]","[7.594421185785905e-05, 0.001097452943213284]"
hdsp,chunk_25_29,29,0,5,phys,"[""phys"", ""robust""]","[-9.477021217346191, -9.852177619934082]","[0.00019083247752860188, 0.0008848924771882594]"
hdsp,chunk_25_29,29,0,6,phys,"[""phys"", ""robust""]","[-9.45422077178955, -9.671577453613281]","[0.00018632989667821676, 0.0006955962162464857]"
hdsp,chunk_25_29,29,0,7,phys,"[""phys"", ""robust""]","[-9.391119956970215, -9.821293830871582]","[0.0001350489183096215, 0.0008451436879113317]"
hdsp,chunk_25_29,29,0,8,phys,"[""phys"", ""robust""]","[-9.363495826721191, -9.984193801879883]","[6.299139931797981e-05, 0.001756607205606997]"
hdsp,chunk_25_29,29,1,1,conv,"[""conv"", ""prox_tv""]","[-9.322537422180176, -9.83776569366455]","[0.00024557780125178397, 0.00026429654099047184]"
hdsp,chunk_25_29,29,1,2,conv,"[""conv"", ""prox_tv""]","[-9.288698196411133, -9.701173782348633]","[9.353102359455079e-05, 0.00027583722840063274]"
hdsp,chunk_25_29,29,1,3,conv,"[""conv"", ""prox_tv""]","[-9.243661880493164, -9.651644706726074]","[8.232230175053701e-05, 0.00011881455429829657]"
hdsp,chunk_25_29,29,1,4,conv,"[""conv"", ""prox_tv""]","[-9.143860816955566, -9.78858470916748]","[8.83793254615739e-05, 0.00021612875571008772]"
hdsp,chunk_25_29,29,1,5,conv,"[""conv"", ""prox_tv""]","[-9.168705940246582, -9.754844665527344]","[8.983487350633368e-05, 0.00015348779561463743]"
hdsp,chunk_25_29,29,1,6,prox_tv,"[""conv"", ""prox_tv""]","[-9.425042152404785, -9.318254470825195]","[9.103203774429858e-05, 7.055649621179327e-05]"
hdsp,chunk_25_29,29,1,7,prox_tv,"[""conv"", ""prox_tv""]","[-9.593708992004395, -9.462370872497559]","[0.00011204914335394278, 9.288048750022426e-05]"
hdsp,chunk_25_29,29,1,8,prox_tv,"[""conv"", ""prox_tv""]","[-9.537510871887207, -9.472847938537598]","[0.0001048173799063079, 9.998297173297033e-05]"
hdsp,chunk_25_29,29,2,1,conv_lowtv,"[""conv_lowtv"", ""wavelet"", ""inr""]","[-10.12331485748291, -10.625904083251953, -14.742049217224121]","[0.0002590604708530009, 0.000287603004835546, 0.1745925396680832]"
hdsp,chunk_25_29,29,2,2,conv_lowtv,"[""conv_lowtv"", ""wavelet"", ""inr""]","[-9.924227714538574, -10.4993314743042, -14.815003395080566]","[0.00013569506700150669, 0.0003774320939555764, 0.16839177906513214]"
hdsp,chunk_25_29,29,2,3,conv_lowtv,"[""conv_lowtv"", ""wavelet"", ""inr""]","[-9.945775985717773, -10.547089576721191, -15.524682998657227]","[0.00015048900968395174, 0.0003307469596620649, 0.20203787088394165]"
hdsp,chunk_25_29,29,2,4,conv_lowtv,"[""conv_lowtv"", ""wavelet"", ""inr""]","[-9.842360496520996, -10.579364776611328, -15.246718406677246]","[0.00013086659600958228, 0.0003464680921752006, 0.17377282679080963]"
hdsp,chunk_25_29,29,2,5,conv_lowtv,"[""conv_lowtv"", ""wavelet"", ""inr""]","[-9.893115043640137, -10.511189460754395, -15.238286018371582]","[0.00017348166147712618, 0.00026809785049408674, 0.17015334963798523]"
hdsp,chunk_25_29,29,2,6,conv_lowtv,"[""conv_lowtv"", ""wavelet"", ""inr""]","[-9.846365928649902, -10.52478313446045, -15.459288597106934]","[0.0001401075132889673, 0.00035241967998445034, 0.17780306935310364]"
hdsp,chunk_25_29,29,2,7,conv_lowtv,"[""conv_lowtv"", ""wavelet"", ""inr""]","[-9.904109001159668, -10.642251014709473, -15.6337890625]","[0.00013132308959029615, 0.0003942677576560527, 0.16573995351791382]"
hdsp,chunk_25_29,29,2,8,conv_lowtv,"[""conv_lowtv"", ""wavelet"", ""inr""]","[-9.861766815185547, -10.71203327178955, -15.376837730407715]","[5.93651166127529e-05, 0.0003797631070483476, 0.17368608713150024]"
hdsp,chunk_25_29,29,3,1,had,"[""dct"", ""had""]","[-9.884860038757324, -9.760478019714355]","[0.0005108282784931362, 0.00021051584917586297]"
hdsp,chunk_25_29,29,3,2,dct,"[""dct"", ""had""]","[-9.171375274658203, -9.782477378845215]","[0.00014437893696594983, 0.000224266666918993]"
hdsp,chunk_25_29,29,3,3,dct,"[""dct"", ""had""]","[-9.22597599029541, -9.712362289428711]","[0.00022379567963071167, 0.0004971474409103394]"
hdsp,chunk_25_29,29,3,4,dct,"[""dct"", ""had""]","[-9.418131828308105, -9.875463485717773]","[0.00015494767285417765, 0.00024959107395261526]"
hdsp,chunk_25_29,29,3,5,had,"[""dct"", ""had""]","[-9.707087516784668, -9.557473182678223]","[0.000145270605571568, 0.00012025787873426452]"
hdsp,chunk_25_29,29,3,6,had,"[""dct"", ""had""]","[-9.625380516052246, -9.48015308380127]","[0.00013774490798823535, 0.0001103892718674615]"
hdsp,chunk_25_29,29,3,7,had,"[""dct"", ""had""]","[-9.779644966125488, -9.588152885437012]","[0.00028589722933247685, 0.0002186458877986297]"
hdsp,chunk_25_29,29,3,8,dct,"[""dct"", ""had""]","[-9.594388008117676, -10.076663970947266]","[9.437814878765494e-05, 0.00039084587479010224]"
hdsp,chunk_25_29,29,4,1,tv2,"[""tv2"", ""huber""]","[-9.526693344116211, -9.599337577819824]","[0.0002846185234375298, 0.00026268683723174036]"
hdsp,chunk_25_29,29,4,2,tv2,"[""tv2"", ""huber""]","[-9.386311531066895, -9.448746681213379]","[0.0005295147420838475, 0.0001804971689125523]"
hdsp,chunk_25_29,29,4,3,tv2,"[""tv2"", ""huber""]","[-8.9849853515625, -9.824932098388672]","[0.00020684098126366735, 0.0004410567053128034]"
hdsp,chunk_25_29,29,4,4,huber,"[""tv2"", ""huber""]","[-9.327610969543457, -9.314178466796875]","[0.00025307846954092383, 0.00014543981524184346]"
hdsp,chunk_25_29,29,4,5,huber,"[""tv2"", ""huber""]","[-9.579511642456055, -9.540493965148926]","[0.00046668725553900003, 0.00030572121613658965]"
hdsp,chunk_25_29,29,4,6,tv2,"[""tv2"", ""huber""]","[-9.03361701965332, -9.63088321685791]","[0.00022014955175109208, 0.00024601563927717507]"
hdsp,chunk_25_29,29,4,7,tv2,"[""tv2"", ""huber""]","[-9.575081825256348, -9.620925903320312]","[0.00027643475914373994, 0.00020331716223154217]"
hdsp,chunk_25_29,29,4,8,tv2,"[""tv2"", ""huber""]","[-9.569968223571777, -9.629105567932129]","[0.00032850229763425887, 0.0002377606724621728]"
hdsp,chunk_25_29,29,5,1,tv2,"[""dct"", ""tv2""]","[-9.58340072631836, -9.556143760681152]","[0.00018104280752595514, 0.000552129524294287]"
hdsp,chunk_25_29,29,5,2,dct,"[""dct"", ""tv2""]","[-9.282750129699707, -9.4821195602417]","[0.00010127919813385233, 0.0006410528440028429]"
hdsp,chunk_25_29,29,5,3,dct,"[""dct"", ""tv2""]","[-9.305853843688965, -9.527591705322266]","[0.00010795694106491283, 0.0006050966330803931]"
hdsp,chunk_25_29,29,5,4,dct,"[""dct"", ""tv2""]","[-9.410529136657715, -9.465863227844238]","[0.0002401005767751485, 0.00032871169969439507]"
hdsp,chunk_25_29,29,5,5,dct,"[""dct"", ""tv2""]","[-9.276430130004883, -9.363785743713379]","[9.366872836835682e-05, 0.000198798967176117]"
hdsp,chunk_25_29,29,5,6,dct,"[""dct"", ""tv2""]","[-9.494194030761719, -9.540032386779785]","[0.00023159792181104422, 0.0003513475530780852]"
hdsp,chunk_25_29,29,5,7,dct,"[""dct"", ""tv2""]","[-9.330164909362793, -9.745270729064941]","[7.19581512385048e-05, 0.00030925057944841683]"
hdsp,chunk_25_29,29,5,8,dct,"[""dct"", ""tv2""]","[-9.443680763244629, -9.672082901000977]","[0.00016764971951488405, 0.00032069318694993854]"
hdsp,chunk_30_34,30,0,1,phys,"[""phys"", ""robust""]","[-9.762545585632324, -10.074742317199707]","[0.0003184327797498554, 0.0012264021206647158]"
hdsp,chunk_30_34,30,0,2,phys,"[""phys"", ""robust""]","[-9.817688941955566, -10.147356986999512]","[0.0002605811459943652, 0.001545881386846304]"
hdsp,chunk_30_34,30,0,3,phys,"[""phys"", ""robust""]","[-9.745101928710938, -10.135063171386719]","[0.00029991863993927836, 0.0008914149948395789]"
hdsp,chunk_30_34,30,0,4,phys,"[""phys"", ""robust""]","[-9.787484169006348, -10.26717758178711]","[0.00014093042409513146, 0.001062797848135233]"
hdsp,chunk_30_34,30,0,5,phys,"[""phys"", ""robust""]","[-9.773022651672363, -10.283650398254395]","[8.18280313978903e-05, 0.0009619941702112556]"
hdsp,chunk_30_34,30,0,6,phys,"[""phys"", ""robust""]","[-9.86513900756836, -10.405537605285645]","[0.0001293015229748562, 0.0008737056632526219]"
hdsp,chunk_30_34,30,0,7,phys,"[""phys"", ""robust""]","[-9.827279090881348, -10.257205963134766]","[5.386706834542565e-05, 0.0006661391817033291]"
hdsp,chunk_30_34,30,0,8,phys,"[""phys"", ""robust""]","[-10.064574241638184, -10.3843412399292]","[0.00013510044664144516, 0.0006026437040418386]"
hdsp,chunk_30_34,30,1,1,conv,"[""conv"", ""prox_tv""]","[-9.729008674621582, -10.253867149353027]","[0.00023232899548020214, 0.00026620537391863763]"
hdsp,chunk_30_34,30,1,2,conv,"[""conv"", ""prox_tv""]","[-9.706082344055176, -10.219977378845215]","[0.00025478217867203057, 0.00037076324224472046]"
hdsp,chunk_30_34,30,1,3,conv,"[""conv"", ""prox_tv""]","[-9.734402656555176, -10.143946647644043]","[0.00025321138673461974, 0.0002940943813882768]"
hdsp,chunk_30_34,30,1,4,conv,"[""conv"", ""prox_tv""]","[-9.657214164733887, -10.122300148010254]","[0.00019616971258074045, 0.00023102114209905267]"
hdsp,chunk_30_34,30,1,5,prox_tv,"[""conv"", ""prox_tv""]","[-9.918841361999512, -9.804652214050293]","[0.00013464428775478154, 0.00012764906568918377]"
hdsp,chunk_30_34,30,1,6,conv,"[""conv"", ""prox_tv""]","[-9.569222450256348, -10.106781959533691]","[0.00013159595255274326, 0.0001664682786213234]"
hdsp,chunk_30_34,30,1,7,conv,"[""conv"", ""prox_tv""]","[-9.814291954040527, -10.280088424682617]","[0.00020827101252507418, 0.00024817907251417637]"
hdsp,chunk_30_34,30,1,8,conv,"[""conv"", ""prox_tv""]","[-9.688505172729492, -10.437116622924805]","[0.00016559586219955236, 0.0007270279456861317]"
hdsp,chunk_30_34,30,2,1,conv_lowtv,"[""conv_lowtv"", ""wavelet"", ""inr""]","[-9.95124340057373, -10.66805362701416, -13.78673267364502]","[0.00016484697698615491, 0.0005827635759487748, 0.11538159102201462]"
hdsp,chunk_30_34,30,2,2,conv_lowtv,"[""conv_lowtv"", ""wavelet"", ""inr""]","[-9.918906211853027, -10.64431381225586, -14.070988655090332]","[0.0002921848790720105, 0.0005035695503465831, 0.109100341796875]"
hdsp,chunk_30_34,30,2,3,conv_lowtv,"[""conv_lowtv"", ""wavelet"", ""inr""]","[-9.947022438049316, -10.798314094543457, -14.620373725891113]","[0.0001133772821049206, 0.0006000397843308747, 0.1233028769493103]"
hdsp,chunk_30_34,30,2,4,conv_lowtv,"[""conv_lowtv"", ""wavelet"", ""inr""]","[-10.017334938049316, -10.9706449508667, -14.535541534423828]","[0.00014118922990746796, 0.000835868064314127, 0.11476714164018631]"
hdsp,chunk_30_34,30,2,5,conv_lowtv,"[""conv_lowtv"", ""wavelet"", ""inr""]","[-10.004764556884766, -10.89690113067627, -14.576191902160645]","[0.0001431508717359975, 0.0005759327905252576, 0.10968419909477234]"
hdsp,chunk_30_34,30,2,6,conv_lowtv,"[""conv_lowtv"", ""wavelet"", ""inr""]","[-10.066935539245605, -11.032662391662598, -14.790753364562988]","[0.00022430891112890095, 0.0006982818013057113, 0.11145142465829849]"
hdsp,chunk_30_34,30,2,7,conv_lowtv,"[""conv_lowtv"", ""wavelet"", ""inr""]","[-10.113269805908203, -11.301790237426758, -14.81207275390625]","[9.421192953595892e-05, 0.0005836441414430737, 0.10657362639904022]"
hdsp,chunk_30_34,30,2,8,conv_lowtv,"[""conv_lowtv"", ""wavelet"", ""inr""]","[-10.238482475280762, -11.260226249694824, -15.109261512756348]","[0.00014150625793263316, 0.0006173775182105601, 0.11733542382717133]"
hdsp,chunk_30_34,30,3,1,had,"[""dct"", ""had""]","[-10.254258155822754, -9.991602897644043]","[0.0002847419527824968, 0.00018057682609651238]"
hdsp,chunk_30_34,30,3,2,had,"[""dct"", ""had""]","[-10.18860149383545, -9.97950553894043]","[0.0003001897712238133, 0.0002634557895362377]"
hdsp,chunk_30_34,30,3,3,had,"[""dct"", ""had""]","[-10.064546585083008, -9.807052612304688]","[0.00036596402060240507, 0.00018861419812310487]"
hdsp,chunk_30_34,30,3,4,dct,"[""dct"", ""had""]","[-9.87992000579834, -10.388602256774902]","[0.00019207788864150643, 0.00032893617753870785]"
hdsp,chunk_30_34,30,3,5,had,"[""dct"", ""had""]","[-9.999484062194824, -9.87014102935791]","[0.00018659142369870096, 0.00010172714246436954]"
hdsp,chunk_30_34,30,3,6,dct,"[""dct"", ""had""]","[-9.854264259338379, -10.355856895446777]","[9.139886242337525e-05, 0.0001657915418036282]"
hdsp,chunk_30_34,30,3,7,dct,"[""dct"", ""had""]","[-9.787920951843262, -10.352686882019043]","[0.00014812710287515074, 0.00030278152553364635]"
hdsp,chunk_30_34,30,3,8,dct,"[""dct"", ""had""]","[-9.802948951721191, -10.309131622314453]","[0.00021436871611513197, 0.0002714456059038639]"
hdsp,chunk_30_34,30,4,1,huber,"[""tv2"", ""huber""]","[-10.030519485473633, -9.98987102508545]","[0.0004239669069647789, 0.00042058632243424654]"
hdsp,chunk_30_34,30,4,2,huber,"[""tv2"", ""huber""]","[-9.863862037658691, -9.78223705291748]","[0.0006268692668527365, 0.00038738339208066463]"
hdsp,chunk_30_34,30,4,3,huber,"[""tv2"", ""huber""]","[-9.801718711853027, -9.558866500854492]","[0.00029295228887349367, 0.0001489695132477209]"
hdsp,chunk_30_34,30,4,4,huber,"[""tv2"", ""huber""]","[-10.066823959350586, -9.92155647277832]","[0.0005575431860052049, 0.0003961558686569333]"
hdsp,chunk_30_34,30,4,5,huber,"[""tv2"", ""huber""]","[-9.943940162658691, -9.776442527770996]","[0.00038963794941082597, 0.00023585282906424254]"
hdsp,chunk_30_34,30,4,6,huber,"[""tv2"", ""huber""]","[-10.051403999328613, -9.754569053649902]","[0.0003200079081580043, 0.00019426389189902693]"
hdsp,chunk_30_34,30,4,7,tv2,"[""tv2"", ""huber""]","[-9.888472557067871, -10.322127342224121]","[0.0002788239507935941, 0.0003819007833953947]"
hdsp,chunk_30_34,30,4,8,tv2,"[""tv2"", ""huber""]","[-9.670329093933105, -10.347460746765137]","[0.00035515869967639446, 0.00035977025981992483]"
hdsp,chunk_30_34,30,5,1,tv2,"[""dct"", ""tv2""]","[-10.382552146911621, -9.763601303100586]","[0.0006470577209256589, 0.0005930523620918393]"
hdsp,chunk_30_34,30,5,2,tv2,"[""dct"", ""tv2""]","[-9.79906940460205, -9.763955116271973]","[0.0001963129616342485, 0.00024553306866437197]"
hdsp,chunk_30_34,30,5,3,tv2,"[""dct"", ""tv2""]","[-10.21127986907959, -9.416375160217285]","[0.0005807604175060987, 0.00027800389216281474]"
hdsp,chunk_30_34,30,5,4,dct,"[""dct"", ""tv2""]","[-9.749719619750977, -9.818707466125488]","[0.0001929604186443612, 0.0003083654446527362]"
hdsp,chunk_30_34,30,5,5,tv2,"[""dct"", ""tv2""]","[-9.715241432189941, -9.67327880859375]","[0.00016546910046599805, 0.00023342609347309917]"
hdsp,chunk_30_34,30,5,6,tv2,"[""dct"", ""tv2""]","[-9.903495788574219, -9.890475273132324]","[0.00013336390838958323, 0.0002759160997811705]"
hdsp,chunk_30_34,30,5,7,tv2,"[""dct"", ""tv2""]","[-9.939509391784668, -9.909043312072754]","[0.00019236346997786313, 0.00032813672441989183]"
hdsp,chunk_30_34,30,5,8,tv2,"[""dct"", ""tv2""]","[-9.926424980163574, -9.925150871276855]","[0.00016381620662286878, 0.00032987931626848876]"
hdsp,chunk_30_34,31,0,1,phys,"[""phys"", ""robust""]","[-10.095202445983887, -10.49208927154541]","[0.0001349213271168992, 0.004742224235087633]"
hdsp,chunk_30_34,31,0,2,phys,"[""phys"", ""robust""]","[-10.062729835510254, -10.152228355407715]","[0.00013398597366176546, 0.001841732650063932]"
hdsp,chunk_30_34,31,0,3,robust,"[""phys"", ""robust""]","[-10.289373397827148, -9.908905029296875]","[0.00012066397903254256, 0.0008354558958671987]"
hdsp,chunk_30_34,31,0,4,robust,"[""phys"", ""robust""]","[-10.732405662536621, -10.028417587280273]","[0.00022440965403802693, 0.00828027818351984]"
hdsp,chunk_30_34,31,0,5,robust,"[""phys"", ""robust""]","[-10.869002342224121, -10.058670997619629]","[0.00034516348387114704, 0.022014161571860313]"
hdsp,chunk_30_34,31,0,6,robust,"[""phys"", ""robust""]","[-11.16049861907959, -10.4319429397583]","[0.00040451809763908386, 0.047798365354537964]"
hdsp,chunk_30_34,31,0,7,robust,"[""phys"", ""robust""]","[-11.590787887573242, -10.232171058654785]","[0.0005246735527180135, 0.049466654658317566]"
hdsp,chunk_30_34,31,0,8,robust,"[""phys"", ""robust""]","[-11.765324592590332, -10.103050231933594]","[0.00031865230994299054, 0.05658300220966339]"
hdsp,chunk_30_34,31,1,1,prox_tv,"[""conv"", ""prox_tv""]","[-10.163922309875488, -9.984183311462402]","[0.00015909709327388555, 0.00011573769006645307]"
hdsp,chunk_30_34,31,1,2,conv,"[""conv"", ""prox_tv""]","[-10.068381309509277, -10.37724781036377]","[0.00012822207645513117, 0.00015149082173593342]"
hdsp,chunk_30_34,31,1,3,prox_tv,"[""conv"", ""prox_tv""]","[-10.443936347961426, -10.269183158874512]","[0.0001502755330875516, 0.00013321044389158487]"
hdsp,chunk_30_34,31,1,4,prox_tv,"[""conv"", ""prox_tv""]","[-10.152716636657715, -9.840950965881348]","[0.00014110482879914343, 0.00010108021524501964]"
hdsp,chunk_30_34,31,1,5,prox_tv,"[""conv"", ""prox_tv""]","[-10.544962882995605, -10.378776550292969]","[0.00017413852037861943, 0.000120799639262259]"
hdsp,chunk_30_34,31,1,6,prox_tv,"[""conv"", ""prox_tv""]","[-10.730658531188965, -10.607670783996582]","[0.00013952230801805854, 0.00013766094343736768]"
hdsp,chunk_30_34,31,1,7,conv,"[""conv"", ""prox_tv""]","[-9.855764389038086, -10.618348121643066]","[8.542889554519206e-05, 0.0001272093504667282]"
hdsp,chunk_30_34,31,1,8,prox_tv,"[""conv"", ""prox_tv""]","[-11.594463348388672, -10.324212074279785]","[0.00037697740481235087, 0.00011752330465242267]"
hdsp,chunk_30_34,31,2,1,conv_lowtv,"[""conv_lowtv"", ""wavelet"", ""inr""]","[-9.893189430236816, -11.02759838104248, -12.493205070495605]","[0.00010998288780683652, 0.00046686994028277695, 0.1779588907957077]"
hdsp,chunk_30_34,31,2,2,conv_lowtv,"[""conv_lowtv"", ""wavelet"", ""inr""]","[-9.253609657287598, -10.844866752624512, -12.250384330749512]","[7.591741450596601e-05, 0.0002903503191191703, 0.1698339432477951]"
hdsp,chunk_30_34,31,2,3,conv_lowtv,"[""conv_lowtv"", ""wavelet"", ""inr""]","[-9.970959663391113, -10.97227668762207, -12.446755409240723]","[0.00011742751667043194, 0.00030620102188549936, 0.17157945036888123]"
hdsp,chunk_30_34,31,2,4,conv_lowtv,"[""conv_lowtv"", ""wavelet"", ""inr""]","[-9.935721397399902, -10.636244773864746, -12.249578475952148]","[0.0001588581217220053, 0.00039531191578134894, 0.17546609044075012]"
hdsp,chunk_30_34,31,2,5,conv_lowtv,"[""conv_lowtv"", ""wavelet"", ""inr""]","[-9.582230567932129, -10.807184219360352, -12.37682056427002]","[9.10303569980897e-05, 0.0003363480791449547, 0.1798596829175949]"
hdsp,chunk_30_34,31,2,6,conv_lowtv,"[""conv_lowtv"", ""wavelet"", ""inr""]","[-10.06519603729248, -10.735882759094238, -12.328218460083008]","[0.00012201149365864694, 0.0003046027850359678, 0.17678064107894897]"
hdsp,chunk_30_34,31,2,7,conv_lowtv,"[""conv_lowtv"", ""wavelet"", ""inr""]","[-9.570270538330078, -10.605076789855957, -12.391103744506836]","[7.748728239675984e-05, 0.00031896994914859533, 0.16831915080547333]"
hdsp,chunk_30_34,31,2,8,conv_lowtv,"[""conv_lowtv"", ""wavelet"", ""inr""]","[-9.83233642578125, -10.621614456176758, -12.57194709777832]","[0.00015229839482344687, 0.000321730476571247, 0.17135462164878845]"
hdsp,chunk_30_34,31,3,1,dct,"[""dct"", ""had""]","[-10.226663589477539, -10.954596519470215]","[0.0001139742016675882, 0.0001746612397255376]"
hdsp,chunk_30_34,31,3,2,dct,"[""dct"", ""had""]","[-9.510627746582031, -10.718218803405762]","[0.00010375890997238457, 0.00016705399320926517]"
hdsp,chunk_30_34,31,3,3,dct,"[""dct"", ""had""]","[-9.645194053649902, -10.284762382507324]","[0.00012437638361006975, 0.00013495453458745033]"
hdsp,chunk_30_34,31,3,4,dct,"[""dct"", ""had""]","[-9.758580207824707, -10.429462432861328]","[0.00013093973393552005, 0.00016109888383653015]"
hdsp,chunk_30_34,31,3,5,had,"[""dct"", ""had""]","[-9.938912391662598, -9.674697875976562]","[0.00011106103920610622, 0.00010044620285043493]"
hdsp,chunk_30_34,31,3,6,had,"[""dct"", ""had""]","[-10.22124195098877, -10.087969779968262]","[0.0001623612770345062, 0.00016139433137141168]"
hdsp,chunk_30_34,31,3,7,had,"[""dct"", ""had""]","[-10.411191940307617, -10.080446243286133]","[0.00013685885642189533, 0.00012221701035741717]"
hdsp,chunk_30_34,31,3,8,dct,"[""dct"", ""had""]","[-9.932744026184082, -10.877650260925293]","[9.775923535926268e-05, 0.0002666688524186611]"
hdsp,chunk_30_34,31,4,1,huber,"[""tv2"", ""huber""]","[-10.517584800720215, -10.16072940826416]","[0.0006372413481585681, 0.00028099361225031316]"
hdsp,chunk_30_34,31,4,2,huber,"[""tv2"", ""huber""]","[-10.168344497680664, -9.587801933288574]","[0.0006528961821459234, 0.00021803620620630682]"
hdsp,chunk_30_34,31,4,3,huber,"[""tv2"", ""huber""]","[-10.078337669372559, -9.482268333435059]","[0.0004081841907463968, 0.00021606023074127734]"
hdsp,chunk_30_34,31,4,4,huber,"[""tv2"", ""huber""]","[-10.02672004699707, -9.866997718811035]","[0.0005207565263845026, 0.000247554067755118]"
hdsp,chunk_30_34,31,4,5,huber,"[""tv2"", ""huber""]","[-10.132699012756348, -9.76848316192627]","[0.0005075513035990298, 0.00024070880317594856]"
hdsp,chunk_30_34,31,4,6,tv2,"[""tv2"", ""huber""]","[-9.939488410949707, -10.02192211151123]","[0.00044238337432034314, 0.0003465810150373727]"
hdsp,chunk_30_34,31,4,7,huber,"[""tv2"", ""huber""]","[-10.406146049499512, -10.403529167175293]","[0.0006839632405899465, 0.00054853007895872]"
hdsp,chunk_30_34,31,4,8,huber,"[""tv2"", ""huber""]","[-10.1409330368042, -9.874829292297363]","[0.0005221806932240725, 0.0003038963186554611]"
hdsp,chunk_30_34,31,5,1,dct,"[""dct"", ""tv2""]","[-10.242573738098145, -10.388142585754395]","[0.0001371900289086625, 0.0005030904430896044]"
hdsp,chunk_30_34,31,5,2,dct,"[""dct"", ""tv2""]","[-9.443134307861328, -10.570841789245605]","[7.221175474114716e-05, 0.0006630096468143165]"
hdsp,chunk_30_34,31,5,3,dct,"[""dct"", ""tv2""]","[-9.355709075927734, -10.861830711364746]","[7.781569729559124e-05, 0.0007660143310204148]"
hdsp,chunk_30_34,31,5,4,dct,"[""dct"", ""tv2""]","[-9.446459770202637, -11.060502052307129]","[9.248988499166444e-05, 0.0013545355759561062]"
hdsp,chunk_30_34,31,5,5,dct,"[""dct"", ""tv2""]","[-9.737597465515137, -11.248551368713379]","[0.00011739987530745566, 0.0012953802943229675]"
hdsp,chunk_30_34,31,5,6,dct,"[""dct"", ""tv2""]","[-9.282095909118652, -11.5922212600708]","[6.770400068489835e-05, 0.0008162999292835593]"
hdsp,chunk_30_34,31,5,7,dct,"[""dct"", ""tv2""]","[-9.74898624420166, -11.518954277038574]","[0.00011213863763259724, 0.0010776732815429568]"
hdsp,chunk_30_34,31,5,8,dct,"[""dct"", ""tv2""]","[-9.451985359191895, -11.215209007263184]","[8.946952584665269e-05, 0.0011689037783071399]"
hdsp,chunk_30_34,32,0,1,robust,"[""phys"", ""robust""]","[-10.204610824584961, -10.14795207977295]","[0.00016460687038488686, 0.00037979023181833327]"
hdsp,chunk_30_34,32,0,2,phys,"[""phys"", ""robust""]","[-10.379243850708008, -10.411798477172852]","[0.00046509032836183906, 0.0030993465334177017]"
hdsp,chunk_30_34,32,0,3,phys,"[""phys"", ""robust""]","[-10.15690803527832, -10.350547790527344]","[0.00010235555964754894, 0.001992741134017706]"
hdsp,chunk_30_34,32,0,4,phys,"[""phys"", ""robust""]","[-9.974969863891602, -10.450299263000488]","[8.88802605913952e-05, 0.0011781537905335426]"
hdsp,chunk_30_34,32,0,5,phys,"[""phys"", ""robust""]","[-10.046628952026367, -10.489470481872559]","[0.0001181776387966238, 0.0018089681398123503]"
hdsp,chunk_30_34,32,0,6,phys,"[""phys"", ""robust""]","[-10.084837913513184, -10.53101634979248]","[9.825944289332256e-05, 0.0016902812058106065]"
hdsp,chunk_30_34,32,0,7,phys,"[""phys"", ""robust""]","[-9.884917259216309, -10.381064414978027]","[7.302705489564687e-05, 0.0009903277968987823]"
hdsp,chunk_30_34,32,0,8,phys,"[""phys"", ""robust""]","[-10.287346839904785, -10.474496841430664]","[0.00016752368537709117, 0.0009375034715048969]"
hdsp,chunk_30_34,32,1,1,prox_tv,"[""conv"", ""prox_tv""]","[-10.298810005187988, -10.113761901855469]","[0.00010591881436994299, 9.320580284111202e-05]"
hdsp,chunk_30_34,32,1,2,prox_tv,"[""conv"", ""prox_tv""]","[-10.615690231323242, -10.187514305114746]","[0.0003185908717568964, 0.0001237255783053115]"
hdsp,chunk_30_34,32,1,3,prox_tv,"[""conv"", ""prox_tv""]","[-10.447867393493652, -10.127285957336426]","[0.0001938273198902607, 0.0001309223152929917]"
hdsp,chunk_30_34,32,1,4,conv,"[""conv"", ""prox_tv""]","[-9.688920021057129, -10.298316955566406]","[7.606644794577733e-05, 8.020952373044565e-05]"
hdsp,chunk_30_34,32,1,5,conv,"[""conv"", ""prox_tv""]","[-9.998619079589844, -10.567638397216797]","[0.00011102367716375738, 0.0001369852980133146]"
hdsp,chunk_30_34,32,1,6,prox_tv,"[""conv"", ""prox_tv""]","[-10.48965072631836, -10.268274307250977]","[0.000168666330864653, 0.00012489521759562194]"
hdsp,chunk_30_34,32,1,7,prox_tv,"[""conv"", ""prox_tv""]","[-10.395525932312012, -9.958395957946777]","[0.000143257318995893, 6.617594772251323e-05]"
hdsp,chunk_30_34,32,1,8,prox_tv,"[""conv"", ""prox_tv""]","[-10.441601753234863, -10.08853530883789]","[0.00012172488641226664, 7.273573282873258e-05]"
hdsp,chunk_30_34,32,2,1,conv_lowtv,"[""conv_lowtv"", ""wavelet"", ""inr""]","[-10.186015129089355, -10.887502670288086, -12.509490013122559]","[0.0001383091148454696, 0.0006271977326832712, 0.10932823270559311]"
hdsp,chunk_30_34,32,2,2,conv_lowtv,"[""conv_lowtv"", ""wavelet"", ""inr""]","[-10.044979095458984, -11.172931671142578, -13.05990982055664]","[0.00017897596990223974, 0.0005610950174741447, 0.11180655658245087]"
hdsp,chunk_30_34,32,2,3,conv_lowtv,"[""conv_lowtv"", ""wavelet"", ""inr""]","[-9.789152145385742, -11.099017143249512, -13.020872116088867]","[7.312045636354014e-05, 0.0007725172326900065, 0.10769088566303253]"
hdsp,chunk_30_34,32,2,4,conv_lowtv,"[""conv_lowtv"", ""wavelet"", ""inr""]","[-10.112977027893066, -11.150778770446777, -13.077421188354492]","[0.00011892137990798801, 0.0007842074264772236, 0.11025265604257584]"
hdsp,chunk_30_34,32,2,5,conv_lowtv,"[""conv_lowtv"", ""wavelet"", ""inr""]","[-10.0272798538208, -11.089669227600098, -13.214452743530273]","[0.00012057837739121169, 0.0006894369143992662, 0.11241690069437027]"
hdsp,chunk_30_34,32,2,6,conv_lowtv,"[""conv_lowtv"", ""wavelet"", ""inr""]","[-10.076080322265625, -11.072107315063477, -13.395066261291504]","[0.00010286348697263747, 0.000840171065647155, 0.11361730843782425]"
hdsp,chunk_30_34,32,2,7,conv_lowtv,"[""conv_lowtv"", ""wavelet"", ""inr""]","[-10.008423805236816, -11.13908863067627, -13.437935829162598]","[7.210923649836332e-05, 0.0008126237080432475, 0.10880188643932343]"
hdsp,chunk_30_34,32,2,8,conv_lowtv,"[""conv_lowtv"", ""wavelet"", ""inr""]","[-10.175497055053711, -11.550618171691895, -13.802056312561035]","[0.00010004825162468478, 0.0011652642861008644, 0.11348112672567368]"
hdsp,chunk_30_34,32,3,1,dct,"[""dct"", ""had""]","[-10.07422161102295, -10.827641487121582]","[0.0001452295109629631, 0.00026163371512666345]"
hdsp,chunk_30_34,32,3,2,had,"[""dct"", ""had""]","[-10.112404823303223, -9.980814933776855]","[0.00011026309948647395, 9.467968629905954e-05]"
hdsp,chunk_30_34,32,3,3,had,"[""dct"", ""had""]","[-10.54296588897705, -10.118023872375488]","[0.00015319805243052542, 9.43927007028833e-05]"
hdsp,chunk_30_34,32,3,4,had,"[""dct"", ""had""]","[-10.5765962600708, -10.162569046020508]","[0.00019085180247202516, 0.000111262736027129]"
hdsp,chunk_30_34,32,3,5,had,"[""dct"", ""had""]","[-10.37332820892334, -10.184185981750488]","[0.00010822874901350588, 0.00010448256944073364]"
hdsp,chunk_30_34,32,3,6,had,"[""dct"", ""had""]","[-10.746428489685059, -10.591246604919434]","[0.0001950613659573719, 0.00016516145842615515]"
hdsp,chunk_30_34,32,3,7,had,"[""dct"", ""had""]","[-10.350826263427734, -10.00898265838623]","[8.650420932099223e-05, 8.641142630949616e-05]"
hdsp,chunk_30_34,32,3,8,had,"[""dct"", ""had""]","[-10.703885078430176, -10.156489372253418]","[0.00016678859537933022, 8.059902756940573e-05]"
hdsp,chunk_30_34,32,4,1,huber,"[""tv2"", ""huber""]","[-10.27797794342041, -10.117773056030273]","[0.0006284425617195666, 0.00025454716524109244]"
hdsp,chunk_30_34,32,4,2,tv2,"[""tv2"", ""huber""]","[-10.139143943786621, -10.142401695251465]","[0.000612376257777214, 0.0003907929640263319]"
hdsp,chunk_30_34,32,4,3,tv2,"[""tv2"", ""huber""]","[-9.932130813598633, -10.07213306427002]","[0.00042530836071819067, 0.0002662487095221877]"
hdsp,chunk_30_34,32,4,4,tv2,"[""tv2"", ""huber""]","[-9.866471290588379, -10.130901336669922]","[0.000563389272429049, 0.000251226854743436]"
hdsp,chunk_30_34,32,4,5,tv2,"[""tv2"", ""huber""]","[-9.426192283630371, -10.541289329528809]","[0.0004806933575309813, 0.0005128878983668983]"
hdsp,chunk_30_34,32,4,6,tv2,"[""tv2"", ""huber""]","[-10.043244361877441, -10.245065689086914]","[0.0005166621413081884, 0.0002959560079034418]"
hdsp,chunk_30_34,32,4,7,tv2,"[""tv2"", ""huber""]","[-10.062607765197754, -10.185534477233887]","[0.0006809746264480054, 0.0002797592314891517]"
hdsp,chunk_30_34,32,4,8,tv2,"[""tv2"", ""huber""]","[-10.222699165344238, -10.249241828918457]","[0.0006773549830541015, 0.00028493814170360565]"
hdsp,chunk_30_34,32,5,1,dct,"[""dct"", ""tv2""]","[-10.147843360900879, -10.202507019042969]","[0.00013200464309193194, 0.0004969841102138162]"
hdsp,chunk_30_34,32,5,2,dct,"[""dct"", ""tv2""]","[-9.755476951599121, -9.97535514831543]","[8.483490819344297e-05, 0.0004982007667422295]"
hdsp,chunk_30_34,32,5,3,dct,"[""dct"", ""tv2""]","[-10.151983261108398, -10.215813636779785]","[0.0001634478976484388, 0.0004606425645761192]"
hdsp,chunk_30_34,32,5,4,dct,"[""dct"", ""tv2""]","[-9.940403938293457, -10.280326843261719]","[0.00010954707977361977, 0.0005559394485317171]"
hdsp,chunk_30_34,32,5,5,dct,"[""dct"", ""tv2""]","[-9.810346603393555, -10.273112297058105]","[8.735097071621567e-05, 0.0005646573263220489]"
hdsp,chunk_30_34,32,5,6,dct,"[""dct"", ""tv2""]","[-9.84982681274414, -10.377928733825684]","[6.848083285149187e-05, 0.0005188631475903094]"
hdsp,chunk_30_34,32,5,7,dct,"[""dct"", ""tv2""]","[-10.180047035217285, -10.41251277923584]","[0.00015017230180092156, 0.0005795601173304021]"
hdsp,chunk_30_34,32,5,8,dct,"[""dct"", ""tv2""]","[-10.270670890808105, -10.732009887695312]","[0.00018071357044391334, 0.0008680010796524584]"
hdsp,chunk_30_34,33,0,1,phys,"[""phys"", ""robust""]","[-12.145576477050781, -12.363369941711426]","[0.0001890188141260296, 0.0016494786832481623]"
hdsp,chunk_30_34,33,0,2,phys,"[""phys"", ""robust""]","[-12.005319595336914, -12.118243217468262]","[0.00018588347302284092, 0.003906804136931896]"
hdsp,chunk_30_34,33,0,3,robust,"[""phys"", ""robust""]","[-12.155240058898926, -12.075578689575195]","[0.00023561537091154605, 0.0028910047840327024]"
hdsp,chunk_30_34,33,0,4,phys,"[""phys"", ""robust""]","[-11.977309226989746, -11.987994194030762]","[0.00046871890663169324, 0.003574275877326727]"
hdsp,chunk_30_34,33,0,5,phys,"[""phys"", ""robust""]","[-11.618208885192871, -12.081355094909668]","[0.00022155937040224671, 0.0042136190459132195]"
hdsp,chunk_30_34,33,0,6,phys,"[""phys"", ""robust""]","[-11.884621620178223, -11.887070655822754]","[0.0004620022664312273, 0.002332769799977541]"
hdsp,chunk_30_34,33,0,7,phys,"[""phys"", ""robust""]","[-11.937750816345215, -12.621380805969238]","[0.00022480198822449893, 0.003468046896159649]"
hdsp,chunk_30_34,33,0,8,phys,"[""phys"", ""robust""]","[-12.147431373596191, -12.469782829284668]","[0.0001830890541896224, 0.0022867307998239994]"
hdsp,chunk_30_34,33,1,1,prox_tv,"[""conv"", ""prox_tv""]","[-12.510838508605957, -11.837655067443848]","[0.0002039863757090643, 0.00018396716041024774]"
hdsp,chunk_30_34,33,1,2,conv,"[""conv"", ""prox_tv""]","[-12.19956111907959, -12.454068183898926]","[0.00028964076773263514, 0.00018362197442911565]"
hdsp,chunk_30_34,33,1,3,conv,"[""conv"", ""prox_tv""]","[-11.766400337219238, -12.363258361816406]","[0.00014009900041855872, 0.0002217776927864179]"
hdsp,chunk_30_34,33,1,4,prox_tv,"[""conv"", ""prox_tv""]","[-12.019644737243652, -11.593817710876465]","[0.00039070716593414545, 0.00016032428538892418]"
hdsp,chunk_30_34,33,1,5,prox_tv,"[""conv"", ""prox_tv""]","[-11.924717903137207, -11.753500938415527]","[0.0002720693009905517, 0.00019997425260953605]"
hdsp,chunk_30_34,33,1,6,prox_tv,"[""conv"", ""prox_tv""]","[-12.57225227355957, -12.199943542480469]","[0.0005528688780032098, 0.000248700991505757]"
hdsp,chunk_30_34,33,1,7,prox_tv,"[""conv"", ""prox_tv""]","[-12.14559268951416, -11.959019660949707]","[0.0007789226365275681, 0.00022773734235670418]"
hdsp,chunk_30_34,33,1,8,prox_tv,"[""conv"", ""prox_tv""]","[-12.373244285583496, -12.086298942565918]","[0.00029471071320585907, 0.00026182556757703424]"
hdsp,chunk_30_34,33,2,1,conv_lowtv,"[""conv_lowtv"", ""wavelet"", ""inr""]","[-12.853093147277832, -13.853983879089355, -18.0760498046875]","[0.00034057823359034956, 0.0006647504633292556, 0.3820313513278961]"
hdsp,chunk_30_34,33,2,2,conv_lowtv,"[""conv_lowtv"", ""wavelet"", ""inr""]","[-12.962862014770508, -13.758749008178711, -19.71884536743164]","[0.00019458457245491445, 0.00036348344292491674, 0.3351335823535919]"
hdsp,chunk_30_34,33,2,3,conv_lowtv,"[""conv_lowtv"", ""wavelet"", ""inr""]","[-12.735508918762207, -13.416447639465332, -19.987804412841797]","[0.00015134745626710355, 0.0007679827976971865, 0.3053598999977112]"
hdsp,chunk_30_34,33,2,4,conv_lowtv,"[""conv_lowtv"", ""wavelet"", ""inr""]","[-12.734953880310059, -13.338013648986816, -19.992290496826172]","[0.00014212139649316669, 0.0010826023062691092, 0.3038463890552521]"
hdsp,chunk_30_34,33,2,5,conv_lowtv,"[""conv_lowtv"", ""wavelet"", ""inr""]","[-12.610474586486816, -13.331219673156738, -20.267148971557617]","[0.0002496122324373573, 0.0006338967359624803, 0.29437771439552307]"
hdsp,chunk_30_34,33,2,6,conv_lowtv,"[""conv_lowtv"", ""wavelet"", ""inr""]","[-12.127829551696777, -13.367457389831543, -20.046293258666992]","[0.0001571665343362838, 0.0005772008444182575, 0.3190680146217346]"
hdsp,chunk_30_34,33,2,7,conv_lowtv,"[""conv_lowtv"", ""wavelet"", ""inr""]","[-13.215520858764648, -14.733057975769043, -20.646677017211914]","[0.0002459350216668099, 0.0031349980272352695, 0.30128347873687744]"
hdsp,chunk_30_34,33,2,8,wavelet,"[""conv_lowtv"", ""wavelet"", ""inr""]","[-13.49427318572998, -13.488152503967285, -20.566539764404297]","[0.0003061689785681665, 0.0006002248264849186, 0.3139606714248657]"
hdsp,chunk_30_34,33,3,1,dct,"[""dct"", ""had""]","[-12.395467758178711, -12.960447311401367]","[0.00020070603932254016, 0.00039422159898094833]"
hdsp,chunk_30_34,33,3,2,dct,"[""dct"", ""had""]","[-11.828192710876465, -12.288919448852539]","[0.00021844178263563663, 0.0003002106968779117]"
hdsp,chunk_30_34,33,3,3,dct,"[""dct"", ""had""]","[-11.52863883972168, -12.178235054016113]","[0.00017986090097110718, 0.00028412925894372165]"
hdsp,chunk_30_34,33,3,4,had,"[""dct"", ""had""]","[-12.118086814880371, -11.873116493225098]","[0.00037053809501230717, 0.0001353409606963396]"
hdsp,chunk_30_34,33,3,5,had,"[""dct"", ""had""]","[-12.682572364807129, -12.344573974609375]","[0.00022070844715926796, 0.00018259562784805894]"
hdsp,chunk_30_34,33,3,6,dct,"[""dct"", ""had""]","[-12.350831031799316, -12.366801261901855]","[0.000309405499137938, 0.00021935164113529027]"
hdsp,chunk_30_34,33,3,7,dct,"[""dct"", ""had""]","[-11.752511024475098, -12.137295722961426]","[0.00022855910356156528, 0.0002880512911360711]"
hdsp,chunk_30_34,33,3,8,had,"[""dct"", ""had""]","[-12.415532112121582, -12.129231452941895]","[0.0006190385902300477, 0.00019668061577249318]"
hdsp,chunk_30_34,33,4,1,tv2,"[""tv2"", ""huber""]","[-12.28867244720459, -12.556107521057129]","[0.0004615191137418151, 0.00026811318821273744]"
hdsp,chunk_30_34,33,4,2,tv2,"[""tv2"", ""huber""]","[-11.687859535217285, -11.996966361999512]","[0.0004943570820614696, 0.00034420302836224437]"
hdsp,chunk_30_34,33,4,3,tv2,"[""tv2"", ""huber""]","[-12.122681617736816, -13.01262378692627]","[0.000368063134374097, 0.0007575578638352454]"
hdsp,chunk_30_34,33,4,4,tv2,"[""tv2"", ""huber""]","[-12.334198951721191, -12.97599983215332]","[0.0021883617155253887, 0.0006197636248543859]"
hdsp,chunk_30_34,33,4,5,huber,"[""tv2"", ""huber""]","[-12.27428913116455, -12.108508110046387]","[0.0005654709530062973, 0.0003127488889731467]"
hdsp,chunk_30_34,33,4,6,tv2,"[""tv2"", ""huber""]","[-11.57729721069336, -13.474381446838379]","[0.0007582092075608671, 0.0016198051162064075]"
hdsp,chunk_30_34,33,4,7,tv2,"[""tv2"", ""huber""]","[-11.716649055480957, -13.69089412689209]","[0.0013536219485104084, 0.0035497252829372883]"
hdsp,chunk_30_34,33,4,8,tv2,"[""tv2"", ""huber""]","[-11.602688789367676, -12.203640937805176]","[0.0005343008670024574, 0.000631222443189472]"
hdsp,chunk_30_34,33,5,1,dct,"[""dct"", ""tv2""]","[-12.189329147338867, -12.249238967895508]","[0.00020682180183939636, 0.0004098243953194469]"
hdsp,chunk_30_34,33,5,2,tv2,"[""dct"", ""tv2""]","[-12.313977241516113, -11.389445304870605]","[0.0002789485442917794, 0.00019300839630886912]"
hdsp,chunk_30_34,33,5,3,tv2,"[""dct"", ""tv2""]","[-11.826709747314453, -11.788249015808105]","[0.00024758241488598287, 0.0006773051572963595]"
hdsp,chunk_30_34,33,5,4,dct,"[""dct"", ""tv2""]","[-12.160138130187988, -12.17153263092041]","[0.000194088788703084, 0.0005213399999774992]"
hdsp,chunk_30_34,33,5,5,dct,"[""dct"", ""tv2""]","[-11.695098876953125, -12.063359260559082]","[0.0001825703657232225, 0.0007277580443769693]"
hdsp,chunk_30_34,33,5,6,dct,"[""dct"", ""tv2""]","[-12.401566505432129, -13.937373161315918]","[0.00022423856717068702, 0.0016327346675097942]"
hdsp,chunk_30_34,33,5,7,tv2,"[""dct"", ""tv2""]","[-12.406454086303711, -12.145649909973145]","[0.0003196281613782048, 0.001257237046957016]"
hdsp,chunk_30_34,33,5,8,tv2,"[""dct"", ""tv2""]","[-13.642447471618652, -13.552669525146484]","[0.0010272113140672445, 0.0015182471834123135]"
hdsp,chunk_30_34,34,0,1,phys,"[""phys"", ""robust""]","[-11.345044136047363, -11.367026329040527]","[0.0003135801525786519, 0.020769905298948288]"
hdsp,chunk_30_34,34,0,2,phys,"[""phys"", ""robust""]","[-11.424619674682617, -11.548487663269043]","[0.0006743894191458821, 0.00827828049659729]"
hdsp,chunk_30_34,34,0,3,phys,"[""phys"", ""robust""]","[-11.057669639587402, -11.673892974853516]","[0.0004094972100574523, 0.016258902847766876]"
hdsp,chunk_30_34,34,0,4,phys,"[""phys"", ""robust""]","[-11.636431694030762, -11.755511283874512]","[0.000498053093906492, 0.006745635066181421]"
hdsp,chunk_30_34,34,0,5,phys,"[""phys"", ""robust""]","[-12.235112190246582, -12.394312858581543]","[0.001477368175983429, 0.007122267037630081]"
hdsp,chunk_30_34,34,0,6,phys,"[""phys"", ""robust""]","[-12.302591323852539, -12.45168685913086]","[0.0011274343123659492, 0.008469849824905396]"
hdsp,chunk_30_34,34,0,7,phys,"[""phys"", ""robust""]","[-11.71228313446045, -12.009678840637207]","[0.0003282392572145909, 0.006055168807506561]"
hdsp,chunk_30_34,34,0,8,phys,"[""phys"", ""robust""]","[-12.156888008117676, -12.655653953552246]","[0.00032293584081344306, 0.011550790630280972]"
hdsp,chunk_30_34,34,1,1,prox_tv,"[""conv"", ""prox_tv""]","[-11.737540245056152, -11.453692436218262]","[0.0006662451196461916, 0.0006568021490238607]"
hdsp,chunk_30_34,34,1,2,conv,"[""conv"", ""prox_tv""]","[-11.203893661499023, -11.790209770202637]","[0.0004166465369053185, 0.0005649896920658648]"
hdsp,chunk_30_34,34,1,3,prox_tv,"[""conv"", ""prox_tv""]","[-12.300423622131348, -12.104165077209473]","[0.000824709131848067, 0.00042504945304244757]"
hdsp,chunk_30_34,34,1,4,prox_tv,"[""conv"", ""prox_tv""]","[-13.372647285461426, -12.794342041015625]","[0.0019011732656508684, 0.0005960028502158821]"
hdsp,chunk_30_34,34,1,5,conv,"[""conv"", ""prox_tv""]","[-13.001158714294434, -13.0661039352417]","[0.001124842558056116, 0.0005858257063664496]"
hdsp,chunk_30_34,34,1,6,conv,"[""conv"", ""prox_tv""]","[-12.349322319030762, -13.148179054260254]","[0.0005894523346796632, 0.0026663094758987427]"
hdsp,chunk_30_34,34,1,7,conv,"[""conv"", ""prox_tv""]","[-12.422008514404297, -13.021646499633789]","[0.0005266739171929657, 0.0009244785760529339]"
hdsp,chunk_30_34,34,1,8,prox_tv,"[""conv"", ""prox_tv""]","[-12.62347412109375, -12.425938606262207]","[0.000907372625079006, 0.0005371475708670914]"
hdsp,chunk_30_34,34,2,1,conv_lowtv,"[""conv_lowtv"", ""wavelet"", ""inr""]","[-11.393338203430176, -12.278526306152344, -15.218545913696289]","[0.0007513295277021825, 0.0010957904160022736, 0.4682285189628601]"
hdsp,chunk_30_34,34,2,2,conv_lowtv,"[""conv_lowtv"", ""wavelet"", ""inr""]","[-12.559297561645508, -13.820273399353027, -17.18941307067871]","[0.0007608350715599954, 0.001699064509011805, 0.5329740047454834]"
hdsp,chunk_30_34,34,2,3,conv_lowtv,"[""conv_lowtv"", ""wavelet"", ""inr""]","[-12.72554874420166, -13.543460845947266, -18.29875946044922]","[0.0005936826346442103, 0.001020708354189992, 0.5855574607849121]"
hdsp,chunk_30_34,34,2,4,conv_lowtv,"[""conv_lowtv"", ""wavelet"", ""inr""]","[-13.152167320251465, -13.784050941467285, -19.208724975585938]","[0.0007499276543967426, 0.0016328124329447746, 0.5390371084213257]"
hdsp,chunk_30_34,34,2,5,conv_lowtv,"[""conv_lowtv"", ""wavelet"", ""inr""]","[-13.31080436706543, -14.054057121276855, -19.900453567504883]","[0.00042848181328736246, 0.0016983568202704191, 0.5917181372642517]"
hdsp,chunk_30_34,34,2,6,conv_lowtv,"[""conv_lowtv"", ""wavelet"", ""inr""]","[-13.438677787780762, -14.280089378356934, -20.302001953125]","[0.0003010741784237325, 0.0015246809925884008, 0.5347744822502136]"
hdsp,chunk_30_34,34,2,7,conv_lowtv,"[""conv_lowtv"", ""wavelet"", ""inr""]","[-13.897570610046387, -14.619604110717773, -20.85428237915039]","[0.0003724729467649013, 0.001700582099147141, 0.547073483467102]"
hdsp,chunk_30_34,34,2,8,wavelet,"[""conv_lowtv"", ""wavelet"", ""inr""]","[-15.748290061950684, -15.227237701416016, -21.75497055053711]","[0.0008721785270608962, 0.002194144995883107, 0.639019250869751]"
hdsp,chunk_30_34,34,3,1,had,"[""dct"", ""had""]","[-12.049609184265137, -11.54163646697998]","[0.0010833258274942636, 0.0004833575221709907]"
hdsp,chunk_30_34,34,3,2,had,"[""dct"", ""had""]","[-11.97116470336914, -11.806492805480957]","[0.0010735067771747708, 0.0008976997341960669]"
hdsp,chunk_30_34,34,3,3,had,"[""dct"", ""had""]","[-12.530924797058105, -12.331822395324707]","[0.0009212795994244516, 0.00044515475747175515]"
hdsp,chunk_30_34,34,3,4,had,"[""dct"", ""had""]","[-14.56274700164795, -13.26879596710205]","[0.0018944893963634968, 0.00043872164678759873]"
hdsp,chunk_30_34,34,3,5,had,"[""dct"", ""had""]","[-15.124690055847168, -13.85916805267334]","[0.002081276848912239, 0.0005611092201434076]"
hdsp,chunk_30_34,34,3,6,had,"[""dct"", ""had""]","[-13.301630020141602, -13.123759269714355]","[0.0005339798517525196, 0.000512933183927089]"
hdsp,chunk_30_34,34,3,7,dct,"[""dct"", ""had""]","[-13.197026252746582, -13.750182151794434]","[0.00048493038048036397, 0.0009428493794985116]"
hdsp,chunk_30_34,34,3,8,dct,"[""dct"", ""had""]","[-13.753334999084473, -14.616211891174316]","[0.0012226413236930966, 0.001660691574215889]"
hdsp,chunk_30_34,34,4,1,huber,"[""tv2"", ""huber""]","[-11.801583290100098, -11.20517635345459]","[0.0013028514804318547, 0.0008414022158831358]"
hdsp,chunk_30_34,34,4,2,tv2,"[""tv2"", ""huber""]","[-11.67114543914795, -11.79173469543457]","[0.0015476996777579188, 0.001537335105240345]"
hdsp,chunk_30_34,34,4,3,tv2,"[""tv2"", ""huber""]","[-12.291268348693848, -13.047369956970215]","[0.0021903933957219124, 0.003214901313185692]"
hdsp,chunk_30_34,34,4,4,tv2,"[""tv2"", ""huber""]","[-12.627608299255371, -13.81882381439209]","[0.0009628618136048317, 0.0025932046119123697]"
hdsp,chunk_30_34,34,4,5,huber,"[""tv2"", ""huber""]","[-13.306492805480957, -13.089323997497559]","[0.003615482011809945, 0.001197143690660596]"
hdsp,chunk_30_34,34,4,6,tv2,"[""tv2"", ""huber""]","[-12.330787658691406, -13.217886924743652]","[0.0009471333469264209, 0.001528657623566687]"
hdsp,chunk_30_34,34,4,7,tv2,"[""tv2"", ""huber""]","[-12.696789741516113, -12.914010047912598]","[0.0011720254551619291, 0.0009903479367494583]"
hdsp,chunk_30_34,34,4,8,tv2,"[""tv2"", ""huber""]","[-12.819855690002441, -13.485013008117676]","[0.0036577468272298574, 0.002153078792616725]"
hdsp,chunk_30_34,34,5,1,dct,"[""dct"", ""tv2""]","[-11.110353469848633, -11.653240203857422]","[0.0004476130416151136, 0.0012281822273507714]"
hdsp,chunk_30_34,34,5,2,dct,"[""dct"", ""tv2""]","[-11.546357154846191, -11.567980766296387]","[0.0008285767980851233, 0.0020912473555654287]"
hdsp,chunk_30_34,34,5,3,dct,"[""dct"", ""tv2""]","[-12.7645263671875, -13.382153511047363]","[0.0034047216176986694, 0.004235612228512764]"
hdsp,chunk_30_34,34,5,4,tv2,"[""dct"", ""tv2""]","[-13.6170015335083, -12.288443565368652]","[0.003427739255130291, 0.0014346081297844648]"
hdsp,chunk_30_34,34,5,5,tv2,"[""dct"", ""tv2""]","[-12.855947494506836, -12.712407112121582]","[0.0007269969792105258, 0.002802108181640506]"
hdsp,chunk_30_34,34,5,6,dct,"[""dct"", ""tv2""]","[-12.337162971496582, -13.40181827545166]","[0.00045062447316013277, 0.0035690644290298223]"
hdsp,chunk_30_34,34,5,7,dct,"[""dct"", ""tv2""]","[-12.35405445098877, -12.416827201843262]","[0.0004989983281120658, 0.0012909532524645329]"
hdsp,chunk_30_34,34,5,8,tv2,"[""dct"", ""tv2""]","[-12.197991371154785, -12.057036399841309]","[0.0006317688385024667, 0.0016032776329666376]"
hdsp,chunk_35_39,35,0,1,robust,"[""phys"", ""robust""]","[-11.919096946716309, -11.163766860961914]","[0.0008779296767897904, 0.002980729565024376]"
hdsp,chunk_35_39,35,0,2,phys,"[""phys"", ""robust""]","[-11.553199768066406, -11.572396278381348]","[0.0012768562883138657, 0.007265328895300627]"
hdsp,chunk_35_39,35,0,3,phys,"[""phys"", ""robust""]","[-12.029902458190918, -12.69385814666748]","[0.002036060206592083, 0.0282870102673769]"
hdsp,chunk_35_39,35,0,4,phys,"[""phys"", ""robust""]","[-12.210166931152344, -12.850369453430176]","[0.0012022167211398482, 0.010497459210455418]"
hdsp,chunk_35_39,35,0,5,robust,"[""phys"", ""robust""]","[-12.642149925231934, -12.162875175476074]","[0.005801175255328417, 0.004794606938958168]"
hdsp,chunk_35_39,35,0,6,phys,"[""phys"", ""robust""]","[-12.172598838806152, -12.38320255279541]","[0.0014198992867022753, 0.007836139760911465]"
hdsp,chunk_35_39,35,0,7,phys,"[""phys"", ""robust""]","[-12.59131908416748, -13.084789276123047]","[0.0014550401829183102, 0.008701448328793049]"
hdsp,chunk_35_39,35,0,8,phys,"[""phys"", ""robust""]","[-12.952826499938965, -15.461252212524414]","[0.0011733458377420902, 0.06610982120037079]"
hdsp,chunk_35_39,35,1,1,prox_tv,"[""conv"", ""prox_tv""]","[-12.074706077575684, -11.716296195983887]","[0.001099890097975731, 0.001069780788384378]"
hdsp,chunk_35_39,35,1,2,prox_tv,"[""conv"", ""prox_tv""]","[-11.648246765136719, -11.551678657531738]","[0.000542016583494842, 0.0004464710655156523]"
hdsp,chunk_35_39,35,1,3,conv,"[""conv"", ""prox_tv""]","[-11.96494197845459, -12.583282470703125]","[0.0005186285707168281, 0.000891059753485024]"
hdsp,chunk_35_39,35,1,4,conv,"[""conv"", ""prox_tv""]","[-11.85793399810791, -12.182011604309082]","[0.00038557793595828116, 0.0005601741722784936]"
hdsp,chunk_35_39,35,1,5,conv,"[""conv"", ""prox_tv""]","[-12.533849716186523, -13.730340957641602]","[0.0013802209869027138, 0.004530714359134436]"
hdsp,chunk_35_39,35,1,6,prox_tv,"[""conv"", ""prox_tv""]","[-12.9858980178833, -12.507407188415527]","[0.00362570071592927, 0.0010080960346385837]"
hdsp,chunk_35_39,35,1,7,conv,"[""conv"", ""prox_tv""]","[-12.394822120666504, -12.828076362609863]","[0.001188901485875249, 0.0012316381325945258]"
hdsp,chunk_35_39,35,1,8,conv,"[""conv"", ""prox_tv""]","[-12.565461158752441, -12.89660930633545]","[0.0010887208627536893, 0.0012312260223552585]"
hdsp,chunk_35_39,35,2,1,conv_lowtv,"[""conv_lowtv"", ""wavelet"", ""inr""]","[-11.509329795837402, -12.505779266357422, -15.732948303222656]","[0.0004757384886033833, 0.0016350686782971025, 0.5154390335083008]"
hdsp,chunk_35_39,35,2,2,conv_lowtv,"[""conv_lowtv"", ""wavelet"", ""inr""]","[-11.73794174194336, -12.989320755004883, -15.404646873474121]","[0.0008365733665414155, 0.0016524234088137746, 0.473653644323349]"
hdsp,chunk_35_39,35,2,3,conv_lowtv,"[""conv_lowtv"", ""wavelet"", ""inr""]","[-11.386728286743164, -12.639640808105469, -15.933632850646973]","[0.00033924696617759764, 0.001969454810023308, 0.496674507856369]"
hdsp,chunk_35_39,35,2,4,conv_lowtv,"[""conv_lowtv"", ""wavelet"", ""inr""]","[-11.511675834655762, -12.667418479919434, -16.12699317932129]","[0.00029033864848315716, 0.0019441184122115374, 0.531208872795105]"
hdsp,chunk_35_39,35,2,5,conv_lowtv,"[""conv_lowtv"", ""wavelet"", ""inr""]","[-11.42377758026123, -12.663878440856934, -15.21815013885498]","[0.00046408630441874266, 0.0025022251065820456, 0.0337737500667572]"
hdsp,chunk_35_39,35,2,6,conv_lowtv,"[""conv_lowtv"", ""wavelet"", ""inr""]","[-12.598211288452148, -13.52892017364502, -17.824111938476562]","[0.0008965795859694481, 0.0023340554907917976, 0.5156693458557129]"
hdsp,chunk_35_39,35,2,7,conv_lowtv,"[""conv_lowtv"", ""wavelet"", ""inr""]","[-12.592026710510254, -13.446654319763184, -17.685028076171875]","[0.0005553060327656567, 0.0025405569467693567, 0.4610459804534912]"
hdsp,chunk_35_39,35,2,8,conv_lowtv,"[""conv_lowtv"", ""wavelet"", ""inr""]","[-13.058218955993652, -13.937554359436035, -18.940963745117188]","[0.001540791941806674, 0.001998690189793706, 0.5667504668235779]"
hdsp,chunk_35_39,35,3,1,had,"[""dct"", ""had""]","[-12.04487419128418, -11.805657386779785]","[0.0008253799169324338, 0.0005519955302588642]"
hdsp,chunk_35_39,35,3,2,had,"[""dct"", ""had""]","[-11.383098602294922, -11.280747413635254]","[0.0008055599755607545, 0.0005512753850780427]"
hdsp,chunk_35_39,35,3,3,dct,"[""dct"", ""had""]","[-11.672935485839844, -11.99621868133545]","[0.0006731897592544556, 0.0026430715806782246]"
hdsp,chunk_35_39,35,3,4,had,"[""dct"", ""had""]","[-12.319332122802734, -12.12569522857666]","[0.0009314271155744791, 0.000649186666123569]"
hdsp,chunk_35_39,35,3,5,dct,"[""dct"", ""had""]","[-12.089381217956543, -12.5917387008667]","[0.0005958661204203963, 0.0015531734097748995]"
hdsp,chunk_35_39,35,3,6,had,"[""dct"", ""had""]","[-12.686614990234375, -12.500754356384277]","[0.0018323138356208801, 0.0011295463191345334]"
hdsp,chunk_35_39,35,3,7,dct,"[""dct"", ""had""]","[-12.793699264526367, -13.399300575256348]","[0.001344027230516076, 0.002271328354254365]"
hdsp,chunk_35_39,35,3,8,had,"[""dct"", ""had""]","[-13.890921592712402, -12.9241304397583]","[0.0027169049717485905, 0.0006925935158506036]"
hdsp,chunk_35_39,35,4,1,tv2,"[""tv2"", ""huber""]","[-11.610751152038574, -11.824868202209473]","[0.0020209283102303743, 0.0011865757405757904]"
hdsp,chunk_35_39,35,4,2,tv2,"[""tv2"", ""huber""]","[-11.942301750183105, -12.50424861907959]","[0.002208193065598607, 0.0025990670546889305]"
hdsp,chunk_35_39,35,4,3,tv2,"[""tv2"", ""huber""]","[-12.102570533752441, -12.922152519226074]","[0.0023022007662802935, 0.0023023360408842564]"
hdsp,chunk_35_39,35,4,4,huber,"[""tv2"", ""huber""]","[-13.123213768005371, -12.793963432312012]","[0.004409400280565023, 0.002088395180180669]"
hdsp,chunk_35_39,35,4,5,tv2,"[""tv2"", ""huber""]","[-12.575382232666016, -12.675253868103027]","[0.002113793045282364, 0.0014845789410173893]"
hdsp,chunk_35_39,35,4,6,tv2,"[""tv2"", ""huber""]","[-12.503888130187988, -13.852276802062988]","[0.00313279265537858, 0.005633021704852581]"
hdsp,chunk_35_39,35,4,7,tv2,"[""tv2"", ""huber""]","[-12.56180191040039, -12.6837739944458]","[0.002651260467246175, 0.0011199136497452855]"
hdsp,chunk_35_39,35,4,8,huber,"[""tv2"", ""huber""]","[-12.841226577758789, -12.610636711120605]","[0.00292713544331491, 0.0013878323370590806]"
hdsp,chunk_35_39,35,5,1,tv2,"[""dct"", ""tv2""]","[-11.714051246643066, -11.710923194885254]","[0.000984257203526795, 0.002074388088658452]"
hdsp,chunk_35_39,35,5,2,dct,"[""dct"", ""tv2""]","[-12.062957763671875, -12.13210391998291]","[0.0015480287838727236, 0.0021833344362676144]"
hdsp,chunk_35_39,35,5,3,tv2,"[""dct"", ""tv2""]","[-14.153424263000488, -12.471257209777832]","[0.0053210146725177765, 0.0025280748959630728]"
hdsp,chunk_35_39,35,5,4,tv2,"[""dct"", ""tv2""]","[-12.470185279846191, -12.458847045898438]","[0.001781109836883843, 0.0019895946606993675]"
hdsp,chunk_35_39,35,5,5,tv2,"[""dct"", ""tv2""]","[-13.003008842468262, -12.213590621948242]","[0.004748672246932983, 0.0023405447136610746]"
hdsp,chunk_35_39,35,5,6,tv2,"[""dct"", ""tv2""]","[-15.588160514831543, -12.782479286193848]","[0.010010864585638046, 0.0023079782258719206]"
hdsp,chunk_35_39,35,5,7,dct,"[""dct"", ""tv2""]","[-13.082940101623535, -15.318718910217285]","[0.003982932306826115, 0.023377344012260437]"
hdsp,chunk_35_39,35,5,8,dct,"[""dct"", ""tv2""]","[-12.562760353088379, -12.817975997924805]","[0.0012132866540923715, 0.002804806688800454]"
hdsp,chunk_35_39,36,0,1,phys,"[""phys"", ""robust""]","[-13.599732398986816, -13.980439186096191]","[0.005183942150324583, 0.039961304515600204]"
hdsp,chunk_35_39,36,0,2,phys,"[""phys"", ""robust""]","[-13.58942699432373, -13.96924877166748]","[0.0022205598652362823, 0.02691289223730564]"
hdsp,chunk_35_39,36,0,3,robust,"[""phys"", ""robust""]","[-16.430063247680664, -15.668717384338379]","[0.014994630590081215, 0.04756946489214897]"
hdsp,chunk_35_39,36,0,4,robust,"[""phys"", ""robust""]","[-14.402142524719238, -14.329358100891113]","[0.011718238703906536, 0.014191152527928352]"
hdsp,chunk_35_39,36,0,5,phys,"[""phys"", ""robust""]","[-14.128165245056152, -15.593311309814453]","[0.008652673102915287, 0.07536840438842773]"
hdsp,chunk_35_39,36,0,6,phys,"[""phys"", ""robust""]","[-14.592696189880371, -15.044096946716309]","[0.0054984851740300655, 0.013638426549732685]"
hdsp,chunk_35_39,36,0,7,robust,"[""phys"", ""robust""]","[-15.748296737670898, -14.91028118133545]","[0.011976822279393673, 0.011937668547034264]"
hdsp,chunk_35_39,36,0,8,robust,"[""phys"", ""robust""]","[-17.083234786987305, -14.1875638961792]","[0.05425625294446945, 0.022379793226718903]"
hdsp,chunk_35_39,36,1,1,prox_tv,"[""conv"", ""prox_tv""]","[-16.00016212463379, -14.274072647094727]","[0.03267505392432213, 0.007621587719768286]"
hdsp,chunk_35_39,36,1,2,prox_tv,"[""conv"", ""prox_tv""]","[-14.364627838134766, -14.00622844696045]","[0.007969376631081104, 0.004848594777286053]"
hdsp,chunk_35_39,36,1,3,prox_tv,"[""conv"", ""prox_tv""]","[-14.429707527160645, -14.18089485168457]","[0.006605875212699175, 0.004926629364490509]"
hdsp,chunk_35_39,36,1,4,conv,"[""conv"", ""prox_tv""]","[-14.468269348144531, -15.932799339294434]","[0.005933776032179594, 0.012789455242455006]"
hdsp,chunk_35_39,36,1,5,conv,"[""conv"", ""prox_tv""]","[-18.870969772338867, -19.49936294555664]","[0.06602244824171066, 0.06256956607103348]"
hdsp,chunk_35_39,36,1,6,prox_tv,"[""conv"", ""prox_tv""]","[-15.357354164123535, -15.245196342468262]","[0.011120409704744816, 0.01093222014605999]"
hdsp,chunk_35_39,36,1,7,conv,"[""conv"", ""prox_tv""]","[-14.900532722473145, -15.480053901672363]","[0.007062669377774, 0.008409433998167515]"
hdsp,chunk_35_39,36,1,8,conv,"[""conv"", ""prox_tv""]","[-15.657752990722656, -17.099260330200195]","[0.004848371259868145, 0.023185700178146362]"
hdsp,chunk_35_39,36,2,1,conv_lowtv,"[""conv_lowtv"", ""wavelet"", ""inr""]","[-14.068312644958496, -14.616625785827637, -19.17584228515625]","[0.006848024670034647, 0.007570536341518164, 0.7630882859230042]"
hdsp,chunk_35_39,36,2,2,conv_lowtv,"[""conv_lowtv"", ""wavelet"", ""inr""]","[-14.261146545410156, -14.919675827026367, -19.467227935791016]","[0.0020606620237231255, 0.008402956649661064, 0.6870589256286621]"
hdsp,chunk_35_39,36,2,3,wavelet,"[""conv_lowtv"", ""wavelet"", ""inr""]","[-18.038555145263672, -16.071500778198242, -21.826400756835938]","[0.033637505024671555, 0.0072273979894816875, 0.720881462097168]"
hdsp,chunk_35_39,36,2,4,wavelet,"[""conv_lowtv"", ""wavelet"", ""inr""]","[-16.175731658935547, -16.014793395996094, -21.717391967773438]","[0.011504657566547394, 0.005881736055016518, 0.7664599418640137]"
hdsp,chunk_35_39,36,2,5,conv_lowtv,"[""conv_lowtv"", ""wavelet"", ""inr""]","[-17.095462799072266, -17.14137840270996, -21.727054595947266]","[0.03376682475209236, 0.02357066236436367, 0.7753229737281799]"
hdsp,chunk_35_39,36,2,6,conv_lowtv,"[""conv_lowtv"", ""wavelet"", ""inr""]","[-16.294200897216797, -16.967117309570312, -21.855377197265625]","[0.01627916842699051, 0.02445654571056366, 0.7439168691635132]"
hdsp,chunk_35_39,36,2,7,conv_lowtv,"[""conv_lowtv"", ""wavelet"", ""inr""]","[-14.292424201965332, -14.761338233947754, -19.447429656982422]","[0.006312590558081865, 0.0042813182808458805, 0.837182879447937]"
hdsp,chunk_35_39,36,2,8,conv_lowtv,"[""conv_lowtv"", ""wavelet"", ""inr""]","[-14.901107788085938, -16.215240478515625, -20.744007110595703]","[0.0036529884673655033, 0.012809018604457378, 0.7014187574386597]"
hdsp,chunk_35_39,36,3,1,dct,"[""dct"", ""had""]","[-13.251664161682129, -13.823356628417969]","[0.001279942924156785, 0.003684550989419222]"
hdsp,chunk_35_39,36,3,2,had,"[""dct"", ""had""]","[-14.299291610717773, -14.192809104919434]","[0.005318205337971449, 0.005294749978929758]"
hdsp,chunk_35_39,36,3,3,had,"[""dct"", ""had""]","[-15.506887435913086, -14.784741401672363]","[0.02053999714553356, 0.0033280160278081894]"
hdsp,chunk_35_39,36,3,4,dct,"[""dct"", ""had""]","[-15.156357765197754, -16.330299377441406]","[0.00544443866237998, 0.011138779111206532]"
hdsp,chunk_35_39,36,3,5,had,"[""dct"", ""had""]","[-14.496338844299316, -14.247832298278809]","[0.0107036791741848, 0.009861438535153866]"
hdsp,chunk_35_39,36,3,6,dct,"[""dct"", ""had""]","[-15.135544776916504, -17.11349868774414]","[0.006111445836722851, 0.050615642219781876]"
hdsp,chunk_35_39,36,3,7,had,"[""dct"", ""had""]","[-16.288677215576172, -14.988649368286133]","[0.02152577042579651, 0.005359948612749577]"
hdsp,chunk_35_39,36,3,8,dct,"[""dct"", ""had""]","[-13.493342399597168, -13.561369895935059]","[0.0015929017681628466, 0.0009648679988458753]"
hdsp,chunk_35_39,36,4,1,tv2,"[""tv2"", ""huber""]","[-13.268752098083496, -13.585920333862305]","[0.0075867315754294395, 0.0022206460125744343]"
hdsp,chunk_35_39,36,4,2,tv2,"[""tv2"", ""huber""]","[-13.982840538024902, -15.011362075805664]","[0.005522009450942278, 0.009507809765636921]"
hdsp,chunk_35_39,36,4,3,huber,"[""tv2"", ""huber""]","[-14.767989158630371, -14.585684776306152]","[0.01118275336921215, 0.007429172750562429]"
hdsp,chunk_35_39,36,4,4,tv2,"[""tv2"", ""huber""]","[-15.283190727233887, -15.340514183044434]","[0.012962549924850464, 0.011175019666552544]"
hdsp,chunk_35_39,36,4,5,tv2,"[""tv2"", ""huber""]","[-14.897086143493652, -16.444490432739258]","[0.009552057832479477, 0.018926545977592468]"
hdsp,chunk_35_39,36,4,6,huber,"[""tv2"", ""huber""]","[-17.207963943481445, -16.821468353271484]","[0.042380694299936295, 0.013255627825856209]"
hdsp,chunk_35_39,36,4,7,tv2,"[""tv2"", ""huber""]","[-15.009814262390137, -15.04486083984375]","[0.008718350902199745, 0.006717153359204531]"
hdsp,chunk_35_39,36,4,8,tv2,"[""tv2"", ""huber""]","[-14.963456153869629, -17.27846908569336]","[0.0077567570842802525, 0.028396405279636383]"
hdsp,chunk_35_39,36,5,1,tv2,"[""dct"", ""tv2""]","[-14.444226264953613, -13.317599296569824]","[0.008380859158933163, 0.007114975247532129]"
hdsp,chunk_35_39,36,5,2,tv2,"[""dct"", ""tv2""]","[-13.60009479522705, -13.520403861999512]","[0.0036709040869027376, 0.00932992808520794]"
hdsp,chunk_35_39,36,5,3,dct,"[""dct"", ""tv2""]","[-15.519997596740723, -16.29114532470703]","[0.009082437492907047, 0.023764386773109436]"
hdsp,chunk_35_39,36,5,4,dct,"[""dct"", ""tv2""]","[-15.659651756286621, -18.83481216430664]","[0.006580208893865347, 0.07046884298324585]"
hdsp,chunk_35_39,36,5,5,tv2,"[""dct"", ""tv2""]","[-14.305028915405273, -13.745795249938965]","[0.008598968386650085, 0.0059158289805054665]"
hdsp,chunk_35_39,36,5,6,dct,"[""dct"", ""tv2""]","[-15.926985740661621, -16.974559783935547]","[0.009721240028738976, 0.02524564601480961]"
hdsp,chunk_35_39,36,5,7,tv2,"[""dct"", ""tv2""]","[-20.87202262878418, -18.812744140625]","[0.15173828601837158, 0.08694125711917877]"
hdsp,chunk_35_39,36,5,8,dct,"[""dct"", ""tv2""]","[-16.673587799072266, -17.099349975585938]","[0.020838327705860138, 0.02573106251657009]"
hdsp,chunk_35_39,37,0,1,phys,"[""phys"", ""robust""]","[-9.984784126281738, -10.303966522216797]","[0.000609308946877718, 0.0032366637606173754]"
hdsp,chunk_35_39,37,0,2,phys,"[""phys"", ""robust""]","[-10.183727264404297, -10.713303565979004]","[0.0011544368462637067, 0.004114670213311911]"
hdsp,chunk_35_39,37,0,3,phys,"[""phys"", ""robust""]","[-10.202271461486816, -10.547992706298828]","[0.0007260567508637905, 0.0032905482221394777]"
hdsp,chunk_35_39,37,0,4,phys,"[""phys"", ""robust""]","[-10.30158805847168, -10.702104568481445]","[0.00025677416124381125, 0.0011116989189758897]"
hdsp,chunk_35_39,37,0,5,phys,"[""phys"", ""robust""]","[-10.7161226272583, -11.091602325439453]","[0.0006143561913631856, 0.0022781675215810537]"
hdsp,chunk_35_39,37,0,6,phys,"[""phys"", ""robust""]","[-10.565253257751465, -11.045018196105957]","[0.00041143098496831954, 0.0020226924680173397]"
hdsp,chunk_35_39,37,0,7,phys,"[""phys"", ""robust""]","[-10.655577659606934, -11.04138469696045]","[0.0006216890178620815, 0.0030118094291538]"
hdsp,chunk_35_39,37,0,8,phys,"[""phys"", ""robust""]","[-10.564371109008789, -11.137234687805176]","[0.00016129245341289788, 0.0032777911983430386]"
hdsp,chunk_35_39,37,1,1,prox_tv,"[""conv"", ""prox_tv""]","[-10.14623737335205, -10.023388862609863]","[0.000831587181892246, 0.0007420620531775057]"
hdsp,chunk_35_39,37,1,2,prox_tv,"[""conv"", ""prox_tv""]","[-10.317669868469238, -10.224167823791504]","[0.0010905642993748188, 0.0005469883908517659]"
hdsp,chunk_35_39,37,1,3,prox_tv,"[""conv"", ""prox_tv""]","[-10.451447486877441, -10.36461353302002]","[0.0004887492978014052, 0.000158173221279867]"
hdsp,chunk_35_39,37,1,4,conv,"[""conv"", ""prox_tv""]","[-10.41751766204834, -10.75992202758789]","[0.00024634040892124176, 0.000407600833568722]"
hdsp,chunk_35_39,37,1,5,prox_tv,"[""conv"", ""prox_tv""]","[-10.685626029968262, -10.428136825561523]","[0.0016670459881424904, 0.000392249901778996]"
hdsp,chunk_35_39,37,1,6,prox_tv,"[""conv"", ""prox_tv""]","[-10.598483085632324, -10.530123710632324]","[0.001206096145324409, 0.0005223658517934382]"
hdsp,chunk_35_39,37,1,7,prox_tv,"[""conv"", ""prox_tv""]","[-10.628326416015625, -10.548062324523926]","[0.000989678199402988, 0.0008421973325312138]"
hdsp,chunk_35_39,37,1,8,conv,"[""conv"", ""prox_tv""]","[-10.838467597961426, -11.043618202209473]","[0.00037022860487923026, 0.0004395092837512493]"
hdsp,chunk_35_39,37,2,1,conv_lowtv,"[""conv_lowtv"", ""wavelet"", ""inr""]","[-10.845902442932129, -11.13305950164795, -15.607380867004395]","[0.0009093632688745856, 0.00047901744255796075, 0.2528461217880249]"
hdsp,chunk_35_39,37,2,2,conv_lowtv,"[""conv_lowtv"", ""wavelet"", ""inr""]","[-10.927057266235352, -11.590764045715332, -16.364789962768555]","[0.000450800231192261, 0.0009244950488209724, 0.25193509459495544]"
hdsp,chunk_35_39,37,2,3,conv_lowtv,"[""conv_lowtv"", ""wavelet"", ""inr""]","[-11.228280067443848, -11.81919002532959, -17.351255416870117]","[0.001461212639696896, 0.001228625187650323, 0.28799325227737427]"
hdsp,chunk_35_39,37,2,4,conv_lowtv,"[""conv_lowtv"", ""wavelet"", ""inr""]","[-11.238177299499512, -11.980937004089355, -17.141170501708984]","[0.00041362145566381514, 0.0012157305609434843, 0.23572081327438354]"
hdsp,chunk_35_39,37,2,5,conv_lowtv,"[""conv_lowtv"", ""wavelet"", ""inr""]","[-11.552618980407715, -12.109524726867676, -17.680736541748047]","[0.0003916171262972057, 0.0013247043825685978, 0.2636338472366333]"
hdsp,chunk_35_39,37,2,6,conv_lowtv,"[""conv_lowtv"", ""wavelet"", ""inr""]","[-11.651509284973145, -12.099345207214355, -17.432844161987305]","[0.0016982437809929252, 0.0008907977025955915, 0.24076753854751587]"
hdsp,chunk_35_39,37,2,7,conv_lowtv,"[""conv_lowtv"", ""wavelet"", ""inr""]","[-11.416254997253418, -12.101279258728027, -17.291234970092773]","[0.000728977145627141, 0.0010105512337759137, 0.23358121514320374]"
hdsp,chunk_35_39,37,2,8,conv_lowtv,"[""conv_lowtv"", ""wavelet"", ""inr""]","[-11.364571571350098, -12.010008811950684, -17.09067726135254]","[0.0003528147062752396, 0.0008122822036966681, 0.25585001707077026]"
hdsp,chunk_35_39,37,3,1,had,"[""dct"", ""had""]","[-10.428496360778809, -10.192938804626465]","[0.0012654929887503386, 0.0003933375410269946]"
hdsp,chunk_35_39,37,3,2,dct,"[""dct"", ""had""]","[-10.147811889648438, -10.6726713180542]","[0.0004067118279635906, 0.0014049721648916602]"
hdsp,chunk_35_39,37,3,3,had,"[""dct"", ""had""]","[-10.658724784851074, -10.558197975158691]","[0.000512442784383893, 0.00034858164144679904]"
hdsp,chunk_35_39,37,3,4,dct,"[""dct"", ""had""]","[-10.377964973449707, -11.336216926574707]","[0.0007630212930962443, 0.0015800406690686941]"
hdsp,chunk_35_39,37,3,5,dct,"[""dct"", ""had""]","[-10.339225769042969, -10.76132583618164]","[0.0005432975594885647, 0.0006555222207680345]"
hdsp,chunk_35_39,37,3,6,dct,"[""dct"", ""had""]","[-10.445134162902832, -10.869455337524414]","[0.0007586972787976265, 0.001019808347336948]"
hdsp,chunk_35_39,37,3,7,dct,"[""dct"", ""had""]","[-10.465073585510254, -10.873836517333984]","[0.0006949600647203624, 0.0008073230274021626]"
hdsp,chunk_35_39,37,3,8,dct,"[""dct"", ""had""]","[-10.477773666381836, -10.94892406463623]","[0.0007264836458489299, 0.0007957445923238993]"
hdsp,chunk_35_39,37,4,1,tv2,"[""tv2"", ""huber""]","[-9.782001495361328, -10.379048347473145]","[0.0009901912417262793, 0.0014029800659045577]"
hdsp,chunk_35_39,37,4,2,tv2,"[""tv2"", ""huber""]","[-10.405098915100098, -10.440447807312012]","[0.0011821506777778268, 0.0004758073191624135]"
hdsp,chunk_35_39,37,4,3,tv2,"[""tv2"", ""huber""]","[-10.372556686401367, -10.443024635314941]","[0.0010250346967950463, 0.000876349862664938]"
hdsp,chunk_35_39,37,4,4,tv2,"[""tv2"", ""huber""]","[-10.12451457977295, -10.868060111999512]","[0.0005553006776608527, 0.0011556136887520552]"
hdsp,chunk_35_39,37,4,5,tv2,"[""tv2"", ""huber""]","[-10.465044975280762, -10.591156959533691]","[0.0015045900363475084, 0.0006289657321758568]"
hdsp,chunk_35_39,37,4,6,huber,"[""tv2"", ""huber""]","[-10.64876651763916, -10.608382225036621]","[0.00079157022992149, 0.0007130701560527086]"
hdsp,chunk_35_39,37,4,7,huber,"[""tv2"", ""huber""]","[-10.429850578308105, -10.425026893615723]","[0.0007579786470159888, 0.0007026891689747572]"
hdsp,chunk_35_39,37,4,8,tv2,"[""tv2"", ""huber""]","[-10.573741912841797, -10.583014488220215]","[0.0007036305032670498, 0.0005932889180257916]"
hdsp,chunk_35_39,37,5,1,dct,"[""dct"", ""tv2""]","[-10.088973999023438, -10.13704776763916]","[0.0006593690486624837, 0.0007887477986514568]"
hdsp,chunk_35_39,37,5,2,tv2,"[""dct"", ""tv2""]","[-10.054420471191406, -10.031959533691406]","[0.0008173388778232038, 0.0009848037734627724]"
hdsp,chunk_35_39,37,5,3,tv2,"[""dct"", ""tv2""]","[-10.672788619995117, -9.922648429870605]","[0.0007036958122625947, 0.0005586761399172246]"
hdsp,chunk_35_39,37,5,4,tv2,"[""dct"", ""tv2""]","[-11.468620300292969, -10.317587852478027]","[0.001380650675855577, 0.0009266382548958063]"
hdsp,chunk_35_39,37,5,5,tv2,"[""dct"", ""tv2""]","[-10.682621955871582, -10.062344551086426]","[0.0007829231908544898, 0.0005256878212094307]"
hdsp,chunk_35_39,37,5,6,tv2,"[""dct"", ""tv2""]","[-10.98376750946045, -10.545737266540527]","[0.0007472677971236408, 0.0010404468048363924]"
hdsp,chunk_35_39,37,5,7,tv2,"[""dct"", ""tv2""]","[-10.998700141906738, -10.247071266174316]","[0.0016113711753860116, 0.0010243564611300826]"
hdsp,chunk_35_39,37,5,8,dct,"[""dct"", ""tv2""]","[-10.536465644836426, -10.60446548461914]","[0.0011164955794811249, 0.0014691926771774888]"
hdsp,chunk_35_39,38,0,1,phys,"[""phys"", ""robust""]","[-10.649807929992676, -10.947941780090332]","[0.0004912527510896325, 0.004079597536474466]"
hdsp,chunk_35_39,38,0,2,phys,"[""phys"", ""robust""]","[-11.396878242492676, -11.513373374938965]","[0.0012622583890333772, 0.011421127244830132]"
hdsp,chunk_35_39,38,0,3,phys,"[""phys"", ""robust""]","[-10.952048301696777, -11.753849029541016]","[0.00015217202599160373, 0.008839744143188]"
hdsp,chunk_35_39,38,0,4,phys,"[""phys"", ""robust""]","[-10.977700233459473, -11.51999568939209]","[0.0005229659145697951, 0.004055580124258995]"
hdsp,chunk_35_39,38,0,5,phys,"[""phys"", ""robust""]","[-11.0642671585083, -11.361048698425293]","[0.0004819450550712645, 0.0026972685009241104]"
hdsp,chunk_35_39,38,0,6,phys,"[""phys"", ""robust""]","[-11.01103687286377, -11.504483222961426]","[0.0002485717704985291, 0.014407151378691196]"
hdsp,chunk_35_39,38,0,7,phys,"[""phys"", ""robust""]","[-10.794463157653809, -10.926487922668457]","[0.0002415050839772448, 0.001844026381149888]"
hdsp,chunk_35_39,38,0,8,phys,"[""phys"", ""robust""]","[-10.81959056854248, -11.053339958190918]","[0.00018605461809784174, 0.002802611794322729]"
hdsp,chunk_35_39,38,1,1,conv,"[""conv"", ""prox_tv""]","[-10.765826225280762, -11.198821067810059]","[0.0008686169749125838, 0.0010261450661346316]"
hdsp,chunk_35_39,38,1,2,prox_tv,"[""conv"", ""prox_tv""]","[-11.248608589172363, -10.984347343444824]","[0.0005468171439133584, 0.00033530639484524727]"
hdsp,chunk_35_39,38,1,3,conv,"[""conv"", ""prox_tv""]","[-10.884954452514648, -11.526009559631348]","[0.00023882463574409485, 0.0004973646719008684]"
hdsp,chunk_35_39,38,1,4,conv,"[""conv"", ""prox_tv""]","[-10.723565101623535, -11.259513854980469]","[0.00025352605734951794, 0.0005248698871582747]"
hdsp,chunk_35_39,38,1,5,conv,"[""conv"", ""prox_tv""]","[-10.838995933532715, -11.361607551574707]","[0.00016773332026787102, 0.0005218925653025508]"
hdsp,chunk_35_39,38,1,6,conv,"[""conv"", ""prox_tv""]","[-10.793265342712402, -11.43228816986084]","[0.00016500012134201825, 0.0015452444786205888]"
hdsp,chunk_35_39,38,1,7,prox_tv,"[""conv"", ""prox_tv""]","[-11.366866111755371, -11.158489227294922]","[0.00040121114579960704, 0.0003212694718968123]"
hdsp,chunk_35_39,38,1,8,prox_tv,"[""conv"", ""prox_tv""]","[-11.186360359191895, -11.028101921081543]","[0.0006719137309119105, 0.0003715991915669292]"
hdsp,chunk_35_39,38,2,1,conv_lowtv,"[""conv_lowtv"", ""wavelet"", ""inr""]","[-10.928869247436523, -11.85632610321045, -14.850908279418945]","[0.00020514278730843216, 0.0009386675083078444, 0.3485068380832672]"
hdsp,chunk_35_39,38,2,2,conv_lowtv,"[""conv_lowtv"", ""wavelet"", ""inr""]","[-10.959771156311035, -11.696480751037598, -15.060253143310547]","[0.00019446451915428042, 0.0013515944592654705, 0.3472394645214081]"
hdsp,chunk_35_39,38,2,3,conv_lowtv,"[""conv_lowtv"", ""wavelet"", ""inr""]","[-11.495195388793945, -12.19605827331543, -16.34073257446289]","[0.0005909243482165039, 0.0013376473216339946, 0.35909897089004517]"
hdsp,chunk_35_39,38,2,4,conv_lowtv,"[""conv_lowtv"", ""wavelet"", ""inr""]","[-12.435992240905762, -12.816157341003418, -17.02872085571289]","[0.0007521206280216575, 0.0024888745974749327, 0.3226029872894287]"
hdsp,chunk_35_39,38,2,5,conv_lowtv,"[""conv_lowtv"", ""wavelet"", ""inr""]","[-12.094901084899902, -12.915987968444824, -17.356658935546875]","[0.0003856392577290535, 0.0021565717179328203, 0.32398566603660583]"
hdsp,chunk_35_39,38,2,6,conv_lowtv,"[""conv_lowtv"", ""wavelet"", ""inr""]","[-12.244840621948242, -13.130609512329102, -17.68113136291504]","[0.0005994091625325382, 0.0009665073012001812, 0.4019162952899933]"
hdsp,chunk_35_39,38,2,7,conv_lowtv,"[""conv_lowtv"", ""wavelet"", ""inr""]","[-11.540854454040527, -12.530333518981934, -15.655667304992676]","[0.0003413214290048927, 0.001300082542002201, 0.10653840005397797]"
hdsp,chunk_35_39,38,2,8,conv_lowtv,"[""conv_lowtv"", ""wavelet"", ""inr""]","[-12.093283653259277, -13.084149360656738, -17.434642791748047]","[0.0006221890216693282, 0.0013610860332846642, 0.3630464971065521]"
hdsp,chunk_35_39,38,3,1,dct,"[""dct"", ""had""]","[-10.67568302154541, -11.397662162780762]","[0.0003281193785369396, 0.0003986658703070134]"
hdsp,chunk_35_39,38,3,2,had,"[""dct"", ""had""]","[-11.117938041687012, -10.806303977966309]","[0.00047070649452507496, 0.00036174876731820405]"
hdsp,chunk_35_39,38,3,3,dct,"[""dct"", ""had""]","[-10.734831809997559, -11.260832786560059]","[0.0002778479247353971, 0.0003519687452353537]"
hdsp,chunk_35_39,38,3,4,had,"[""dct"", ""had""]","[-14.171111106872559, -12.118878364562988]","[0.0027606014627963305, 0.0006966987857595086]"
hdsp,chunk_35_39,38,3,5,had,"[""dct"", ""had""]","[-11.499035835266113, -11.487720489501953]","[0.0009357032249681652, 0.0007326999912038445]"
hdsp,chunk_35_39,38,3,6,dct,"[""dct"", ""had""]","[-11.514683723449707, -11.978838920593262]","[0.0007226928719319403, 0.002503531752154231]"
hdsp,chunk_35_39,38,3,7,dct,"[""dct"", ""had""]","[-11.20053482055664, -11.740214347839355]","[0.00035841690259985626, 0.0007519586943089962]"
hdsp,chunk_35_39,38,3,8,dct,"[""dct"", ""had""]","[-11.139572143554688, -11.653388023376465]","[0.000304343004245311, 0.000554051308427006]"
hdsp,chunk_35_39,38,4,1,huber,"[""tv2"", ""huber""]","[-11.013030052185059, -10.905644416809082]","[0.001633190899156034, 0.0008186186896637082]"
hdsp,chunk_35_39,38,4,2,huber,"[""tv2"", ""huber""]","[-10.81945514678955, -10.793068885803223]","[0.0008952469215728343, 0.0005574669921770692]"
hdsp,chunk_35_39,38,4,3,huber,"[""tv2"", ""huber""]","[-11.157315254211426, -11.032171249389648]","[0.0015507041243836284, 0.00092240673257038]"
hdsp,chunk_35_39,38,4,4,huber,"[""tv2"", ""huber""]","[-11.246171951293945, -11.177532196044922]","[0.0013765195617452264, 0.0009090045350603759]"
hdsp,chunk_35_39,38,4,5,huber,"[""tv2"", ""huber""]","[-10.820663452148438, -10.682836532592773]","[0.0009028978529386222, 0.00042245580698363483]"
hdsp,chunk_35_39,38,4,6,tv2,"[""tv2"", ""huber""]","[-10.6288423538208, -11.336490631103516]","[0.0007825578795745969, 0.0008632712997496128]"
hdsp,chunk_35_39,38,4,7,tv2,"[""tv2"", ""huber""]","[-11.118611335754395, -11.242833137512207]","[0.001465260866098106, 0.0011201397283002734]"
hdsp,chunk_35_39,38,4,8,tv2,"[""tv2"", ""huber""]","[-10.897093772888184, -11.801325798034668]","[0.0009973628912121058, 0.002105957129970193]"
hdsp,chunk_35_39,38,5,1,dct,"[""dct"", ""tv2""]","[-11.098377227783203, -11.135472297668457]","[0.0004985197447240353, 0.002036608988419175]"
hdsp,chunk_35_39,38,5,2,dct,"[""dct"", ""tv2""]","[-10.627514839172363, -10.66240406036377]","[0.00029460585210472345, 0.0008427670691162348]"
hdsp,chunk_35_39,38,5,3,tv2,"[""dct"", ""tv2""]","[-11.130087852478027, -10.994625091552734]","[0.0007613938068971038, 0.0007842705817893147]"
hdsp,chunk_35_39,38,5,4,tv2,"[""dct"", ""tv2""]","[-11.174159049987793, -11.06456470489502]","[0.000708838168065995, 0.0013058288022875786]"
hdsp,chunk_35_39,38,5,5,tv2,"[""dct"", ""tv2""]","[-11.137450218200684, -10.984766960144043]","[0.0007463694782927632, 0.001098171342164278]"
hdsp,chunk_35_39,38,5,6,dct,"[""dct"", ""tv2""]","[-11.42957878112793, -11.665544509887695]","[0.0008087694295682013, 0.0023664722684770823]"
hdsp,chunk_35_39,38,5,7,dct,"[""dct"", ""tv2""]","[-11.085896492004395, -11.156413078308105]","[0.000531609752215445, 0.0008467070874758065]"
hdsp,chunk_35_39,38,5,8,tv2,"[""dct"", ""tv2""]","[-12.024972915649414, -11.161107063293457]","[0.0016289667692035437, 0.0006416148971766233]"
hdsp,chunk_35_39,39,0,1,phys,"[""phys"", ""robust""]","[-12.64951229095459, -12.726217269897461]","[0.00017643386672716588, 0.00228455220349133]"
hdsp,chunk_35_39,39,0,2,phys,"[""phys"", ""robust""]","[-12.601641654968262, -12.895039558410645]","[0.00025051229749806225, 0.0061547765508294106]"
hdsp,chunk_35_39,39,0,3,robust,"[""phys"", ""robust""]","[-12.817063331604004, -12.773300170898438]","[0.00027302937814965844, 0.00160762679297477]"
hdsp,chunk_35_39,39,0,4,robust,"[""phys"", ""robust""]","[-12.627781867980957, -12.50846004486084]","[0.00017262667824979872, 0.003468767274171114]"
hdsp,chunk_35_39,39,0,5,robust,"[""phys"", ""robust""]","[-12.66776180267334, -12.485562324523926]","[0.00025413473485969007, 0.0069930641911923885]"
hdsp,chunk_35_39,39,0,6,robust,"[""phys"", ""robust""]","[-12.837254524230957, -12.732481956481934]","[0.00042062930879183114, 0.00923229567706585]"
hdsp,chunk_35_39,39,0,7,phys,"[""phys"", ""robust""]","[-13.54072380065918, -14.22169303894043]","[0.00026220467407256365, 0.01953362300992012]"
hdsp,chunk_35_39,39,0,8,phys,"[""phys"", ""robust""]","[-12.531350135803223, -12.701738357543945]","[0.00010166622814722359, 0.0010526819387450814]"
hdsp,chunk_35_39,39,1,1,conv,"[""conv"", ""prox_tv""]","[-12.31286334991455, -12.831435203552246]","[0.00023997490643523633, 0.0003132493875455111]"
hdsp,chunk_35_39,39,1,2,conv,"[""conv"", ""prox_tv""]","[-12.208840370178223, -12.67466926574707]","[0.00020992287318222225, 0.00022086556418798864]"
hdsp,chunk_35_39,39,1,3,conv,"[""conv"", ""prox_tv""]","[-12.271506309509277, -12.929659843444824]","[0.0002043011918431148, 0.0003925954515580088]"
hdsp,chunk_35_39,39,1,4,prox_tv,"[""conv"", ""prox_tv""]","[-12.272103309631348, -12.186711311340332]","[0.00017056766955647618, 0.0001643215073272586]"
hdsp,chunk_35_39,39,1,5,conv,"[""conv"", ""prox_tv""]","[-11.918554306030273, -12.872671127319336]","[0.00010075866157421842, 0.00034213863546028733]"
hdsp,chunk_35_39,39,1,6,conv,"[""conv"", ""prox_tv""]","[-12.393392562866211, -12.955313682556152]","[0.00020066797151230276, 0.00023492693435400724]"
hdsp,chunk_35_39,39,1,7,conv,"[""conv"", ""prox_tv""]","[-12.246638298034668, -12.778241157531738]","[0.0001742276072036475, 0.00019841866742353886]"
hdsp,chunk_35_39,39,1,8,conv,"[""conv"", ""prox_tv""]","[-12.12560749053955, -12.639874458312988]","[0.00011526856542332098, 0.00012995651923120022]"
hdsp,chunk_35_39,39,2,1,conv_lowtv,"[""conv_lowtv"", ""wavelet"", ""inr""]","[-13.176952362060547, -14.263984680175781, -18.231781005859375]","[0.0002413191832602024, 0.000724767567589879, 0.40804323554039]"
hdsp,chunk_35_39,39,2,2,conv_lowtv,"[""conv_lowtv"", ""wavelet"", ""inr""]","[-13.109869956970215, -14.350522994995117, -18.669647216796875]","[0.00027480351855047047, 0.0009490535012446344, 0.39475932717323303]"
hdsp,chunk_35_39,39,2,3,conv_lowtv,"[""conv_lowtv"", ""wavelet"", ""inr""]","[-13.27753734588623, -14.162165641784668, -19.90167236328125]","[0.00020111215417273343, 0.000982705969363451, 0.42822638154029846]"
hdsp,chunk_35_39,39,2,4,conv_lowtv,"[""conv_lowtv"", ""wavelet"", ""inr""]","[-13.464705467224121, -14.84908390045166, -20.79883575439453]","[0.0002223940537078306, 0.0010953909950330853, 0.41050541400909424]"
hdsp,chunk_35_39,39,2,5,conv_lowtv,"[""conv_lowtv"", ""wavelet"", ""inr""]","[-13.658343315124512, -14.672941207885742, -21.279674530029297]","[0.00019230817269999534, 0.001035781460814178, 0.432125449180603]"
hdsp,chunk_35_39,39,2,6,conv_lowtv,"[""conv_lowtv"", ""wavelet"", ""inr""]","[-13.03200912475586, -14.732596397399902, -21.048542022705078]","[0.00010521333751967177, 0.001392377307638526, 0.41765695810317993]"
hdsp,chunk_35_39,39,2,7,conv_lowtv,"[""conv_lowtv"", ""wavelet"", ""inr""]","[-13.156895637512207, -14.552044868469238, -20.714340209960938]","[0.00014344822557177395, 0.0009715831256471574, 0.40814658999443054]"
hdsp,chunk_35_39,39,2,8,conv_lowtv,"[""conv_lowtv"", ""wavelet"", ""inr""]","[-12.786048889160156, -13.886067390441895, -19.821643829345703]","[0.00019338306447025388, 0.001189142931252718, 0.40411144495010376]"
hdsp,chunk_35_39,39,3,1,dct,"[""dct"", ""had""]","[-12.419007301330566, -13.072075843811035]","[0.00017287241644226015, 0.00032315676799044013]"
hdsp,chunk_35_39,39,3,2,had,"[""dct"", ""had""]","[-12.74167251586914, -12.423386573791504]","[0.000283729110378772, 0.00027849734760820866]"
hdsp,chunk_35_39,39,3,3,dct,"[""dct"", ""had""]","[-12.776620864868164, -13.138188362121582]","[0.00021533718972932547, 0.00024239957565441728]"
hdsp,chunk_35_39,39,3,4,dct,"[""dct"", ""had""]","[-12.605032920837402, -13.175515174865723]","[0.00022984205861575902, 0.000340690283337608]"
hdsp,chunk_35_39,39,3,5,had,"[""dct"", ""had""]","[-12.906661987304688, -12.69639778137207]","[0.00017672708781901747, 0.00013547600246965885]"
hdsp,chunk_35_39,39,3,6,had,"[""dct"", ""had""]","[-13.180098533630371, -12.61877727508545]","[0.00023372650321107358, 0.00019582135428208858]"
hdsp,chunk_35_39,39,3,7,dct,"[""dct"", ""had""]","[-12.518013954162598, -13.044118881225586]","[0.00017124941223300993, 0.00019479515322018415]"
hdsp,chunk_35_39,39,3,8,had,"[""dct"", ""had""]","[-12.953516006469727, -12.667445182800293]","[0.00027413794305175543, 0.00014166762412060052]"
hdsp,chunk_35_39,39,4,1,tv2,"[""tv2"", ""huber""]","[-12.417967796325684, -12.674383163452148]","[0.00040825398173183203, 0.00029317260487005115]"
hdsp,chunk_35_39,39,4,2,huber,"[""tv2"", ""huber""]","[-12.534871101379395, -12.513572692871094]","[0.0004219531547278166, 0.00021046663459856063]"
hdsp,chunk_35_39,39,4,3,huber,"[""tv2"", ""huber""]","[-12.434914588928223, -12.235713958740234]","[0.0003721762914210558, 0.0002623119216877967]"
hdsp,chunk_35_39,39,4,4,huber,"[""tv2"", ""huber""]","[-12.673762321472168, -12.523093223571777]","[0.0004594460187945515, 0.0002810272271744907]"
hdsp,chunk_35_39,39,4,5,huber,"[""tv2"", ""huber""]","[-11.789324760437012, -11.437605857849121]","[0.00045365147525444627, 0.00028029235545545816]"
hdsp,chunk_35_39,39,4,6,huber,"[""tv2"", ""huber""]","[-12.528450012207031, -12.254176139831543]","[0.00037711995537392795, 0.0002725599624682218]"
hdsp,chunk_35_39,39,4,7,huber,"[""tv2"", ""huber""]","[-13.130387306213379, -12.647738456726074]","[0.00044923071982339025, 0.0002671145193744451]"
hdsp,chunk_35_39,39,4,8,huber,"[""tv2"", ""huber""]","[-13.395256996154785, -13.038813591003418]","[0.0006286114803515375, 0.0003429963253438473]"
hdsp,chunk_35_39,39,5,1,dct,"[""dct"", ""tv2""]","[-12.8809175491333, -13.209527015686035]","[0.0002946729655377567, 0.0008610682561993599]"
hdsp,chunk_35_39,39,5,2,tv2,"[""dct"", ""tv2""]","[-12.242965698242188, -12.064797401428223]","[0.00024492762167938054, 0.00043121978524141014]"
hdsp,chunk_35_39,39,5,3,tv2,"[""dct"", ""tv2""]","[-12.579848289489746, -12.035025596618652]","[0.00018872623331844807, 0.0003443816094659269]"
hdsp,chunk_35_39,39,5,4,tv2,"[""dct"", ""tv2""]","[-12.461661338806152, -12.055366516113281]","[0.0001777428260538727, 0.0003748333838302642]"
hdsp,chunk_35_39,39,5,5,tv2,"[""dct"", ""tv2""]","[-12.713875770568848, -12.557082176208496]","[0.00019557603809516877, 0.0006123351049609482]"
hdsp,chunk_35_39,39,5,6,tv2,"[""dct"", ""tv2""]","[-13.063165664672852, -12.584874153137207]","[0.0003218789934180677, 0.000424611265771091]"
hdsp,chunk_35_39,39,5,7,tv2,"[""dct"", ""tv2""]","[-12.886614799499512, -12.6738862991333]","[0.00016243399295490235, 0.0003632007574196905]"
hdsp,chunk_35_39,39,5,8,dct,"[""dct"", ""tv2""]","[-12.719071388244629, -12.72672176361084]","[0.00019649119349196553, 0.000421110016759485]"
hdsp,chunk_40_44,40,0,1,phys,"[""phys"", ""robust""]","[-10.176871299743652, -10.6157865524292]","[0.0006567250238731503, 0.00144662254024297]"
hdsp,chunk_40_44,40,0,2,phys,"[""phys"", ""robust""]","[-10.27867603302002, -10.799200057983398]","[0.0006254671607166529, 0.0015636021271348]"
hdsp,chunk_40_44,40,0,3,phys,"[""phys"", ""robust""]","[-10.444655418395996, -10.977761268615723]","[0.000676919415127486, 0.0015758734662085772]"
hdsp,chunk_40_44,40,0,4,phys,"[""phys"", ""robust""]","[-10.37366008758545, -10.797709465026855]","[0.0003932813706342131, 0.0008830969454720616]"
hdsp,chunk_40_44,40,0,5,phys,"[""phys"", ""robust""]","[-10.43667221069336, -10.808817863464355]","[0.0006001004367135465, 0.0008168446947820485]"
hdsp,chunk_40_44,40,0,6,phys,"[""phys"", ""robust""]","[-10.55233097076416, -10.930776596069336]","[0.0007936524343676865, 0.0008636850398033857]"
hdsp,chunk_40_44,40,0,7,robust,"[""phys"", ""robust""]","[-11.067535400390625, -10.496133804321289]","[0.0012923111207783222, 0.0009049930959008634]"
hdsp,chunk_40_44,40,0,8,phys,"[""phys"", ""robust""]","[-10.57497501373291, -10.9774808883667]","[0.000479722919408232, 0.0013111447915434837]"
hdsp,chunk_40_44,40,1,1,conv,"[""conv"", ""prox_tv""]","[-10.042489051818848, -10.536867141723633]","[0.0005878911470063031, 0.0006875735707581043]"
hdsp,chunk_40_44,40,1,2,conv,"[""conv"", ""prox_tv""]","[-10.121339797973633, -10.624899864196777]","[0.00045221278560347855, 0.0004768968792632222]"
hdsp,chunk_40_44,40,1,3,prox_tv,"[""conv"", ""prox_tv""]","[-10.469789505004883, -10.315049171447754]","[0.0007392033003270626, 0.0004590729658957571]"
hdsp,chunk_40_44,40,1,4,conv,"[""conv"", ""prox_tv""]","[-10.260647773742676, -10.87768840789795]","[0.0006435796967707574, 0.0006873685051687062]"
hdsp,chunk_40_44,40,1,5,prox_tv,"[""conv"", ""prox_tv""]","[-10.63999080657959, -10.450957298278809]","[0.0007273072260431945, 0.0006302842521108687]"
hdsp,chunk_40_44,40,1,6,prox_tv,"[""conv"", ""prox_tv""]","[-10.699798583984375, -10.478514671325684]","[0.0008592305239289999, 0.0006839552079327404]"
hdsp,chunk_40_44,40,1,7,conv,"[""conv"", ""prox_tv""]","[-10.554386138916016, -12.907150268554688]","[0.0006960012251511216, 0.008612329140305519]"
hdsp,chunk_40_44,40,1,8,prox_tv,"[""conv"", ""prox_tv""]","[-10.711321830749512, -10.58325481414795]","[0.00069617317058146, 0.0006414362578652799]"
hdsp,chunk_40_44,40,2,1,conv_lowtv,"[""conv_lowtv"", ""wavelet"", ""inr""]","[-10.902071952819824, -11.605908393859863, -17.601484298706055]","[0.0009465247276239097, 0.0012556661386042833, 0.28856152296066284]"
hdsp,chunk_40_44,40,2,2,conv_lowtv,"[""conv_lowtv"", ""wavelet"", ""inr""]","[-10.8070650100708, -11.651213645935059, -17.869800567626953]","[0.000490588485263288, 0.0012349000899121165, 0.28703072667121887]"
hdsp,chunk_40_44,40,2,3,conv_lowtv,"[""conv_lowtv"", ""wavelet"", ""inr""]","[-10.952454566955566, -11.858290672302246, -18.235748291015625]","[0.0005159935099072754, 0.0010823888005688787, 0.30510443449020386]"
hdsp,chunk_40_44,40,2,4,conv_lowtv,"[""conv_lowtv"", ""wavelet"", ""inr""]","[-10.94381046295166, -11.775906562805176, -18.17641830444336]","[0.0006573242717422545, 0.0009817482205107808, 0.2975389361381531]"
hdsp,chunk_40_44,40,2,5,conv_lowtv,"[""conv_lowtv"", ""wavelet"", ""inr""]","[-11.021221160888672, -11.831615447998047, -18.180400848388672]","[0.0006297656800597906, 0.0011326174717396498, 0.28813180327415466]"
hdsp,chunk_40_44,40,2,6,conv_lowtv,"[""conv_lowtv"", ""wavelet"", ""inr""]","[-11.133907318115234, -11.963706016540527, -18.169536590576172]","[0.0006661332445219159, 0.001346386969089508, 0.275738388299942]"
hdsp,chunk_40_44,40,2,7,conv_lowtv,"[""conv_lowtv"", ""wavelet"", ""inr""]","[-11.184942245483398, -12.057815551757812, -18.219844818115234]","[0.0007060093339532614, 0.0013987291604280472, 0.2733830213546753]"
hdsp,chunk_40_44,40,2,8,conv_lowtv,"[""conv_lowtv"", ""wavelet"", ""inr""]","[-11.197310447692871, -12.06789779663086, -18.116966247558594]","[0.0004503430100157857, 0.0009708697907626629, 0.26620447635650635]"
hdsp,chunk_40_44,40,3,1,dct,"[""dct"", ""had""]","[-10.22314167022705, -10.785634994506836]","[0.0006273663602769375, 0.0007895551971159875]"
hdsp,chunk_40_44,40,3,2,dct,"[""dct"", ""had""]","[-10.18883991241455, -10.645588874816895]","[0.0005326862446963787, 0.0005919536342844367]"
hdsp,chunk_40_44,40,3,3,dct,"[""dct"", ""had""]","[-10.33884334564209, -10.860177993774414]","[0.0006526091601699591, 0.0011043220292776823]"
hdsp,chunk_40_44,40,3,4,had,"[""dct"", ""had""]","[-10.7380952835083, -10.472673416137695]","[0.0007576467469334602, 0.0005250459653325379]"
hdsp,chunk_40_44,40,3,5,dct,"[""dct"", ""had""]","[-10.299284934997559, -10.84135913848877]","[0.0004892562865279615, 0.0007553538307547569]"
hdsp,chunk_40_44,40,3,6,dct,"[""dct"", ""had""]","[-10.422066688537598, -10.976585388183594]","[0.0005485740839503706, 0.0008104573935270309]"
hdsp,chunk_40_44,40,3,7,dct,"[""dct"", ""had""]","[-10.537186622619629, -11.02727222442627]","[0.0005608339561149478, 0.0007855057483538985]"
hdsp,chunk_40_44,40,3,8,had,"[""dct"", ""had""]","[-10.730195045471191, -10.577834129333496]","[0.0006137382006272674, 0.0006063217879272997]"
hdsp,chunk_40_44,40,4,1,tv2,"[""tv2"", ""huber""]","[-10.026949882507324, -10.707932472229004]","[0.0006475198897533119, 0.0008808864513412118]"
hdsp,chunk_40_44,40,4,2,huber,"[""tv2"", ""huber""]","[-10.390145301818848, -10.373286247253418]","[0.0005167665076442063, 0.0005164155154488981]"
hdsp,chunk_40_44,40,4,3,tv2,"[""tv2"", ""huber""]","[-10.388167381286621, -10.389960289001465]","[0.0006197171751409769, 0.0005300343036651611]"
hdsp,chunk_40_44,40,4,4,huber,"[""tv2"", ""huber""]","[-10.525528907775879, -10.457945823669434]","[0.00070553197292611, 0.0004206649318803102]"
hdsp,chunk_40_44,40,4,5,huber,"[""tv2"", ""huber""]","[-10.523028373718262, -10.387528419494629]","[0.0008741769706830382, 0.0005261113401502371]"
hdsp,chunk_40_44,40,4,6,tv2,"[""tv2"", ""huber""]","[-10.242194175720215, -10.936519622802734]","[0.0006835256353951991, 0.0010506707476451993]"
hdsp,chunk_40_44,40,4,7,tv2,"[""tv2"", ""huber""]","[-10.270566940307617, -10.971292495727539]","[0.00040813989471644163, 0.0006684257532469928]"
hdsp,chunk_40_44,40,4,8,tv2,"[""tv2"", ""huber""]","[-10.381156921386719, -11.0984525680542]","[0.0006326162838377059, 0.0008375171455554664]"
hdsp,chunk_40_44,40,5,1,tv2,"[""dct"", ""tv2""]","[-10.7781400680542, -9.997485160827637]","[0.0010735458927229047, 0.0005997875705361366]"
hdsp,chunk_40_44,40,5,2,tv2,"[""dct"", ""tv2""]","[-10.593697547912598, -9.945982933044434]","[0.000542021298315376, 0.0003945855423808098]"
hdsp,chunk_40_44,40,5,3,dct,"[""dct"", ""tv2""]","[-10.357710838317871, -10.461529731750488]","[0.0006319536478258669, 0.0007785718771629035]"
hdsp,chunk_40_44,40,5,4,dct,"[""dct"", ""tv2""]","[-10.315746307373047, -10.45110034942627]","[0.0004959621583111584, 0.00076266098767519]"
hdsp,chunk_40_44,40,5,5,dct,"[""dct"", ""tv2""]","[-10.415255546569824, -10.523030281066895]","[0.0004728734493255615, 0.0007659406401216984]"
hdsp,chunk_40_44,40,5,6,tv2,"[""dct"", ""tv2""]","[-10.592641830444336, -10.00507926940918]","[0.0005773423472419381, 0.0005549893830902874]"
hdsp,chunk_40_44,40,5,7,tv2,"[""dct"", ""tv2""]","[-11.031484603881836, -10.472366333007812]","[0.0010705917375162244, 0.0010546707781031728]"
hdsp,chunk_40_44,40,5,8,dct,"[""dct"", ""tv2""]","[-10.538904190063477, -10.767817497253418]","[0.0003218714555259794, 0.0006503788172267377]"
hdsp,chunk_40_44,41,0,1,phys,"[""phys"", ""robust""]","[-9.75410270690918, -10.076336860656738]","[4.903295121039264e-05, 0.001565510407090187]"
hdsp,chunk_40_44,41,0,2,phys,"[""phys"", ""robust""]","[-9.593297004699707, -9.718480110168457]","[6.505998317152262e-05, 0.00015779113164171576]"
hdsp,chunk_40_44,41,0,3,phys,"[""phys"", ""robust""]","[-9.547724723815918, -9.85725212097168]","[4.702266232925467e-05, 0.0002885727153625339]"
hdsp,chunk_40_44,41,0,4,phys,"[""phys"", ""robust""]","[-9.458328247070312, -9.596447944641113]","[5.0983249821001664e-05, 0.0003441048029344529]"
hdsp,chunk_40_44,41,0,5,phys,"[""phys"", ""robust""]","[-9.405245780944824, -9.705577850341797]","[3.5578341339714825e-05, 0.00043755999649874866]"
hdsp,chunk_40_44,41,0,6,phys,"[""phys"", ""robust""]","[-9.523847579956055, -9.669011116027832]","[5.2150349802104756e-05, 0.00015091299428604543]"
hdsp,chunk_40_44,41,0,7,phys,"[""phys"", ""robust""]","[-9.485239028930664, -10.176409721374512]","[6.517552537843585e-05, 0.0011405841214582324]"
hdsp,chunk_40_44,41,0,8,phys,"[""phys"", ""robust""]","[-9.465001106262207, -9.702803611755371]","[4.277348853065632e-05, 0.0002698792377486825]"
hdsp,chunk_40_44,41,1,1,prox_tv,"[""conv"", ""prox_tv""]","[-10.014403343200684, -9.8447847366333]","[8.715113654034212e-05, 7.642567652510479e-05]"
hdsp,chunk_40_44,41,1,2,prox_tv,"[""conv"", ""prox_tv""]","[-9.748852729797363, -9.561015129089355]","[5.829907604493201e-05, 5.1759070629486814e-05]"
hdsp,chunk_40_44,41,1,3,conv,"[""conv"", ""prox_tv""]","[-9.235020637512207, -9.665907859802246]","[2.6923173209070228e-05, 3.595451562432572e-05]"
hdsp,chunk_40_44,41,1,4,conv,"[""conv"", ""prox_tv""]","[-9.128719329833984, -9.749778747558594]","[3.559373726602644e-05, 3.832472793874331e-05]"
hdsp,chunk_40_44,41,1,5,conv,"[""conv"", ""prox_tv""]","[-9.106148719787598, -9.836946487426758]","[2.6707681172410958e-05, 9.660901559982449e-05]"
hdsp,chunk_40_44,41,1,6,prox_tv,"[""conv"", ""prox_tv""]","[-9.568787574768066, -9.327971458435059]","[2.9376147722359747e-05, 2.6595587769406848e-05]"
hdsp,chunk_40_44,41,1,7,conv,"[""conv"", ""prox_tv""]","[-9.481108665466309, -9.740304946899414]","[3.3085285394918174e-05, 3.31649134750478e-05]"
hdsp,chunk_40_44,41,1,8,prox_tv,"[""conv"", ""prox_tv""]","[-9.879218101501465, -9.43576717376709]","[4.914246892440133e-05, 2.7985208362224512e-05]"
hdsp,chunk_40_44,41,2,1,conv_lowtv,"[""conv_lowtv"", ""wavelet"", ""inr""]","[-9.586018562316895, -10.519793510437012, -12.326468467712402]","[3.338013630127534e-05, 0.00017695667338557541, 0.0628950223326683]"
hdsp,chunk_40_44,41,2,2,conv_lowtv,"[""conv_lowtv"", ""wavelet"", ""inr""]","[-9.51501178741455, -10.263230323791504, -12.297962188720703]","[5.1196366257499903e-05, 0.00015416470705531538, 0.05832295119762421]"
hdsp,chunk_40_44,41,2,3,conv_lowtv,"[""conv_lowtv"", ""wavelet"", ""inr""]","[-9.201550483703613, -10.245579719543457, -12.567965507507324]","[4.1263399907620624e-05, 0.00019320925639476627, 0.05942491814494133]"
hdsp,chunk_40_44,41,2,4,conv_lowtv,"[""conv_lowtv"", ""wavelet"", ""inr""]","[-9.233315467834473, -10.395910263061523, -12.756682395935059]","[2.8336235118331388e-05, 0.00018357871158514172, 0.05780639126896858]"
hdsp,chunk_40_44,41,2,5,conv_lowtv,"[""conv_lowtv"", ""wavelet"", ""inr""]","[-9.445362091064453, -10.408978462219238, -12.853715896606445]","[4.3583193473750725e-05, 0.00015968881780281663, 0.05998457595705986]"
hdsp,chunk_40_44,41,2,6,conv_lowtv,"[""conv_lowtv"", ""wavelet"", ""inr""]","[-8.970297813415527, -10.289892196655273, -12.868311882019043]","[1.4087334420764819e-05, 0.00015436558169312775, 0.063838429749012]"
hdsp,chunk_40_44,41,2,7,conv_lowtv,"[""conv_lowtv"", ""wavelet"", ""inr""]","[-9.090485572814941, -10.270979881286621, -12.89877986907959]","[2.179632429033518e-05, 0.0001637479872442782, 0.062468018382787704]"
hdsp,chunk_40_44,41,2,8,conv_lowtv,"[""conv_lowtv"", ""wavelet"", ""inr""]","[-9.257330894470215, -10.177197456359863, -12.997943878173828]","[4.350449671619572e-05, 0.00020077389490325004, 0.070772185921669]"
hdsp,chunk_40_44,41,3,1,dct,"[""dct"", ""had""]","[-9.832751274108887, -10.248030662536621]","[4.184120552963577e-05, 4.3508825910976157e-05]"
hdsp,chunk_40_44,41,3,2,dct,"[""dct"", ""had""]","[-9.588260650634766, -9.992871284484863]","[5.2119856263743713e-05, 5.666374636348337e-05]"
hdsp,chunk_40_44,41,3,3,dct,"[""dct"", ""had""]","[-9.336591720581055, -9.859265327453613]","[4.877909304923378e-05, 5.631429667118937e-05]"
hdsp,chunk_40_44,41,3,4,dct,"[""dct"", ""had""]","[-9.36406421661377, -9.972187995910645]","[4.781627649208531e-05, 4.8861696996027604e-05]"
hdsp,chunk_40_44,41,3,5,dct,"[""dct"", ""had""]","[-9.390517234802246, -9.750856399536133]","[3.961245602113195e-05, 4.962536331731826e-05]"
hdsp,chunk_40_44,41,3,6,dct,"[""dct"", ""had""]","[-9.456940650939941, -9.991114616394043]","[4.6842993469908834e-05, 4.808637822861783e-05]"
hdsp,chunk_40_44,41,3,7,dct,"[""dct"", ""had""]","[-9.264476776123047, -9.865647315979004]","[2.16239186556777e-05, 4.235679443809204e-05]"
hdsp,chunk_40_44,41,3,8,had,"[""dct"", ""had""]","[-9.909440994262695, -9.57344913482666]","[6.475976260844618e-05, 2.9054159313091077e-05]"
hdsp,chunk_40_44,41,4,1,huber,"[""tv2"", ""huber""]","[-10.234877586364746, -9.967835426330566]","[0.00013800349552184343, 8.193538815248758e-05]"
hdsp,chunk_40_44,41,4,2,tv2,"[""tv2"", ""huber""]","[-9.26730728149414, -9.846165657043457]","[9.569185931468382e-05, 0.00011476722283987328]"
hdsp,chunk_40_44,41,4,3,tv2,"[""tv2"", ""huber""]","[-9.576619148254395, -9.627373695373535]","[0.00014040590031072497, 6.848335760878399e-05]"
hdsp,chunk_40_44,41,4,4,huber,"[""tv2"", ""huber""]","[-9.598628044128418, -9.55336856842041]","[9.825013694353402e-05, 7.303641905309632e-05]"
hdsp,chunk_40_44,41,4,5,huber,"[""tv2"", ""huber""]","[-9.95490550994873, -9.61497974395752]","[0.0001139044325100258, 7.720215944573283e-05]"
hdsp,chunk_40_44,41,4,6,tv2,"[""tv2"", ""huber""]","[-9.524358749389648, -10.241410255432129]","[0.00011860670201713219, 0.0002731921267695725]"
hdsp,chunk_40_44,41,4,7,huber,"[""tv2"", ""huber""]","[-9.516945838928223, -9.397948265075684]","[0.00010082471271743998, 5.6822180340532213e-05]"
hdsp,chunk_40_44,41,4,8,huber,"[""tv2"", ""huber""]","[-9.902972221374512, -9.54590129852295]","[0.0001442366192350164, 9.854452946456149e-05]"
hdsp,chunk_40_44,41,5,1,dct,"[""dct"", ""tv2""]","[-9.980713844299316, -10.108322143554688]","[6.921553722349927e-05, 0.00010885895608225837]"
hdsp,chunk_40_44,41,5,2,dct,"[""dct"", ""tv2""]","[-9.597274780273438, -9.803677558898926]","[4.958346107741818e-05, 9.806674643186852e-05]"
hdsp,chunk_40_44,41,5,3,tv2,"[""dct"", ""tv2""]","[-9.970098495483398, -8.978754997253418]","[9.609039261704311e-05, 8.338820043718442e-05]"
hdsp,chunk_40_44,41,5,4,dct,"[""dct"", ""tv2""]","[-9.473649024963379, -9.4736967086792]","[9.165849769487977e-05, 0.00011314071161905304]"
hdsp,chunk_40_44,41,5,5,tv2,"[""dct"", ""tv2""]","[-9.412592887878418, -9.295458793640137]","[3.971737532992847e-05, 5.394869367592037e-05]"
hdsp,chunk_40_44,41,5,6,tv2,"[""dct"", ""tv2""]","[-9.614814758300781, -9.367987632751465]","[4.5654975110664964e-05, 9.537431469652802e-05]"
hdsp,chunk_40_44,41,5,7,tv2,"[""dct"", ""tv2""]","[-9.643290519714355, -9.579546928405762]","[4.727296982309781e-05, 0.0001137329891207628]"
hdsp,chunk_40_44,41,5,8,dct,"[""dct"", ""tv2""]","[-9.557755470275879, -11.30972957611084]","[4.338871076470241e-05, 0.0008366347174160182]"
hdsp,chunk_40_44,42,0,1,phys,"[""phys"", ""robust""]","[-13.011603355407715, -13.17604923248291]","[0.002183558652177453, 0.0070507763884961605]"
hdsp,chunk_40_44,42,0,2,phys,"[""phys"", ""robust""]","[-13.228623390197754, -13.798134803771973]","[0.0011707019293680787, 0.006141968071460724]"
hdsp,chunk_40_44,42,0,3,phys,"[""phys"", ""robust""]","[-13.086861610412598, -13.582324028015137]","[0.0009136523003689945, 0.006445553619414568]"
hdsp,chunk_40_44,42,0,4,phys,"[""phys"", ""robust""]","[-13.798657417297363, -14.425823211669922]","[0.0014135349774733186, 0.006172282621264458]"
hdsp,chunk_40_44,42,0,5,phys,"[""phys"", ""robust""]","[-14.658709526062012, -16.383686065673828]","[0.0018410272896289825, 0.017587773501873016]"
hdsp,chunk_40_44,42,0,6,phys,"[""phys"", ""robust""]","[-13.683621406555176, -13.968670845031738]","[0.0011470452882349491, 0.00396783696487546]"
hdsp,chunk_40_44,42,0,7,phys,"[""phys"", ""robust""]","[-14.043752670288086, -14.708067893981934]","[0.0016767738852649927, 0.009567207656800747]"
hdsp,chunk_40_44,42,0,8,phys,"[""phys"", ""robust""]","[-14.45409107208252, -14.507052421569824]","[0.0026726126670837402, 0.00384765537455678]"
hdsp,chunk_40_44,42,1,1,conv,"[""conv"", ""prox_tv""]","[-12.891274452209473, -13.238781929016113]","[0.0011123382719233632, 0.0014160872669890523]"
hdsp,chunk_40_44,42,1,2,prox_tv,"[""conv"", ""prox_tv""]","[-13.478181838989258, -13.327258110046387]","[0.001163626555353403, 0.0008870344026945531]"
hdsp,chunk_40_44,42,1,3,prox_tv,"[""conv"", ""prox_tv""]","[-13.699307441711426, -13.624305725097656]","[0.0013420844916254282, 0.0006763417623005807]"
hdsp,chunk_40_44,42,1,4,conv,"[""conv"", ""prox_tv""]","[-13.66205883026123, -14.391243934631348]","[0.0021193684078752995, 0.002390198176726699]"
hdsp,chunk_40_44,42,1,5,conv,"[""conv"", ""prox_tv""]","[-14.057964324951172, -14.3501615524292]","[0.002049915259703994, 0.0023524591233581305]"
hdsp,chunk_40_44,42,1,6,conv,"[""conv"", ""prox_tv""]","[-14.139674186706543, -14.459122657775879]","[0.001453516073524952, 0.0014855146873742342]"
hdsp,chunk_40_44,42,1,7,conv,"[""conv"", ""prox_tv""]","[-14.863509178161621, -14.994400978088379]","[0.0019014779245480895, 0.0019007745431736112]"
hdsp,chunk_40_44,42,1,8,conv,"[""conv"", ""prox_tv""]","[-14.035823822021484, -14.49522590637207]","[0.0021484335884451866, 0.0036313196178525686]"
hdsp,chunk_40_44,42,2,1,conv_lowtv,"[""conv_lowtv"", ""wavelet"", ""inr""]","[-14.430081367492676, -14.480639457702637, -21.163318634033203]","[0.0015268935821950436, 0.000595437886659056, 0.4803819954395294]"
hdsp,chunk_40_44,42,2,2,conv_lowtv,"[""conv_lowtv"", ""wavelet"", ""inr""]","[-15.306809425354004, -16.317949295043945, -25.585050582885742]","[0.0009131118422374129, 0.003908833023160696, 0.4432513117790222]"
hdsp,chunk_40_44,42,2,3,conv_lowtv,"[""conv_lowtv"", ""wavelet"", ""inr""]","[-15.401211738586426, -16.69559669494629, -26.23092269897461]","[0.0012350567849352956, 0.004127517808228731, 0.44018399715423584]"
hdsp,chunk_40_44,42,2,4,conv_lowtv,"[""conv_lowtv"", ""wavelet"", ""inr""]","[-15.017193794250488, -15.474089622497559, -25.49224853515625]","[0.0016978663625195622, 0.002275236416608095, 0.473539799451828]"
hdsp,chunk_40_44,42,2,5,conv_lowtv,"[""conv_lowtv"", ""wavelet"", ""inr""]","[-15.969651222229004, -16.06814193725586, -26.627710342407227]","[0.0017252522520720959, 0.002265811199322343, 0.4562225937843323]"
hdsp,chunk_40_44,42,2,6,conv_lowtv,"[""conv_lowtv"", ""wavelet"", ""inr""]","[-16.205411911010742, -16.624000549316406, -27.656784057617188]","[0.0014421013183891773, 0.001464496017433703, 0.4591936767101288]"
hdsp,chunk_40_44,42,2,7,conv_lowtv,"[""conv_lowtv"", ""wavelet"", ""inr""]","[-15.94275188446045, -16.5631103515625, -27.62982940673828]","[0.002440845826640725, 0.0028183418326079845, 0.461699903011322]"
hdsp,chunk_40_44,42,2,8,conv_lowtv,"[""conv_lowtv"", ""wavelet"", ""inr""]","[-15.777868270874023, -16.19420051574707, -27.698627471923828]","[0.001946658012457192, 0.0014266340294852853, 0.48090270161628723]"
hdsp,chunk_40_44,42,3,1,dct,"[""dct"", ""had""]","[-12.862282752990723, -13.375134468078613]","[0.0012081891763955355, 0.001915076980367303]"
hdsp,chunk_40_44,42,3,2,dct,"[""dct"", ""had""]","[-14.018080711364746, -15.214008331298828]","[0.0015773569466546178, 0.0016665300354361534]"
hdsp,chunk_40_44,42,3,3,dct,"[""dct"", ""had""]","[-14.15235710144043, -15.818224906921387]","[0.001824960927478969, 0.006001225207000971]"
hdsp,chunk_40_44,42,3,4,had,"[""dct"", ""had""]","[-14.006966590881348, -13.82642650604248]","[0.0014079526299610734, 0.0012822988210245967]"
hdsp,chunk_40_44,42,3,5,had,"[""dct"", ""had""]","[-14.26120662689209, -13.960204124450684]","[0.0016048838151618838, 0.000915944401640445]"
hdsp,chunk_40_44,42,3,6,had,"[""dct"", ""had""]","[-14.258296012878418, -14.203324317932129]","[0.0013501569628715515, 0.0013423702912405133]"
hdsp,chunk_40_44,42,3,7,dct,"[""dct"", ""had""]","[-13.816546440124512, -14.322694778442383]","[0.0017989777261391282, 0.002442902885377407]"
hdsp,chunk_40_44,42,3,8,had,"[""dct"", ""had""]","[-15.468421936035156, -14.73510456085205]","[0.004124728497117758, 0.0018287370912730694]"
hdsp,chunk_40_44,42,4,1,huber,"[""tv2"", ""huber""]","[-13.150225639343262, -12.854514122009277]","[0.002906475681811571, 0.0009066766942851245]"
hdsp,chunk_40_44,42,4,2,tv2,"[""tv2"", ""huber""]","[-13.750670433044434, -15.281794548034668]","[0.001608796650543809, 0.0045515503734350204]"
hdsp,chunk_40_44,42,4,3,huber,"[""tv2"", ""huber""]","[-14.841693878173828, -14.394962310791016]","[0.004180062096565962, 0.0027950159274041653]"
hdsp,chunk_40_44,42,4,4,tv2,"[""tv2"", ""huber""]","[-14.810068130493164, -14.907526969909668]","[0.001734517514705658, 0.002179690869525075]"
hdsp,chunk_40_44,42,4,5,huber,"[""tv2"", ""huber""]","[-14.427773475646973, -14.276222229003906]","[0.0026825626846402884, 0.001673615537583828]"
hdsp,chunk_40_44,42,4,6,tv2,"[""tv2"", ""huber""]","[-13.960890769958496, -14.841442108154297]","[0.002228592988103628, 0.00243171164765954]"
hdsp,chunk_40_44,42,4,7,huber,"[""tv2"", ""huber""]","[-14.308629035949707, -14.275317192077637]","[0.002238707384094596, 0.0014457895886152983]"
hdsp,chunk_40_44,42,4,8,huber,"[""tv2"", ""huber""]","[-14.897271156311035, -14.610823631286621]","[0.002339120488613844, 0.001706171315163374]"
hdsp,chunk_40_44,42,5,1,dct,"[""dct"", ""tv2""]","[-12.904287338256836, -13.03918743133545]","[0.0009369776817038655, 0.0012439230922609568]"
hdsp,chunk_40_44,42,5,2,dct,"[""dct"", ""tv2""]","[-13.294692039489746, -13.369833946228027]","[0.0010519435163587332, 0.001773350639268756]"
hdsp,chunk_40_44,42,5,3,dct,"[""dct"", ""tv2""]","[-13.546647071838379, -13.984894752502441]","[0.0011874762130901217, 0.003132998012006283]"
hdsp,chunk_40_44,42,5,4,tv2,"[""dct"", ""tv2""]","[-13.660818099975586, -12.693243980407715]","[0.001877087401226163, 0.001871131476946175]"
hdsp,chunk_40_44,42,5,5,tv2,"[""dct"", ""tv2""]","[-14.117730140686035, -14.099454879760742]","[0.0015897953417152166, 0.00216858321800828]"
hdsp,chunk_40_44,42,5,6,tv2,"[""dct"", ""tv2""]","[-17.79782485961914, -14.683124542236328]","[0.010044234804809093, 0.002972906921058893]"
hdsp,chunk_40_44,42,5,7,dct,"[""dct"", ""tv2""]","[-14.503131866455078, -14.985468864440918]","[0.002508820965886116, 0.003989499993622303]"
hdsp,chunk_40_44,42,5,8,tv2,"[""dct"", ""tv2""]","[-15.387344360351562, -14.518536567687988]","[0.0011872079921886325, 0.0015922824386507273]"
hdsp,chunk_40_44,43,0,1,phys,"[""phys"", ""robust""]","[-10.277826309204102, -10.53319263458252]","[0.0002132057852577418, 0.005719907581806183]"
hdsp,chunk_40_44,43,0,2,phys,"[""phys"", ""robust""]","[-10.172515869140625, -10.407124519348145]","[0.00013904950174037367, 0.0029509509913623333]"
hdsp,chunk_40_44,43,0,3,phys,"[""phys"", ""robust""]","[-10.10134220123291, -10.395785331726074]","[0.00016102181689348072, 0.0016811094246804714]"
hdsp,chunk_40_44,43,0,4,phys,"[""phys"", ""robust""]","[-10.167893409729004, -10.594185829162598]","[0.00011726679076673463, 0.003109345445409417]"
hdsp,chunk_40_44,43,0,5,phys,"[""phys"", ""robust""]","[-10.571595191955566, -10.716473579406738]","[0.0002137428818969056, 0.002120568649843335]"
hdsp,chunk_40_44,43,0,6,robust,"[""phys"", ""robust""]","[-10.56382942199707, -10.343263626098633]","[0.0005307109095156193, 0.001078445347957313]"
hdsp,chunk_40_44,43,0,7,phys,"[""phys"", ""robust""]","[-10.565485954284668, -10.614453315734863]","[0.0003714596095960587, 0.005930091720074415]"
hdsp,chunk_40_44,43,0,8,phys,"[""phys"", ""robust""]","[-10.093098640441895, -10.630426406860352]","[0.00012210609565954655, 0.0025292164646089077]"
hdsp,chunk_40_44,43,1,1,prox_tv,"[""conv"", ""prox_tv""]","[-10.66939926147461, -10.330902099609375]","[0.00024351142928935587, 0.00021438518888317049]"
hdsp,chunk_40_44,43,1,2,prox_tv,"[""conv"", ""prox_tv""]","[-10.879631996154785, -10.487060546875]","[0.0003804178268183023, 0.00023189117200672626]"
hdsp,chunk_40_44,43,1,3,conv,"[""conv"", ""prox_tv""]","[-9.95705795288086, -10.486355781555176]","[0.00019290651835035533, 0.00029124171123839915]"
hdsp,chunk_40_44,43,1,4,conv,"[""conv"", ""prox_tv""]","[-10.03514575958252, -10.604008674621582]","[0.00016514518938492984, 0.00017467352154199034]"
hdsp,chunk_40_44,43,1,5,prox_tv,"[""conv"", ""prox_tv""]","[-10.383999824523926, -10.147345542907715]","[0.00017672190733719617, 0.00013171033060643822]"
hdsp,chunk_40_44,43,1,6,conv,"[""conv"", ""prox_tv""]","[-9.89803695678711, -10.42920970916748]","[0.00010962719534290954, 0.00016921509813982993]"
hdsp,chunk_40_44,43,1,7,conv,"[""conv"", ""prox_tv""]","[-10.044724464416504, -10.60297966003418]","[0.00011923003330593929, 0.0003342747804708779]"
hdsp,chunk_40_44,43,1,8,prox_tv,"[""conv"", ""prox_tv""]","[-10.082804679870605, -9.878373146057129]","[0.00013046187814325094, 0.00012519315350800753]"
hdsp,chunk_40_44,43,2,1,conv_lowtv,"[""conv_lowtv"", ""wavelet"", ""inr""]","[-10.216828346252441, -10.949711799621582, -12.94621467590332]","[0.00020914517517667264, 0.000627407047431916, 0.1229170486330986]"
hdsp,chunk_40_44,43,2,2,conv_lowtv,"[""conv_lowtv"", ""wavelet"", ""inr""]","[-10.55997371673584, -10.934662818908691, -13.00028133392334]","[0.0004310024087317288, 0.0006645605899393559, 0.11193358898162842]"
hdsp,chunk_40_44,43,2,3,conv_lowtv,"[""conv_lowtv"", ""wavelet"", ""inr""]","[-10.369673728942871, -10.897232055664062, -12.932271003723145]","[0.00027640582993626595, 0.0006392346112988889, 0.11290331929922104]"
hdsp,chunk_40_44,43,2,4,conv_lowtv,"[""conv_lowtv"", ""wavelet"", ""inr""]","[-10.501893043518066, -11.342385292053223, -13.623897552490234]","[0.00017351970018353313, 0.0007588583393953741, 0.11746092140674591]"
hdsp,chunk_40_44,43,2,5,conv_lowtv,"[""conv_lowtv"", ""wavelet"", ""inr""]","[-10.80312442779541, -11.47359848022461, -13.920073509216309]","[0.0003102838818449527, 0.0006489137304015458, 0.11355502903461456]"
hdsp,chunk_40_44,43,2,6,conv_lowtv,"[""conv_lowtv"", ""wavelet"", ""inr""]","[-10.730544090270996, -11.48119831085205, -14.049918174743652]","[0.00019919752958230674, 0.0006258857320062816, 0.1202792227268219]"
hdsp,chunk_40_44,43,2,7,conv_lowtv,"[""conv_lowtv"", ""wavelet"", ""inr""]","[-10.767108917236328, -11.498456001281738, -14.210749626159668]","[0.00021887051116209477, 0.0007317752460949123, 0.11846037209033966]"
hdsp,chunk_40_44,43,2,8,conv_lowtv,"[""conv_lowtv"", ""wavelet"", ""inr""]","[-10.541227340698242, -11.601214408874512, -14.717772483825684]","[8.112981595331803e-05, 0.0013651980552822351, 0.11705711483955383]"
hdsp,chunk_40_44,43,3,1,had,"[""dct"", ""had""]","[-10.602339744567871, -10.346526145935059]","[0.0002238531451439485, 0.000188435340533033]"
hdsp,chunk_40_44,43,3,2,had,"[""dct"", ""had""]","[-10.594040870666504, -10.210129737854004]","[0.00045470960321836174, 0.00025951804127544165]"
hdsp,chunk_40_44,43,3,3,had,"[""dct"", ""had""]","[-10.618348121643066, -10.31617259979248]","[0.0004386391956359148, 0.0002691666886676103]"
hdsp,chunk_40_44,43,3,4,dct,"[""dct"", ""had""]","[-10.135969161987305, -10.710310935974121]","[0.00022313684166874737, 0.00026040489319711924]"
hdsp,chunk_40_44,43,3,5,had,"[""dct"", ""had""]","[-10.573373794555664, -10.5513277053833]","[0.0004391826514620334, 0.0003643737582024187]"
hdsp,chunk_40_44,43,3,6,had,"[""dct"", ""had""]","[-10.373993873596191, -10.322127342224121]","[0.00024697277694940567, 0.00023655204859096557]"
hdsp,chunk_40_44,43,3,7,had,"[""dct"", ""had""]","[-10.583561897277832, -10.365315437316895]","[0.000321796047501266, 0.00022133167658466846]"
hdsp,chunk_40_44,43,3,8,dct,"[""dct"", ""had""]","[-10.17658805847168, -10.558951377868652]","[0.00021579867461696267, 0.0002667366643436253]"
hdsp,chunk_40_44,43,4,1,huber,"[""tv2"", ""huber""]","[-10.451960563659668, -10.283159255981445]","[0.0008278801687993109, 0.0006010677316226065]"
hdsp,chunk_40_44,43,4,2,huber,"[""tv2"", ""huber""]","[-10.116833686828613, -9.888720512390137]","[0.0010723313316702843, 0.00038808604585938156]"
hdsp,chunk_40_44,43,4,3,huber,"[""tv2"", ""huber""]","[-9.953913688659668, -9.94013500213623]","[0.0007712711812928319, 0.0004737584386020899]"
hdsp,chunk_40_44,43,4,4,huber,"[""tv2"", ""huber""]","[-10.105595588684082, -9.919777870178223]","[0.001166410744190216, 0.00046036014100536704]"
hdsp,chunk_40_44,43,4,5,tv2,"[""tv2"", ""huber""]","[-10.070237159729004, -10.161921501159668]","[0.0008022796246223152, 0.0006082258769311011]"
hdsp,chunk_40_44,43,4,6,tv2,"[""tv2"", ""huber""]","[-10.188268661499023, -10.190882682800293]","[0.0010743679013103247, 0.00038523616967722774]"
hdsp,chunk_40_44,43,4,7,tv2,"[""tv2"", ""huber""]","[-10.2694730758667, -10.291145324707031]","[0.000900572573300451, 0.0004957281635142863]"
hdsp,chunk_40_44,43,4,8,tv2,"[""tv2"", ""huber""]","[-10.080342292785645, -10.232998847961426]","[0.0005494035431183875, 0.00045810462324880064]"
hdsp,chunk_40_44,43,5,1,tv2,"[""dct"", ""tv2""]","[-10.465950012207031, -10.38601016998291]","[0.00021095732518006116, 0.0007996006170287728]"
hdsp,chunk_40_44,43,5,2,tv2,"[""dct"", ""tv2""]","[-10.244149208068848, -9.900453567504883]","[0.00021821532573085278, 0.0007828889065422118]"
hdsp,chunk_40_44,43,5,3,tv2,"[""dct"", ""tv2""]","[-10.195987701416016, -9.690373420715332]","[0.00027531286468729377, 0.00044033167068846524]"
hdsp,chunk_40_44,43,5,4,tv2,"[""dct"", ""tv2""]","[-10.044230461120605, -9.924126625061035]","[0.00017042056424543262, 0.0007450188277289271]"
hdsp,chunk_40_44,43,5,5,tv2,"[""dct"", ""tv2""]","[-10.10740852355957, -9.996262550354004]","[0.000122433717478998, 0.000730290892533958]"
hdsp,chunk_40_44,43,5,6,tv2,"[""dct"", ""tv2""]","[-10.261201858520508, -10.087589263916016]","[0.0002214046980952844, 0.0008035589708015323]"
hdsp,chunk_40_44,43,5,7,tv2,"[""dct"", ""tv2""]","[-10.34317684173584, -10.299056053161621]","[0.0003035937843378633, 0.0010722624137997627]"
hdsp,chunk_40_44,43,5,8,tv2,"[""dct"", ""tv2""]","[-10.46366024017334, -10.2305269241333]","[0.0003260238154325634, 0.0008603483438491821]"
hdsp,chunk_40_44,44,0,1,phys,"[""phys"", ""robust""]","[-11.14686393737793, -11.565727233886719]","[0.000781102164182812, 0.0029725758358836174]"
hdsp,chunk_40_44,44,0,2,phys,"[""phys"", ""robust""]","[-11.031484603881836, -11.675209999084473]","[0.001195472781546414, 0.002738628536462784]"
hdsp,chunk_40_44,44,0,3,robust,"[""phys"", ""robust""]","[-12.220586776733398, -11.392584800720215]","[0.0024919917341321707, 0.00168984557967633]"
hdsp,chunk_40_44,44,0,4,phys,"[""phys"", ""robust""]","[-11.509702682495117, -11.851017951965332]","[0.0023775422014296055, 0.004946778062731028]"
hdsp,chunk_40_44,44,0,5,phys,"[""phys"", ""robust""]","[-12.081138610839844, -12.67668342590332]","[0.0009120288887061179, 0.0029143933206796646]"
hdsp,chunk_40_44,44,0,6,phys,"[""phys"", ""robust""]","[-12.403855323791504, -12.420491218566895]","[0.0017366268439218402, 0.003423100570216775]"
hdsp,chunk_40_44,44,0,7,phys,"[""phys"", ""robust""]","[-11.833374977111816, -12.770133018493652]","[0.002764293923974037, 0.005879693664610386]"
hdsp,chunk_40_44,44,0,8,phys,"[""phys"", ""robust""]","[-11.614214897155762, -12.4397554397583]","[0.0006691902526654303, 0.0035572946071624756]"
hdsp,chunk_40_44,44,1,1,conv,"[""conv"", ""prox_tv""]","[-11.114228248596191, -11.511134147644043]","[0.0008879901724867523, 0.0011708055390045047]"
hdsp,chunk_40_44,44,1,2,conv,"[""conv"", ""prox_tv""]","[-12.299129486083984, -12.3942232131958]","[0.0004819915338885039, 0.0011722989147529006]"
hdsp,chunk_40_44,44,1,3,conv,"[""conv"", ""prox_tv""]","[-12.02879810333252, -12.144837379455566]","[0.0008120272541418672, 0.0019038787577301264]"
hdsp,chunk_40_44,44,1,4,conv,"[""conv"", ""prox_tv""]","[-11.439682960510254, -11.985268592834473]","[0.0009739698143675923, 0.0011746028903871775]"
hdsp,chunk_40_44,44,1,5,prox_tv,"[""conv"", ""prox_tv""]","[-12.25230884552002, -11.36565113067627]","[0.0019442546181380749, 0.001558370073325932]"
hdsp,chunk_40_44,44,1,6,prox_tv,"[""conv"", ""prox_tv""]","[-12.19715404510498, -11.856101989746094]","[0.0014243038604035974, 0.0011045332066714764]"
hdsp,chunk_40_44,44,1,7,prox_tv,"[""conv"", ""prox_tv""]","[-11.912064552307129, -11.569428443908691]","[0.0017983077559620142, 0.0015093960100784898]"
hdsp,chunk_40_44,44,1,8,conv,"[""conv"", ""prox_tv""]","[-11.048099517822266, -12.247897148132324]","[0.0005401628441177309, 0.0040242671966552734]"
hdsp,chunk_40_44,44,2,1,conv_lowtv,"[""conv_lowtv"", ""wavelet"", ""inr""]","[-11.920517921447754, -12.325016975402832, -19.75878143310547]","[0.0010937238112092018, 0.0006595103768631816, 0.2291773110628128]"
hdsp,chunk_40_44,44,2,2,conv_lowtv,"[""conv_lowtv"", ""wavelet"", ""inr""]","[-11.663007736206055, -13.2424898147583, -20.597490310668945]","[0.0019370821537449956, 0.005666882731020451, 0.23578493297100067]"
hdsp,chunk_40_44,44,2,3,wavelet,"[""conv_lowtv"", ""wavelet"", ""inr""]","[-13.239164352416992, -13.125351905822754, -21.751079559326172]","[0.006352252326905727, 0.0026901965029537678, 0.22219865024089813]"
hdsp,chunk_40_44,44,2,4,wavelet,"[""conv_lowtv"", ""wavelet"", ""inr""]","[-12.946309089660645, -12.844395637512207, -22.207557678222656]","[0.002140290569514036, 0.0020404041279107332, 0.2284540832042694]"
hdsp,chunk_40_44,44,2,5,wavelet,"[""conv_lowtv"", ""wavelet"", ""inr""]","[-13.380681037902832, -12.595780372619629, -22.35224151611328]","[0.0025060619227588177, 0.001219346304424107, 0.233878955245018]"
hdsp,chunk_40_44,44,2,6,wavelet,"[""conv_lowtv"", ""wavelet"", ""inr""]","[-14.937603950500488, -13.455876350402832, -22.35972785949707]","[0.010304716415703297, 0.003855121321976185, 0.22813072800636292]"
hdsp,chunk_40_44,44,2,7,conv_lowtv,"[""conv_lowtv"", ""wavelet"", ""inr""]","[-11.903158187866211, -12.609063148498535, -21.83761978149414]","[0.0009073559776879847, 0.0016630658647045493, 0.22611764073371887]"
hdsp,chunk_40_44,44,2,8,conv_lowtv,"[""conv_lowtv"", ""wavelet"", ""inr""]","[-14.155523300170898, -14.368290901184082, -21.759929656982422]","[0.0017181850271299481, 0.0016199745004996657, 0.22416794300079346]"
hdsp,chunk_40_44,44,3,1,had,"[""dct"", ""had""]","[-11.499701499938965, -11.334453582763672]","[0.0009333087364211679, 0.0008747740066610277]"
hdsp,chunk_40_44,44,3,2,had,"[""dct"", ""had""]","[-11.323554039001465, -11.155152320861816]","[0.001253793016076088, 0.0012008094927296042]"
hdsp,chunk_40_44,44,3,3,dct,"[""dct"", ""had""]","[-12.013067245483398, -12.181931495666504]","[0.0005995269166305661, 0.0016060748603194952]"
hdsp,chunk_40_44,44,3,4,had,"[""dct"", ""had""]","[-12.356637001037598, -11.882819175720215]","[0.0012167448876425624, 0.001035479363054037]"
hdsp,chunk_40_44,44,3,5,dct,"[""dct"", ""had""]","[-11.566885948181152, -12.04515552520752]","[0.0020910908933728933, 0.0034395973198115826]"
hdsp,chunk_40_44,44,3,6,dct,"[""dct"", ""had""]","[-11.671664237976074, -11.718703269958496]","[0.0016149459406733513, 0.0013695026282221079]"
hdsp,chunk_40_44,44,3,7,had,"[""dct"", ""had""]","[-11.649701118469238, -11.472210884094238]","[0.0011777221225202084, 0.0007629181491211057]"
hdsp,chunk_40_44,44,3,8,had,"[""dct"", ""had""]","[-11.815277099609375, -11.707777976989746]","[0.001793207018636167, 0.0008429682930000126]"
hdsp,chunk_40_44,44,4,1,huber,"[""tv2"", ""huber""]","[-11.441917419433594, -11.406519889831543]","[0.0017543545691296458, 0.0013947898987680674]"
hdsp,chunk_40_44,44,4,2,huber,"[""tv2"", ""huber""]","[-12.222182273864746, -11.55787181854248]","[0.0032331214752048254, 0.0011900721583515406]"
hdsp,chunk_40_44,44,4,3,huber,"[""tv2"", ""huber""]","[-12.157881736755371, -11.451929092407227]","[0.002996432362124324, 0.0017183098243549466]"
hdsp,chunk_40_44,44,4,4,huber,"[""tv2"", ""huber""]","[-11.91714859008789, -11.8242769241333]","[0.0015751627506688237, 0.0012692541349679232]"
hdsp,chunk_40_44,44,4,5,huber,"[""tv2"", ""huber""]","[-12.550063133239746, -11.503523826599121]","[0.006768799852579832, 0.001426110160537064]"
hdsp,chunk_40_44,44,4,6,huber,"[""tv2"", ""huber""]","[-12.94592571258545, -11.704072952270508]","[0.008161528967320919, 0.0023274279665201902]"
hdsp,chunk_40_44,44,4,7,tv2,"[""tv2"", ""huber""]","[-11.359604835510254, -11.36245346069336]","[0.0019117249175906181, 0.0010380346793681383]"
hdsp,chunk_40_44,44,4,8,huber,"[""tv2"", ""huber""]","[-11.819464683532715, -11.766977310180664]","[0.0016983934910967946, 0.0013043766375631094]"
hdsp,chunk_40_44,44,5,1,dct,"[""dct"", ""tv2""]","[-11.376494407653809, -11.595341682434082]","[0.0016305253375321627, 0.002560023218393326]"
hdsp,chunk_40_44,44,5,2,tv2,"[""dct"", ""tv2""]","[-11.263715744018555, -10.574515342712402]","[0.0016897559398785233, 0.0010221385164186358]"
hdsp,chunk_40_44,44,5,3,dct,"[""dct"", ""tv2""]","[-11.220696449279785, -12.001054763793945]","[0.0014241460012272, 0.0030070107895880938]"
hdsp,chunk_40_44,44,5,4,tv2,"[""dct"", ""tv2""]","[-12.87082576751709, -10.914417266845703]","[0.0062441593036055565, 0.0009631179855205119]"
hdsp,chunk_40_44,44,5,5,tv2,"[""dct"", ""tv2""]","[-14.114662170410156, -10.630219459533691]","[0.015419079922139645, 0.0010232487693428993]"
hdsp,chunk_40_44,44,5,6,tv2,"[""dct"", ""tv2""]","[-13.048375129699707, -11.346559524536133]","[0.005614044610410929, 0.0017032896867021918]"
hdsp,chunk_40_44,44,5,7,tv2,"[""dct"", ""tv2""]","[-13.860154151916504, -11.285811424255371]","[0.012263253331184387, 0.0014657940482720733]"
hdsp,chunk_40_44,44,5,8,tv2,"[""dct"", ""tv2""]","[-11.798254013061523, -10.880162239074707]","[0.0013249629409983754, 0.001000674325041473]"
hdsp,chunk_45_49,45,0,1,phys,"[""phys"", ""robust""]","[-9.99866771697998, -10.042717933654785]","[0.0001551717141410336, 0.005125891417264938]"
hdsp,chunk_45_49,45,0,2,phys,"[""phys"", ""robust""]","[-9.670361518859863, -9.993171691894531]","[0.00012211523426230997, 0.002473613014444709]"
hdsp,chunk_45_49,45,0,3,phys,"[""phys"", ""robust""]","[-9.727156639099121, -10.01530933380127]","[8.845199045026675e-05, 0.0010187207954004407]"
hdsp,chunk_45_49,45,0,4,phys,"[""phys"", ""robust""]","[-9.66393756866455, -9.962915420532227]","[8.759694901527837e-05, 0.0013370317174121737]"
hdsp,chunk_45_49,45,0,5,phys,"[""phys"", ""robust""]","[-9.4680757522583, -9.845181465148926]","[7.621892291354015e-05, 0.0008821635856293142]"
hdsp,chunk_45_49,45,0,6,phys,"[""phys"", ""robust""]","[-9.602715492248535, -10.02593994140625]","[7.982414535945281e-05, 0.001564543112181127]"
hdsp,chunk_45_49,45,0,7,phys,"[""phys"", ""robust""]","[-9.435159683227539, -9.788251876831055]","[5.586555926129222e-05, 0.0007150698220357299]"
hdsp,chunk_45_49,45,0,8,phys,"[""phys"", ""robust""]","[-9.42693042755127, -9.847174644470215]","[5.313905421644449e-05, 0.000421007425757125]"
hdsp,chunk_45_49,45,1,1,prox_tv,"[""conv"", ""prox_tv""]","[-10.534316062927246, -10.203837394714355]","[0.00017343957733828574, 8.505385630996898e-05]"
hdsp,chunk_45_49,45,1,2,conv,"[""conv"", ""prox_tv""]","[-9.866985321044922, -10.295266151428223]","[0.00013029377441853285, 0.00016698709805496037]"
hdsp,chunk_45_49,45,1,3,prox_tv,"[""conv"", ""prox_tv""]","[-10.300470352172852, -10.048454284667969]","[0.00011840531806228682, 0.0001060146460076794]"
hdsp,chunk_45_49,45,1,4,conv,"[""conv"", ""prox_tv""]","[-9.210864067077637, -9.84471607208252]","[5.8685771364253014e-05, 6.996132287895307e-05]"
hdsp,chunk_45_49,45,1,5,prox_tv,"[""conv"", ""prox_tv""]","[-9.965340614318848, -9.557846069335938]","[7.565041596535593e-05, 5.1189246732974425e-05]"
hdsp,chunk_45_49,45,1,6,conv,"[""conv"", ""prox_tv""]","[-9.396662712097168, -9.828031539916992]","[4.256998363416642e-05, 5.316073293215595e-05]"
hdsp,chunk_45_49,45,1,7,prox_tv,"[""conv"", ""prox_tv""]","[-9.751476287841797, -9.556386947631836]","[5.321770368027501e-05, 4.8909365432336926e-05]"
hdsp,chunk_45_49,45,1,8,conv,"[""conv"", ""prox_tv""]","[-9.434386253356934, -9.788016319274902]","[4.781164534506388e-05, 5.515387238119729e-05]"
hdsp,chunk_45_49,45,2,1,conv_lowtv,"[""conv_lowtv"", ""wavelet"", ""inr""]","[-10.076925277709961, -10.675030708312988, -12.252798080444336]","[0.00016712112119421363, 0.00030749765574000776, 0.1271742284297943]"
hdsp,chunk_45_49,45,2,2,conv_lowtv,"[""conv_lowtv"", ""wavelet"", ""inr""]","[-9.990346908569336, -11.059847831726074, -13.121960639953613]","[0.00011501369590405375, 0.0003889903600793332, 0.13903342187404633]"
hdsp,chunk_45_49,45,2,3,conv_lowtv,"[""conv_lowtv"", ""wavelet"", ""inr""]","[-9.778446197509766, -11.461127281188965, -13.754138946533203]","[0.00012203704682178795, 0.00042397473589517176, 0.14005696773529053]"
hdsp,chunk_45_49,45,2,4,conv_lowtv,"[""conv_lowtv"", ""wavelet"", ""inr""]","[-9.771181106567383, -11.28975772857666, -13.822932243347168]","[7.146097777877003e-05, 0.00045587317436002195, 0.14369907975196838]"
hdsp,chunk_45_49,45,2,5,conv_lowtv,"[""conv_lowtv"", ""wavelet"", ""inr""]","[-10.311575889587402, -11.779572486877441, -14.314310073852539]","[8.146089385263622e-05, 0.0003782915591727942, 0.14230921864509583]"
hdsp,chunk_45_49,45,2,6,conv_lowtv,"[""conv_lowtv"", ""wavelet"", ""inr""]","[-10.195769309997559, -11.819595336914062, -14.644413948059082]","[4.4242180592846125e-05, 0.0003932103863917291, 0.14271336793899536]"
hdsp,chunk_45_49,45,2,7,conv_lowtv,"[""conv_lowtv"", ""wavelet"", ""inr""]","[-10.14144229888916, -12.096589088439941, -14.582788467407227]","[5.0520564400358126e-05, 0.0004972146125510335, 0.1350364238023758]"
hdsp,chunk_45_49,45,2,8,conv_lowtv,"[""conv_lowtv"", ""wavelet"", ""inr""]","[-10.1922025680542, -12.076068878173828, -14.949809074401855]","[4.163541234447621e-05, 0.00040913576958701015, 0.1661948412656784]"
hdsp,chunk_45_49,45,3,1,dct,"[""dct"", ""had""]","[-10.094977378845215, -10.402430534362793]","[0.00014146622561383992, 0.00018393238133285195]"
hdsp,chunk_45_49,45,3,2,had,"[""dct"", ""had""]","[-10.430534362792969, -9.800887107849121]","[0.00014643280883319676, 9.849767957348377e-05]"
hdsp,chunk_45_49,45,3,3,had,"[""dct"", ""had""]","[-10.223657608032227, -9.625794410705566]","[0.00016656921070534736, 0.00011261266627116129]"
hdsp,chunk_45_49,45,3,4,dct,"[""dct"", ""had""]","[-9.854293823242188, -10.258749961853027]","[7.097253546817228e-05, 0.00013616129581350833]"
hdsp,chunk_45_49,45,3,5,had,"[""dct"", ""had""]","[-10.107293128967285, -9.87878131866455]","[0.00013108424900565296, 5.7369834394194186e-05]"
hdsp,chunk_45_49,45,3,6,dct,"[""dct"", ""had""]","[-9.837870597839355, -10.257434844970703]","[7.714690582361072e-05, 9.266353299608454e-05]"
hdsp,chunk_45_49,45,3,7,had,"[""dct"", ""had""]","[-10.355589866638184, -9.760723114013672]","[9.735560161061585e-05, 9.419164416613057e-05]"
hdsp,chunk_45_49,45,3,8,dct,"[""dct"", ""had""]","[-9.992181777954102, -10.60919189453125]","[9.22481922316365e-05, 0.00011514336074469611]"
hdsp,chunk_45_49,45,4,1,tv2,"[""tv2"", ""huber""]","[-10.141312599182129, -10.193732261657715]","[0.00023354540462605655, 0.0001935969339683652]"
hdsp,chunk_45_49,45,4,2,tv2,"[""tv2"", ""huber""]","[-9.248902320861816, -9.864657402038574]","[0.00016959841013886034, 0.00019507193064782768]"
hdsp,chunk_45_49,45,4,3,tv2,"[""tv2"", ""huber""]","[-9.430685043334961, -9.599793434143066]","[0.0001176702426164411, 0.00011144096060888842]"
hdsp,chunk_45_49,45,4,4,tv2,"[""tv2"", ""huber""]","[-9.091839790344238, -10.022821426391602]","[9.372206113766879e-05, 0.00013800988381262869]"
hdsp,chunk_45_49,45,4,5,tv2,"[""tv2"", ""huber""]","[-9.712112426757812, -9.785196304321289]","[0.00013157774810679257, 0.00012125608191126958]"
hdsp,chunk_45_49,45,4,6,tv2,"[""tv2"", ""huber""]","[-9.682071685791016, -9.735567092895508]","[0.00011138374975416809, 0.00011045081191696227]"
hdsp,chunk_45_49,45,4,7,tv2,"[""tv2"", ""huber""]","[-9.745811462402344, -9.770101547241211]","[0.00018041764269582927, 0.0001522434176877141]"
hdsp,chunk_45_49,45,4,8,tv2,"[""tv2"", ""huber""]","[-9.363757133483887, -10.09970474243164]","[0.00013299286365509033, 0.00021480565192177892]"
hdsp,chunk_45_49,45,5,1,dct,"[""dct"", ""tv2""]","[-10.076807975769043, -10.518648147583008]","[0.00011424830881878734, 0.0003135726728942245]"
hdsp,chunk_45_49,45,5,2,tv2,"[""dct"", ""tv2""]","[-9.872075080871582, -9.603398323059082]","[0.00013577639765571803, 0.00021095854754094034]"
hdsp,chunk_45_49,45,5,3,dct,"[""dct"", ""tv2""]","[-9.346446990966797, -9.425263404846191]","[7.78929897933267e-05, 0.00011962979624513537]"
hdsp,chunk_45_49,45,5,4,tv2,"[""dct"", ""tv2""]","[-9.73389720916748, -9.602869987487793]","[8.275019354186952e-05, 0.00015278450155165046]"
hdsp,chunk_45_49,45,5,5,tv2,"[""dct"", ""tv2""]","[-9.612408638000488, -9.331496238708496]","[9.676484478404745e-05, 0.00015396597154904157]"
hdsp,chunk_45_49,45,5,6,dct,"[""dct"", ""tv2""]","[-9.571409225463867, -9.59578800201416]","[9.118337038671598e-05, 0.00012336033978499472]"
hdsp,chunk_45_49,45,5,7,dct,"[""dct"", ""tv2""]","[-9.285222053527832, -9.513049125671387]","[5.153237725608051e-05, 0.00011665571219054982]"
hdsp,chunk_45_49,45,5,8,tv2,"[""dct"", ""tv2""]","[-9.603205680847168, -9.50302791595459]","[9.050260996446013e-05, 0.00010509312414797023]"
hdsp,chunk_45_49,46,0,1,phys,"[""phys"", ""robust""]","[-9.798516273498535, -10.133471488952637]","[0.0002090042398776859, 0.002480461960658431]"
hdsp,chunk_45_49,46,0,2,phys,"[""phys"", ""robust""]","[-9.994705200195312, -10.14425277709961]","[0.00047425407683476806, 0.0021751371677964926]"
hdsp,chunk_45_49,46,0,3,phys,"[""phys"", ""robust""]","[-9.743430137634277, -10.142151832580566]","[0.00017865505651570857, 0.001823930419050157]"
hdsp,chunk_45_49,46,0,4,phys,"[""phys"", ""robust""]","[-9.845141410827637, -10.214301109313965]","[0.00032248880597762764, 0.001678785658441484]"
hdsp,chunk_45_49,46,0,5,phys,"[""phys"", ""robust""]","[-9.711465835571289, -10.112504005432129]","[0.00017415924230590463, 0.0016433378914371133]"
hdsp,chunk_45_49,46,0,6,phys,"[""phys"", ""robust""]","[-9.857932090759277, -10.217565536499023]","[0.00020047262660227716, 0.0009660292998887599]"
hdsp,chunk_45_49,46,0,7,phys,"[""phys"", ""robust""]","[-9.88217830657959, -10.107136726379395]","[0.0007827537483535707, 0.0009429192286916077]"
hdsp,chunk_45_49,46,0,8,phys,"[""phys"", ""robust""]","[-9.77741527557373, -10.231995582580566]","[0.00010873963037738577, 0.0016766235930845141]"
hdsp,chunk_45_49,46,1,1,conv,"[""conv"", ""prox_tv""]","[-9.68053150177002, -10.119946479797363]","[0.0001902583462651819, 0.00021086016204208136]"
hdsp,chunk_45_49,46,1,2,prox_tv,"[""conv"", ""prox_tv""]","[-9.724957466125488, -9.625100135803223]","[0.00020555163791868836, 0.00016432543634437025]"
hdsp,chunk_45_49,46,1,3,prox_tv,"[""conv"", ""prox_tv""]","[-9.789899826049805, -9.654742240905762]","[0.0003254734037909657, 0.00021040686988271773]"
hdsp,chunk_45_49,46,1,4,prox_tv,"[""conv"", ""prox_tv""]","[-9.779452323913574, -9.521392822265625]","[0.0004316266276873648, 0.0003625962126534432]"
hdsp,chunk_45_49,46,1,5,prox_tv,"[""conv"", ""prox_tv""]","[-10.115548133850098, -9.752191543579102]","[0.0003961383772548288, 0.0002660099999047816]"
hdsp,chunk_45_49,46,1,6,prox_tv,"[""conv"", ""prox_tv""]","[-9.960824012756348, -9.737977981567383]","[0.00027515660622157156, 0.00013705375022254884]"
hdsp,chunk_45_49,46,1,7,prox_tv,"[""conv"", ""prox_tv""]","[-9.818854331970215, -9.695477485656738]","[0.0004090587026439607, 9.274864714825526e-05]"
hdsp,chunk_45_49,46,1,8,conv,"[""conv"", ""prox_tv""]","[-9.592318534851074, -10.157355308532715]","[0.0003152384888380766, 0.0003862485464196652]"
hdsp,chunk_45_49,46,2,1,conv_lowtv,"[""conv_lowtv"", ""wavelet"", ""inr""]","[-9.889257431030273, -10.659170150756836, -13.065995216369629]","[0.0001762365864124149, 0.000961494748480618, 0.10002896934747696]"
hdsp,chunk_45_49,46,2,2,conv_lowtv,"[""conv_lowtv"", ""wavelet"", ""inr""]","[-9.88321590423584, -10.556960105895996, -13.41896915435791]","[0.00045574450632557273, 0.000828817836008966, 0.09450434148311615]"
hdsp,chunk_45_49,46,2,3,conv_lowtv,"[""conv_lowtv"", ""wavelet"", ""inr""]","[-9.970538139343262, -10.689109802246094, -13.749859809875488]","[0.00043210320291109383, 0.0008325547096319497, 0.10671109706163406]"
hdsp,chunk_45_49,46,2,4,conv_lowtv,"[""conv_lowtv"", ""wavelet"", ""inr""]","[-9.835098266601562, -10.55380630493164, -13.508524894714355]","[0.00025730719789862633, 0.0008114450029097497, 0.09403590112924576]"
hdsp,chunk_45_49,46,2,5,conv_lowtv,"[""conv_lowtv"", ""wavelet"", ""inr""]","[-9.765531539916992, -10.726320266723633, -13.726694107055664]","[0.00016194331692531705, 0.0009031126974150538, 0.09614389389753342]"
hdsp,chunk_45_49,46,2,6,conv_lowtv,"[""conv_lowtv"", ""wavelet"", ""inr""]","[-9.780909538269043, -10.592323303222656, -13.696093559265137]","[0.00016722199507057667, 0.0007603375124745071, 0.0975240170955658]"
hdsp,chunk_45_49,46,2,7,conv_lowtv,"[""conv_lowtv"", ""wavelet"", ""inr""]","[-9.815927505493164, -10.618623733520508, -13.74332332611084]","[0.00018443490262143314, 0.0007510725990869105, 0.0912814661860466]"
hdsp,chunk_45_49,46,2,8,conv_lowtv,"[""conv_lowtv"", ""wavelet"", ""inr""]","[-9.929791450500488, -10.929696083068848, -13.9293794631958]","[0.00010912024299614131, 0.0012094901176169515, 0.09999305009841919]"
hdsp,chunk_45_49,46,3,1,dct,"[""dct"", ""had""]","[-9.902205467224121, -10.345650672912598]","[0.0002344561944482848, 0.00034519846667535603]"
hdsp,chunk_45_49,46,3,2,dct,"[""dct"", ""had""]","[-9.48781681060791, -9.988375663757324]","[0.0003007424820680171, 0.00039021956035867333]"
hdsp,chunk_45_49,46,3,3,dct,"[""dct"", ""had""]","[-9.683801651000977, -9.983099937438965]","[0.0003297380171716213, 0.0003655016771517694]"
hdsp,chunk_45_49,46,3,4,had,"[""dct"", ""had""]","[-9.858773231506348, -9.671226501464844]","[0.00030662506469525397, 0.0001459004997741431]"
hdsp,chunk_45_49,46,3,5,had,"[""dct"", ""had""]","[-9.894505500793457, -9.715919494628906]","[0.00020027511345688254, 0.00019720933050848544]"
hdsp,chunk_45_49,46,3,6,dct,"[""dct"", ""had""]","[-9.599756240844727, -10.07784366607666]","[0.00025571612059138715, 0.0004459325864445418]"
hdsp,chunk_45_49,46,3,7,dct,"[""dct"", ""had""]","[-9.531390190124512, -10.179723739624023]","[0.00016950569988694042, 0.00026592714129947126]"
hdsp,chunk_45_49,46,3,8,dct,"[""dct"", ""had""]","[-9.754181861877441, -10.158602714538574]","[0.0003488711081445217, 0.000351354741724208]"
hdsp,chunk_45_49,46,4,1,huber,"[""tv2"", ""huber""]","[-10.105531692504883, -9.964886665344238]","[0.0009592212154529989, 0.0005069595063105226]"
hdsp,chunk_45_49,46,4,2,tv2,"[""tv2"", ""huber""]","[-9.191672325134277, -9.94344425201416]","[0.0006788098253309727, 0.0008786415564827621]"
hdsp,chunk_45_49,46,4,3,tv2,"[""tv2"", ""huber""]","[-9.647900581359863, -9.703845977783203]","[0.0009421156719326973, 0.0003575485316105187]"
hdsp,chunk_45_49,46,4,4,huber,"[""tv2"", ""huber""]","[-9.657835960388184, -9.65771198272705]","[0.00046406645560637116, 0.00041112012695521116]"
hdsp,chunk_45_49,46,4,5,tv2,"[""tv2"", ""huber""]","[-9.631794929504395, -9.7257661819458]","[0.0009600817575119436, 0.0005533023504540324]"
hdsp,chunk_45_49,46,4,6,tv2,"[""tv2"", ""huber""]","[-9.581454277038574, -9.62769603729248]","[0.0007964486721903086, 0.00038280346780084074]"
hdsp,chunk_45_49,46,4,7,huber,"[""tv2"", ""huber""]","[-9.833577156066895, -9.818448066711426]","[0.0008089701877906919, 0.0003979699977207929]"
hdsp,chunk_45_49,46,4,8,tv2,"[""tv2"", ""huber""]","[-9.711838722229004, -9.871630668640137]","[0.0005855321069248021, 0.0004917974001727998]"
hdsp,chunk_45_49,46,5,1,dct,"[""dct"", ""tv2""]","[-9.845284461975098, -9.952506065368652]","[0.0005413564504124224, 0.0009092697873711586]"
hdsp,chunk_45_49,46,5,2,dct,"[""dct"", ""tv2""]","[-9.55296802520752, -9.584267616271973]","[0.00023588701151311398, 0.0011518028331920505]"
hdsp,chunk_45_49,46,5,3,dct,"[""dct"", ""tv2""]","[-9.535096168518066, -9.548849105834961]","[0.00016760405560489744, 0.0008709956309758127]"
hdsp,chunk_45_49,46,5,4,dct,"[""dct"", ""tv2""]","[-9.491074562072754, -9.674603462219238]","[0.00015896181866992265, 0.0009445503819733858]"
hdsp,chunk_45_49,46,5,5,tv2,"[""dct"", ""tv2""]","[-9.598297119140625, -9.59548282623291]","[0.00035744303022511303, 0.0005849793087691069]"
hdsp,chunk_45_49,46,5,6,tv2,"[""dct"", ""tv2""]","[-9.669537544250488, -9.641230583190918]","[0.0007005719817243516, 0.0010220450349152088]"
hdsp,chunk_45_49,46,5,7,tv2,"[""dct"", ""tv2""]","[-9.584506034851074, -9.547074317932129]","[0.0002666168147698045, 0.000584884372074157]"
hdsp,chunk_45_49,46,5,8,tv2,"[""dct"", ""tv2""]","[-9.81595516204834, -9.735283851623535]","[0.00047232609358616173, 0.0007917453185655177]"
hdsp,chunk_45_49,47,0,1,phys,"[""phys"", ""robust""]","[-10.9398193359375, -11.39121150970459]","[0.0034985621459782124, 0.012556870467960835]"
hdsp,chunk_45_49,47,0,2,phys,"[""phys"", ""robust""]","[-11.125191688537598, -11.55058765411377]","[0.003979069646447897, 0.00607572216540575]"
hdsp,chunk_45_49,47,0,3,phys,"[""phys"", ""robust""]","[-11.177703857421875, -11.520743370056152]","[0.001895406050607562, 0.006632943172007799]"
hdsp,chunk_45_49,47,0,4,phys,"[""phys"", ""robust""]","[-11.54059886932373, -11.871678352355957]","[0.0022856274154037237, 0.005165769252926111]"
hdsp,chunk_45_49,47,0,5,phys,"[""phys"", ""robust""]","[-11.295641899108887, -11.69314956665039]","[0.0020003265235573053, 0.00328908977098763]"
hdsp,chunk_45_49,47,0,6,phys,"[""phys"", ""robust""]","[-11.212922096252441, -11.820515632629395]","[0.0029375129379332066, 0.00947378110140562]"
hdsp,chunk_45_49,47,0,7,phys,"[""phys"", ""robust""]","[-11.537590980529785, -11.963515281677246]","[0.0031474733259528875, 0.006773605011403561]"
hdsp,chunk_45_49,47,0,8,phys,"[""phys"", ""robust""]","[-11.838045120239258, -12.214920997619629]","[0.0018337052315473557, 0.0067733824253082275]"
hdsp,chunk_45_49,47,1,1,conv,"[""conv"", ""prox_tv""]","[-10.842562675476074, -11.361258506774902]","[0.0024975640699267387, 0.0026917755603790283]"
hdsp,chunk_45_49,47,1,2,conv,"[""conv"", ""prox_tv""]","[-10.773641586303711, -11.367965698242188]","[0.0020964655559509993, 0.002169458894059062]"
hdsp,chunk_45_49,47,1,3,prox_tv,"[""conv"", ""prox_tv""]","[-11.294157981872559, -11.246960639953613]","[0.0017319506732746959, 0.0016496180323883891]"
hdsp,chunk_45_49,47,1,4,prox_tv,"[""conv"", ""prox_tv""]","[-11.32901382446289, -11.014327049255371]","[0.0022209968883544207, 0.0013176938518881798]"
hdsp,chunk_45_49,47,1,5,prox_tv,"[""conv"", ""prox_tv""]","[-11.457127571105957, -11.203967094421387]","[0.003261395264416933, 0.001352303777821362]"
hdsp,chunk_45_49,47,1,6,conv,"[""conv"", ""prox_tv""]","[-11.32235050201416, -12.047350883483887]","[0.0013865408254787326, 0.003416524501517415]"
hdsp,chunk_45_49,47,1,7,prox_tv,"[""conv"", ""prox_tv""]","[-11.73502254486084, -11.55642032623291]","[0.0023162716533988714, 0.001872374676167965]"
hdsp,chunk_45_49,47,1,8,prox_tv,"[""conv"", ""prox_tv""]","[-11.773531913757324, -11.625554084777832]","[0.003108637174591422, 0.0026408997364342213]"
hdsp,chunk_45_49,47,2,1,conv_lowtv,"[""conv_lowtv"", ""wavelet"", ""inr""]","[-11.742012023925781, -12.365815162658691, -18.265235900878906]","[0.0015225190436467528, 0.002589982468634844, 0.4779432415962219]"
hdsp,chunk_45_49,47,2,2,conv_lowtv,"[""conv_lowtv"", ""wavelet"", ""inr""]","[-12.366599082946777, -12.988795280456543, -19.65487289428711]","[0.002998507348820567, 0.0037561350036412477, 0.4611375331878662]"
hdsp,chunk_45_49,47,2,3,conv_lowtv,"[""conv_lowtv"", ""wavelet"", ""inr""]","[-12.416927337646484, -13.317038536071777, -20.02230453491211]","[0.0018731585005298257, 0.002097334945574403, 0.49949827790260315]"
hdsp,chunk_45_49,47,2,4,conv_lowtv,"[""conv_lowtv"", ""wavelet"", ""inr""]","[-12.564606666564941, -13.127923011779785, -20.161788940429688]","[0.0020999934058636427, 0.0031589106656610966, 0.4933716952800751]"
hdsp,chunk_45_49,47,2,5,conv_lowtv,"[""conv_lowtv"", ""wavelet"", ""inr""]","[-12.787016868591309, -13.291455268859863, -20.161117553710938]","[0.0032878888305276632, 0.0022144950926303864, 0.4655977189540863]"
hdsp,chunk_45_49,47,2,6,conv_lowtv,"[""conv_lowtv"", ""wavelet"", ""inr""]","[-12.278423309326172, -13.195063591003418, -20.087841033935547]","[0.0007732228841632605, 0.0022072026040405035, 0.45517203211784363]"
hdsp,chunk_45_49,47,2,7,conv_lowtv,"[""conv_lowtv"", ""wavelet"", ""inr""]","[-12.264074325561523, -12.59847354888916, -18.835933685302734]","[0.00315906316973269, 0.002997650532051921, 0.48110902309417725]"
hdsp,chunk_45_49,47,2,8,conv_lowtv,"[""conv_lowtv"", ""wavelet"", ""inr""]","[-12.298308372497559, -13.35594654083252, -19.67057991027832]","[0.0019120298093184829, 0.005058901850134134, 0.4686906039714813]"
hdsp,chunk_45_49,47,3,1,dct,"[""dct"", ""had""]","[-10.936532020568848, -11.80280590057373]","[0.0024155883584171534, 0.003519122488796711]"
hdsp,chunk_45_49,47,3,2,had,"[""dct"", ""had""]","[-11.283830642700195, -11.075989723205566]","[0.0027122723404318094, 0.0017056454671546817]"
hdsp,chunk_45_49,47,3,3,dct,"[""dct"", ""had""]","[-11.549049377441406, -12.432453155517578]","[0.0018666082760319114, 0.00716272322461009]"
hdsp,chunk_45_49,47,3,4,dct,"[""dct"", ""had""]","[-11.240202903747559, -11.814255714416504]","[0.002244239207357168, 0.0024998097214847803]"
hdsp,chunk_45_49,47,3,5,had,"[""dct"", ""had""]","[-12.389975547790527, -11.759310722351074]","[0.001447587157599628, 0.0012412425130605698]"
hdsp,chunk_45_49,47,3,6,dct,"[""dct"", ""had""]","[-11.51314640045166, -12.090205192565918]","[0.00238470989279449, 0.002901656087487936]"
hdsp,chunk_45_49,47,3,7,had,"[""dct"", ""had""]","[-11.968428611755371, -11.648282051086426]","[0.004153443034738302, 0.0013417385052889585]"
hdsp,chunk_45_49,47,3,8,dct,"[""dct"", ""had""]","[-11.621927261352539, -11.989148139953613]","[0.001409001532010734, 0.0021731301676481962]"
hdsp,chunk_45_49,47,4,1,huber,"[""tv2"", ""huber""]","[-11.201870918273926, -11.123126029968262]","[0.0037689534947276115, 0.0025504017248749733]"
hdsp,chunk_45_49,47,4,2,tv2,"[""tv2"", ""huber""]","[-11.488661766052246, -11.523554801940918]","[0.0032785162329673767, 0.003108810633420944]"
hdsp,chunk_45_49,47,4,3,tv2,"[""tv2"", ""huber""]","[-11.3319673538208, -11.387113571166992]","[0.004168129526078701, 0.0015262230299413204]"
hdsp,chunk_45_49,47,4,4,tv2,"[""tv2"", ""huber""]","[-11.219159126281738, -11.90124225616455]","[0.002209251746535301, 0.003586926031857729]"
hdsp,chunk_45_49,47,4,5,tv2,"[""tv2"", ""huber""]","[-11.197541236877441, -11.887887001037598]","[0.004120307043194771, 0.0042315456084907055]"
hdsp,chunk_45_49,47,4,6,tv2,"[""tv2"", ""huber""]","[-11.42565631866455, -11.444746017456055]","[0.0033865005243569613, 0.00223563052713871]"
hdsp,chunk_45_49,47,4,7,tv2,"[""tv2"", ""huber""]","[-11.649216651916504, -11.667521476745605]","[0.0036480070557445288, 0.0027634978760033846]"
hdsp,chunk_45_49,47,4,8,huber,"[""tv2"", ""huber""]","[-11.654775619506836, -11.653788566589355]","[0.004805081523954868, 0.002923245308920741]"
hdsp,chunk_45_49,47,5,1,tv2,"[""dct"", ""tv2""]","[-11.15374755859375, -11.014697074890137]","[0.0026934389024972916, 0.00373454880900681]"
hdsp,chunk_45_49,47,5,2,tv2,"[""dct"", ""tv2""]","[-11.412308692932129, -11.370766639709473]","[0.003323931246995926, 0.003922693431377411]"
hdsp,chunk_45_49,47,5,3,tv2,"[""dct"", ""tv2""]","[-12.154656410217285, -11.077044486999512]","[0.004469284322112799, 0.0035508330911397934]"
hdsp,chunk_45_49,47,5,4,dct,"[""dct"", ""tv2""]","[-11.51490306854248, -11.533148765563965]","[0.002965302672237158, 0.004172594286501408]"
hdsp,chunk_45_49,47,5,5,tv2,"[""dct"", ""tv2""]","[-11.596673965454102, -10.744461059570312]","[0.0025511812418699265, 0.0024191075935959816]"
hdsp,chunk_45_49,47,5,6,tv2,"[""dct"", ""tv2""]","[-12.640395164489746, -11.307717323303223]","[0.006681438069790602, 0.004258760716766119]"
hdsp,chunk_45_49,47,5,7,dct,"[""dct"", ""tv2""]","[-11.544692039489746, -11.550055503845215]","[0.0028276361990720034, 0.005036808084696531]"
hdsp,chunk_45_49,47,5,8,dct,"[""dct"", ""tv2""]","[-11.3309965133667, -11.465536117553711]","[0.002320418367162347, 0.003632779000326991]"
hdsp,chunk_45_49,48,0,1,phys,"[""phys"", ""robust""]","[-9.757037162780762, -10.207220077514648]","[0.0004205719451420009, 0.0011817748891189694]"
hdsp,chunk_45_49,48,0,2,robust,"[""phys"", ""robust""]","[-10.41491413116455, -10.152414321899414]","[0.0008770991116762161, 0.0007428194512613118]"
hdsp,chunk_45_49,48,0,3,phys,"[""phys"", ""robust""]","[-9.82019329071045, -10.260375022888184]","[0.0005758496699854732, 0.0008140582940541208]"
hdsp,chunk_45_49,48,0,4,phys,"[""phys"", ""robust""]","[-9.689521789550781, -10.250540733337402]","[0.0003167391987517476, 0.0009794436627998948]"
hdsp,chunk_45_49,48,0,5,phys,"[""phys"", ""robust""]","[-9.895377159118652, -10.38240909576416]","[0.0003169108822476119, 0.0008598736021667719]"
hdsp,chunk_45_49,48,0,6,phys,"[""phys"", ""robust""]","[-9.797629356384277, -10.286431312561035]","[0.0004260354908183217, 0.0008258231682702899]"
hdsp,chunk_45_49,48,0,7,phys,"[""phys"", ""robust""]","[-9.906789779663086, -10.349553108215332]","[0.00039205048233270645, 0.0006345431902445853]"
hdsp,chunk_45_49,48,0,8,phys,"[""phys"", ""robust""]","[-9.987114906311035, -10.453927993774414]","[0.0003972389386035502, 0.0008783593075349927]"
hdsp,chunk_45_49,48,1,1,conv,"[""conv"", ""prox_tv""]","[-9.661457061767578, -10.167109489440918]","[0.0006237290799617767, 0.0006638625636696815]"
hdsp,chunk_45_49,48,1,2,prox_tv,"[""conv"", ""prox_tv""]","[-9.861615180969238, -9.714341163635254]","[0.00048339221393689513, 0.00043940130854025483]"
hdsp,chunk_45_49,48,1,3,prox_tv,"[""conv"", ""prox_tv""]","[-9.955706596374512, -9.822525978088379]","[0.0005209740484133363, 0.000444742850959301]"
hdsp,chunk_45_49,48,1,4,prox_tv,"[""conv"", ""prox_tv""]","[-9.931946754455566, -9.716723442077637]","[0.0005166778573766351, 0.0003034996916539967]"
hdsp,chunk_45_49,48,1,5,conv,"[""conv"", ""prox_tv""]","[-9.680718421936035, -10.26111125946045]","[0.0002886864240281284, 0.0005759882042184472]"
hdsp,chunk_45_49,48,1,6,conv,"[""conv"", ""prox_tv""]","[-9.68982219696045, -10.166218757629395]","[0.00029792875284329057, 0.00035081003443337977]"
hdsp,chunk_45_49,48,1,7,prox_tv,"[""conv"", ""prox_tv""]","[-10.126559257507324, -9.90092945098877]","[0.0005460663232952356, 0.0002918086538556963]"
hdsp,chunk_45_49,48,1,8,conv,"[""conv"", ""prox_tv""]","[-9.822593688964844, -11.539520263671875]","[0.0004459834308363497, 0.005880988668650389]"
hdsp,chunk_45_49,48,2,1,conv_lowtv,"[""conv_lowtv"", ""wavelet"", ""inr""]","[-10.18913745880127, -10.887246131896973, -15.54404354095459]","[0.0003918353177141398, 0.0005877520889043808, 0.17338888347148895]"
hdsp,chunk_45_49,48,2,2,conv_lowtv,"[""conv_lowtv"", ""wavelet"", ""inr""]","[-9.999420166015625, -10.803065299987793, -15.434133529663086]","[0.00028391426894813776, 0.000640786427538842, 0.16768302023410797]"
hdsp,chunk_45_49,48,2,3,conv_lowtv,"[""conv_lowtv"", ""wavelet"", ""inr""]","[-10.06095027923584, -10.931647300720215, -15.492112159729004]","[0.00043272218317724764, 0.0008965341839939356, 0.17002104222774506]"
hdsp,chunk_45_49,48,2,4,conv_lowtv,"[""conv_lowtv"", ""wavelet"", ""inr""]","[-10.150725364685059, -10.936275482177734, -15.683197021484375]","[0.0003804689331445843, 0.000743898272048682, 0.16913948953151703]"
hdsp,chunk_45_49,48,2,5,conv_lowtv,"[""conv_lowtv"", ""wavelet"", ""inr""]","[-10.211487770080566, -10.990485191345215, -15.814778327941895]","[0.00035079248482361436, 0.0006289522279985249, 0.17677538096904755]"
hdsp,chunk_45_49,48,2,6,conv_lowtv,"[""conv_lowtv"", ""wavelet"", ""inr""]","[-10.309626579284668, -11.033137321472168, -15.751957893371582]","[0.00046291554463095963, 0.0006932987016625702, 0.1697731763124466]"
hdsp,chunk_45_49,48,2,7,conv_lowtv,"[""conv_lowtv"", ""wavelet"", ""inr""]","[-10.313366889953613, -11.015496253967285, -15.754861831665039]","[0.0004929729038849473, 0.0006450990913435817, 0.17633502185344696]"
hdsp,chunk_45_49,48,2,8,conv_lowtv,"[""conv_lowtv"", ""wavelet"", ""inr""]","[-10.430702209472656, -11.16042423248291, -16.10593605041504]","[0.0005779402563348413, 0.000638636527583003, 0.17630653083324432]"
hdsp,chunk_45_49,48,3,1,had,"[""dct"", ""had""]","[-10.200444221496582, -10.000317573547363]","[0.0005887335282750428, 0.0005395316984504461]"
hdsp,chunk_45_49,48,3,2,dct,"[""dct"", ""had""]","[-9.673943519592285, -10.135727882385254]","[0.00039327674312517047, 0.00039392596227116883]"
hdsp,chunk_45_49,48,3,3,had,"[""dct"", ""had""]","[-10.157841682434082, -9.919585227966309]","[0.0007741351728327572, 0.0004095235781278461]"
hdsp,chunk_45_49,48,3,4,had,"[""dct"", ""had""]","[-10.146082878112793, -9.866787910461426]","[0.0007248951005749404, 0.0003494614502415061]"
hdsp,chunk_45_49,48,3,5,had,"[""dct"", ""had""]","[-10.096055030822754, -9.9603853225708]","[0.0005032492917962372, 0.0004502696101553738]"
hdsp,chunk_45_49,48,3,6,had,"[""dct"", ""had""]","[-10.179587364196777, -9.962639808654785]","[0.0005263386410661042, 0.00032334402203559875]"
hdsp,chunk_45_49,48,3,7,had,"[""dct"", ""had""]","[-10.170894622802734, -10.02033805847168]","[0.00048002880066633224, 0.00035160084371455014]"
hdsp,chunk_45_49,48,3,8,had,"[""dct"", ""had""]","[-10.25781536102295, -10.132254600524902]","[0.0004020327760372311, 0.0003652848827186972]"
hdsp,chunk_45_49,48,4,1,tv2,"[""tv2"", ""huber""]","[-9.62745189666748, -10.27034854888916]","[0.0005559332785196602, 0.0006163789657875896]"
hdsp,chunk_45_49,48,4,2,tv2,"[""tv2"", ""huber""]","[-9.713972091674805, -9.777809143066406]","[0.0005406039417721331, 0.000503596558701247]"
hdsp,chunk_45_49,48,4,3,tv2,"[""tv2"", ""huber""]","[-9.472014427185059, -10.21799087524414]","[0.0005222389008849859, 0.0006060529849492013]"
hdsp,chunk_45_49,48,4,4,tv2,"[""tv2"", ""huber""]","[-9.82593822479248, -9.83498477935791]","[0.0005127682816237211, 0.00048209549277089536]"
hdsp,chunk_45_49,48,4,5,huber,"[""tv2"", ""huber""]","[-9.957261085510254, -9.894328117370605]","[0.0007015061564743519, 0.0006156051531434059]"
hdsp,chunk_45_49,48,4,6,tv2,"[""tv2"", ""huber""]","[-9.666808128356934, -10.335341453552246]","[0.0005372336017899215, 0.0007607641746290028]"
hdsp,chunk_45_49,48,4,7,tv2,"[""tv2"", ""huber""]","[-9.543656349182129, -10.28462028503418]","[0.0005411606980487704, 0.0007132142200134695]"
hdsp,chunk_45_49,48,4,8,tv2,"[""tv2"", ""huber""]","[-9.98939037322998, -10.00063705444336]","[0.0006499024457298219, 0.000505428237374872]"
hdsp,chunk_45_49,48,5,1,dct,"[""dct"", ""tv2""]","[-9.858088493347168, -9.96450138092041]","[0.00040238426299765706, 0.0008606106275692582]"
hdsp,chunk_45_49,48,5,2,dct,"[""dct"", ""tv2""]","[-9.641013145446777, -9.732044219970703]","[0.0004397308512125164, 0.0005863878759555519]"
hdsp,chunk_45_49,48,5,3,dct,"[""dct"", ""tv2""]","[-9.734285354614258, -9.897303581237793]","[0.00031718064565211535, 0.0006411088397726417]"
hdsp,chunk_45_49,48,5,4,dct,"[""dct"", ""tv2""]","[-9.787368774414062, -9.865123748779297]","[0.0004000435583293438, 0.0005421795067377388]"
hdsp,chunk_45_49,48,5,5,dct,"[""dct"", ""tv2""]","[-9.698758125305176, -9.857916831970215]","[0.00036534652463160455, 0.0005431026802398264]"
hdsp,chunk_45_49,48,5,6,dct,"[""dct"", ""tv2""]","[-9.822005271911621, -9.822216987609863]","[0.0004453798464965075, 0.0005092576029710472]"
hdsp,chunk_45_49,48,5,7,tv2,"[""dct"", ""tv2""]","[-10.14526653289795, -9.57496166229248]","[0.0004887630348093808, 0.0004602507106028497]"
hdsp,chunk_45_49,48,5,8,tv2,"[""dct"", ""tv2""]","[-10.358708381652832, -9.678078651428223]","[0.0006449213833548129, 0.0006384411826729774]"
hdsp,chunk_45_49,49,0,1,robust,"[""phys"", ""robust""]","[-12.653488159179688, -12.261065483093262]","[0.00013248666073195636, 0.0005752803990617394]"
hdsp,chunk_45_49,49,0,2,robust,"[""phys"", ""robust""]","[-14.309232711791992, -12.968644142150879]","[0.0003798010584432632, 0.032992955297231674]"
hdsp,chunk_45_49,49,0,3,robust,"[""phys"", ""robust""]","[-13.491393089294434, -12.819933891296387]","[0.00030890939524397254, 0.03535027429461479]"
hdsp,chunk_45_49,49,0,4,robust,"[""phys"", ""robust""]","[-13.29355525970459, -11.962307929992676]","[0.00046169606503099203, 0.028910355642437935]"
hdsp,chunk_45_49,49,0,5,robust,"[""phys"", ""robust""]","[-13.589852333068848, -11.967863082885742]","[0.0003601005009841174, 0.03239336609840393]"
hdsp,chunk_45_49,49,0,6,robust,"[""phys"", ""robust""]","[-13.495859146118164, -11.867457389831543]","[0.0004462090728338808, 0.025233427062630653]"
hdsp,chunk_45_49,49,0,7,robust,"[""phys"", ""robust""]","[-13.403434753417969, -11.958985328674316]","[0.0002658833109308034, 0.02348470687866211]"
hdsp,chunk_45_49,49,0,8,robust,"[""phys"", ""robust""]","[-13.230265617370605, -12.099539756774902]","[0.00022558672935701907, 0.028203848749399185]"
hdsp,chunk_45_49,49,1,1,conv,"[""conv"", ""prox_tv""]","[-12.471625328063965, -13.107491493225098]","[0.00012222983059473336, 0.0001226361346198246]"
hdsp,chunk_45_49,49,1,2,conv,"[""conv"", ""prox_tv""]","[-12.156664848327637, -12.955934524536133]","[8.245453500421718e-05, 0.0002507146564312279]"
hdsp,chunk_45_49,49,1,3,conv,"[""conv"", ""prox_tv""]","[-11.864588737487793, -12.727923393249512]","[0.0001370471582049504, 0.00023443231475539505]"
hdsp,chunk_45_49,49,1,4,conv,"[""conv"", ""prox_tv""]","[-12.415034294128418, -12.729788780212402]","[0.00011446194548625499, 0.0001384415663778782]"
hdsp,chunk_45_49,49,1,5,prox_tv,"[""conv"", ""prox_tv""]","[-12.567320823669434, -12.216269493103027]","[0.00011602565064094961, 0.00011403513053664938]"
hdsp,chunk_45_49,49,1,6,prox_tv,"[""conv"", ""prox_tv""]","[-13.301774024963379, -12.611781120300293]","[0.00022324784367810935, 0.00010079261846840382]"
hdsp,chunk_45_49,49,1,7,conv,"[""conv"", ""prox_tv""]","[-12.649056434631348, -13.224404335021973]","[0.00023600549320690334, 0.0004634579236153513]"
hdsp,chunk_45_49,49,1,8,conv,"[""conv"", ""prox_tv""]","[-12.597456932067871, -13.226046562194824]","[0.00017683453916106373, 0.00017872080206871033]"
hdsp,chunk_45_49,49,2,1,conv_lowtv,"[""conv_lowtv"", ""wavelet"", ""inr""]","[-12.954922676086426, -13.862866401672363, -17.094274520874023]","[9.431798389414325e-05, 0.0003332909836899489, 0.20531626045703888]"
hdsp,chunk_45_49,49,2,2,conv_lowtv,"[""conv_lowtv"", ""wavelet"", ""inr""]","[-13.236889839172363, -13.657214164733887, -18.564279556274414]","[0.0001520249352324754, 0.00022288106265477836, 0.2534949481487274]"
hdsp,chunk_45_49,49,2,3,conv_lowtv,"[""conv_lowtv"", ""wavelet"", ""inr""]","[-14.311934471130371, -15.228508949279785, -19.90515899658203]","[0.0001665208110352978, 0.0001743859174894169, 0.24596935510635376]"
hdsp,chunk_45_49,49,2,4,conv_lowtv,"[""conv_lowtv"", ""wavelet"", ""inr""]","[-13.601066589355469, -14.645282745361328, -19.699298858642578]","[0.0001130447126342915, 0.00014259373710956424, 0.25025808811187744]"
hdsp,chunk_45_49,49,2,5,conv_lowtv,"[""conv_lowtv"", ""wavelet"", ""inr""]","[-12.906551361083984, -14.3952054977417, -19.690916061401367]","[7.50416365917772e-05, 0.00023822156072128564, 0.24425145983695984]"
hdsp,chunk_45_49,49,2,6,conv_lowtv,"[""conv_lowtv"", ""wavelet"", ""inr""]","[-13.776467323303223, -14.2040433883667, -19.710773468017578]","[0.00015433045336976647, 0.00022165685368236154, 0.2684001922607422]"
hdsp,chunk_45_49,49,2,7,conv_lowtv,"[""conv_lowtv"", ""wavelet"", ""inr""]","[-13.348593711853027, -13.692362785339355, -19.768890380859375]","[0.00011795431055361405, 0.0001213489958900027, 0.2458425760269165]"
hdsp,chunk_45_49,49,2,8,conv_lowtv,"[""conv_lowtv"", ""wavelet"", ""inr""]","[-12.860747337341309, -13.944239616394043, -19.98467254638672]","[9.147654054686427e-05, 0.00034628293360583484, 0.2502167224884033]"
hdsp,chunk_45_49,49,3,1,dct,"[""dct"", ""had""]","[-12.24120044708252, -12.96625804901123]","[0.00010642060806276277, 0.00012376032827887684]"
hdsp,chunk_45_49,49,3,2,had,"[""dct"", ""had""]","[-12.71070384979248, -12.641157150268555]","[0.00025443395134061575, 0.00013338003191165626]"
hdsp,chunk_45_49,49,3,3,had,"[""dct"", ""had""]","[-12.317154884338379, -12.21375560760498]","[0.00018209377594757825, 0.000142382676131092]"
hdsp,chunk_45_49,49,3,4,dct,"[""dct"", ""had""]","[-11.776119232177734, -13.119221687316895]","[0.00014668000221718103, 0.00022878315940033644]"
hdsp,chunk_45_49,49,3,5,dct,"[""dct"", ""had""]","[-12.08858585357666, -12.591324806213379]","[0.00015082831669133157, 0.0002774643653538078]"
hdsp,chunk_45_49,49,3,6,dct,"[""dct"", ""had""]","[-12.546483039855957, -13.30029582977295]","[0.0001321725721936673, 0.0003024274483323097]"
hdsp,chunk_45_49,49,3,7,had,"[""dct"", ""had""]","[-12.803297996520996, -12.679469108581543]","[0.00024046296312008053, 0.00015753273328300565]"
hdsp,chunk_45_49,49,3,8,dct,"[""dct"", ""had""]","[-12.650167465209961, -13.65470027923584]","[0.00014236103743314743, 0.00016515424067620188]"
hdsp,chunk_45_49,49,4,1,huber,"[""tv2"", ""huber""]","[-12.622056007385254, -12.404815673828125]","[0.0003371398779563606, 0.00019092329603154212]"
hdsp,chunk_45_49,49,4,2,tv2,"[""tv2"", ""huber""]","[-12.6219482421875, -12.826315879821777]","[0.00032559465034864843, 0.0005091219791211188]"
hdsp,chunk_45_49,49,4,3,tv2,"[""tv2"", ""huber""]","[-12.106295585632324, -14.427947044372559]","[0.0006984237115830183, 0.0008955565863288939]"
hdsp,chunk_45_49,49,4,4,huber,"[""tv2"", ""huber""]","[-17.41754150390625, -13.286951065063477]","[0.0011455223429948092, 0.0014682096661999822]"
hdsp,chunk_45_49,49,4,5,tv2,"[""tv2"", ""huber""]","[-12.50905704498291, -14.209336280822754]","[0.0006604520021937788, 0.0005795042961835861]"
hdsp,chunk_45_49,49,4,6,tv2,"[""tv2"", ""huber""]","[-11.91904354095459, -14.269183158874512]","[0.00041428537224419415, 0.00034143688390031457]"
hdsp,chunk_45_49,49,4,7,huber,"[""tv2"", ""huber""]","[-15.158426284790039, -12.009051322937012]","[0.0015611452981829643, 0.0009712232276797295]"
hdsp,chunk_45_49,49,4,8,tv2,"[""tv2"", ""huber""]","[-13.034293174743652, -13.280272483825684]","[0.0005030880565755069, 0.0003783123102039099]"
hdsp,chunk_45_49,49,5,1,tv2,"[""dct"", ""tv2""]","[-12.642459869384766, -12.487343788146973]","[0.00011292675480945036, 0.00018052145605906844]"
hdsp,chunk_45_49,49,5,2,tv2,"[""dct"", ""tv2""]","[-13.983542442321777, -13.965951919555664]","[0.0002886770525947213, 0.00045699416659772396]"
hdsp,chunk_45_49,49,5,3,dct,"[""dct"", ""tv2""]","[-14.09705924987793, -15.2263822555542]","[0.0028663824778050184, 0.0010108472779393196]"
hdsp,chunk_45_49,49,5,4,tv2,"[""dct"", ""tv2""]","[-14.20889663696289, -11.997547149658203]","[0.0006605903035961092, 0.00023972550116013736]"
hdsp,chunk_45_49,49,5,5,tv2,"[""dct"", ""tv2""]","[-11.969286918640137, -11.73061752319336]","[0.00016777346900198609, 0.00019221242109779269]"
hdsp,chunk_45_49,49,5,6,tv2,"[""dct"", ""tv2""]","[-15.649706840515137, -11.496024131774902]","[0.0005472362972795963, 0.0003114317951258272]"
hdsp,chunk_45_49,49,5,7,tv2,"[""dct"", ""tv2""]","[-13.890908241271973, -13.454184532165527]","[0.0003070202365051955, 0.0005119309644214809]"
hdsp,chunk_45_49,49,5,8,dct,"[""dct"", ""tv2""]","[-11.947816848754883, -14.494488716125488]","[0.00026258418802171946, 0.0005928558530285954]"
hdsp,chunk_5_9,5,0,1,phys,"[""phys"", ""robust""]","[-9.707171440124512, -9.846966743469238]","[0.0004579364904202521, 0.001838319469243288]"
hdsp,chunk_5_9,5,0,2,phys,"[""phys"", ""robust""]","[-9.403172492980957, -9.641883850097656]","[0.0001605279539944604, 0.0006895535625517368]"
hdsp,chunk_5_9,5,0,3,phys,"[""phys"", ""robust""]","[-9.384804725646973, -9.503829956054688]","[0.00014724102220498025, 0.0018235694151371717]"
hdsp,chunk_5_9,5,0,4,robust,"[""phys"", ""robust""]","[-9.525341987609863, -9.509024620056152]","[0.00012507411884143949, 0.0034590535797178745]"
hdsp,chunk_5_9,5,0,5,phys,"[""phys"", ""robust""]","[-9.344002723693848, -9.579174995422363]","[0.00021544912306126207, 0.004992329515516758]"
hdsp,chunk_5_9,5,0,6,phys,"[""phys"", ""robust""]","[-9.125344276428223, -9.669272422790527]","[0.00011862905375892296, 0.0011593629606068134]"
hdsp,chunk_5_9,5,0,7,phys,"[""phys"", ""robust""]","[-9.04149341583252, -9.540596008300781]","[6.062531247152947e-05, 0.0008308971300721169]"
hdsp,chunk_5_9,5,0,8,phys,"[""phys"", ""robust""]","[-9.501898765563965, -9.913958549499512]","[0.00012423712178133428, 0.0008761594071984291]"
hdsp,chunk_5_9,5,1,1,conv,"[""conv"", ""prox_tv""]","[-9.266469955444336, -9.655712127685547]","[0.00017728746752254665, 0.00022567648557014763]"
hdsp,chunk_5_9,5,1,2,conv,"[""conv"", ""prox_tv""]","[-9.18392562866211, -9.858054161071777]","[0.00015788293967489153, 0.00021586891671177]"
hdsp,chunk_5_9,5,1,3,prox_tv,"[""conv"", ""prox_tv""]","[-9.394938468933105, -9.369348526000977]","[0.00015524878108408302, 0.0001409868273185566]"
hdsp,chunk_5_9,5,1,4,conv,"[""conv"", ""prox_tv""]","[-9.25028133392334, -9.82427978515625]","[0.0001400269102305174, 0.00014442279643844813]"
hdsp,chunk_5_9,5,1,5,prox_tv,"[""conv"", ""prox_tv""]","[-9.460713386535645, -9.150449752807617]","[0.00019393127877265215, 0.00014117194223217666]"
hdsp,chunk_5_9,5,1,6,conv,"[""conv"", ""prox_tv""]","[-8.744586944580078, -9.57618236541748]","[8.74894903972745e-05, 0.0001535145565867424]"
hdsp,chunk_5_9,5,1,7,prox_tv,"[""conv"", ""prox_tv""]","[-9.371390342712402, -9.20849323272705]","[0.00012140918988734484, 0.00010461198689881712]"
hdsp,chunk_5_9,5,1,8,prox_tv,"[""conv"", ""prox_tv""]","[-9.652960777282715, -9.500174522399902]","[0.0001296069531235844, 0.00010328588541597128]"
hdsp,chunk_5_9,5,2,1,conv_lowtv,"[""conv_lowtv"", ""wavelet"", ""inr""]","[-9.516863822937012, -9.87114429473877, -11.721110343933105]","[0.000206565426196903, 0.0003332418855279684, 0.1389942318201065]"
hdsp,chunk_5_9,5,2,2,conv_lowtv,"[""conv_lowtv"", ""wavelet"", ""inr""]","[-9.538415908813477, -10.362170219421387, -12.207290649414062]","[0.00024686515098437667, 0.0005491659976541996, 0.13529524207115173]"
hdsp,chunk_5_9,5,2,3,conv_lowtv,"[""conv_lowtv"", ""wavelet"", ""inr""]","[-9.792027473449707, -10.261933326721191, -12.960692405700684]","[0.00026005812105722725, 0.0004507504927460104, 0.1397228091955185]"
hdsp,chunk_5_9,5,2,4,conv_lowtv,"[""conv_lowtv"", ""wavelet"", ""inr""]","[-9.283385276794434, -10.247519493103027, -12.83204460144043]","[0.00010474551527295262, 0.0002947467437479645, 0.13304750621318817]"
hdsp,chunk_5_9,5,2,5,conv_lowtv,"[""conv_lowtv"", ""wavelet"", ""inr""]","[-9.590243339538574, -10.225347518920898, -12.995316505432129]","[0.00022502284264191985, 0.0003606188402045518, 0.139287531375885]"
hdsp,chunk_5_9,5,2,6,conv_lowtv,"[""conv_lowtv"", ""wavelet"", ""inr""]","[-9.4193754196167, -10.29013729095459, -13.21396541595459]","[0.0001396722800564021, 0.00037512354901991785, 0.13920050859451294]"
hdsp,chunk_5_9,5,2,7,conv_lowtv,"[""conv_lowtv"", ""wavelet"", ""inr""]","[-9.327140808105469, -10.260062217712402, -13.46663761138916]","[9.643576049711555e-05, 0.00045442418195307255, 0.1471618115901947]"
hdsp,chunk_5_9,5,2,8,conv_lowtv,"[""conv_lowtv"", ""wavelet"", ""inr""]","[-9.4961576461792, -10.465668678283691, -13.277560234069824]","[0.00010658567771315575, 0.00048369946307502687, 0.13125625252723694]"
hdsp,chunk_5_9,5,3,1,had,"[""dct"", ""had""]","[-9.874070167541504, -9.548418045043945]","[0.00019141192024108022, 0.00012875633547082543]"
hdsp,chunk_5_9,5,3,2,had,"[""dct"", ""had""]","[-9.717448234558105, -9.455126762390137]","[0.00026029301807284355, 0.00025546408141963184]"
hdsp,chunk_5_9,5,3,3,dct,"[""dct"", ""had""]","[-9.456092834472656, -9.564215660095215]","[0.00027940733707509935, 0.00022132930462248623]"
hdsp,chunk_5_9,5,3,4,had,"[""dct"", ""had""]","[-9.715384483337402, -9.34116268157959]","[0.000349558045854792, 0.0001999116357183084]"
hdsp,chunk_5_9,5,3,5,dct,"[""dct"", ""had""]","[-9.280139923095703, -9.828690528869629]","[0.00011483023990876973, 0.0002236132277175784]"
hdsp,chunk_5_9,5,3,6,had,"[""dct"", ""had""]","[-9.909774780273438, -9.49687671661377]","[0.00023379836056847125, 0.00020032297470606863]"
hdsp,chunk_5_9,5,3,7,had,"[""dct"", ""had""]","[-9.53396224975586, -9.507792472839355]","[0.00024296688206959516, 0.0001546815037727356]"
hdsp,chunk_5_9,5,3,8,dct,"[""dct"", ""had""]","[-9.281699180603027, -9.681445121765137]","[0.00011393022577976808, 0.00011970877676503733]"
hdsp,chunk_5_9,5,4,1,huber,"[""tv2"", ""huber""]","[-9.708413124084473, -9.64865779876709]","[0.00028917373856529593, 0.0002346084511373192]"
hdsp,chunk_5_9,5,4,2,tv2,"[""tv2"", ""huber""]","[-9.120588302612305, -9.318284034729004]","[0.000616447243373841, 0.0003607893595471978]"
hdsp,chunk_5_9,5,4,3,tv2,"[""tv2"", ""huber""]","[-9.249622344970703, -9.322358131408691]","[0.0002629451628308743, 0.0002112005022354424]"
hdsp,chunk_5_9,5,4,4,huber,"[""tv2"", ""huber""]","[-9.52837085723877, -9.424702644348145]","[0.0002864476991817355, 0.0002042903652181849]"
hdsp,chunk_5_9,5,4,5,tv2,"[""tv2"", ""huber""]","[-9.489298820495605, -9.496947288513184]","[0.0002861272369045764, 0.00021994078997522593]"
hdsp,chunk_5_9,5,4,6,tv2,"[""tv2"", ""huber""]","[-9.226076126098633, -9.881539344787598]","[0.0002662837505340576, 0.0003362886200193316]"
hdsp,chunk_5_9,5,4,7,tv2,"[""tv2"", ""huber""]","[-8.909305572509766, -9.8679838180542]","[0.00019781041191890836, 0.0004124821862205863]"
hdsp,chunk_5_9,5,4,8,tv2,"[""tv2"", ""huber""]","[-9.364899635314941, -9.39626407623291]","[0.0002414080227026716, 0.00020413984020706266]"
hdsp,chunk_5_9,5,5,1,tv2,"[""dct"", ""tv2""]","[-9.536396980285645, -9.369406700134277]","[0.0001899849739857018, 0.00047089869622141123]"
hdsp,chunk_5_9,5,5,2,tv2,"[""dct"", ""tv2""]","[-9.253833770751953, -8.832123756408691]","[0.00015407487808261067, 0.00021374183415900916]"
hdsp,chunk_5_9,5,5,3,tv2,"[""dct"", ""tv2""]","[-9.584074020385742, -9.520461082458496]","[0.0002001971733989194, 0.00043182942317798734]"
hdsp,chunk_5_9,5,5,4,dct,"[""dct"", ""tv2""]","[-9.278027534484863, -9.419363975524902]","[0.00011799230560427532, 0.0005210721283219755]"
hdsp,chunk_5_9,5,5,5,dct,"[""dct"", ""tv2""]","[-9.218119621276855, -9.233155250549316]","[0.00010144725092686713, 0.00021937508427072316]"
hdsp,chunk_5_9,5,5,6,dct,"[""dct"", ""tv2""]","[-9.23514461517334, -9.297425270080566]","[9.940261952579021e-05, 0.00024305669649038464]"
hdsp,chunk_5_9,5,5,7,tv2,"[""dct"", ""tv2""]","[-9.228461265563965, -9.209104537963867]","[0.000146573394886218, 0.00022387134958989918]"
hdsp,chunk_5_9,5,5,8,tv2,"[""dct"", ""tv2""]","[-9.372352600097656, -9.187740325927734]","[0.00021651976567227393, 0.00027843553107231855]"
hdsp,chunk_5_9,6,0,1,phys,"[""phys"", ""robust""]","[-11.47248649597168, -11.660786628723145]","[0.0004862553614657372, 0.026077041402459145]"
hdsp,chunk_5_9,6,0,2,phys,"[""phys"", ""robust""]","[-11.29419231414795, -11.619129180908203]","[0.000536849838681519, 0.006859709974378347]"
hdsp,chunk_5_9,6,0,3,robust,"[""phys"", ""robust""]","[-12.403976440429688, -11.874213218688965]","[0.0008007999858818948, 0.007008799351751804]"
hdsp,chunk_5_9,6,0,4,robust,"[""phys"", ""robust""]","[-11.91541576385498, -11.619025230407715]","[0.00079594791168347, 0.03183954209089279]"
hdsp,chunk_5_9,6,0,5,robust,"[""phys"", ""robust""]","[-12.35110855102539, -11.900094985961914]","[0.001811325317248702, 0.0504034198820591]"
hdsp,chunk_5_9,6,0,6,robust,"[""phys"", ""robust""]","[-13.65564250946045, -12.839405059814453]","[0.002751980908215046, 0.0646941065788269]"
hdsp,chunk_5_9,6,0,7,robust,"[""phys"", ""robust""]","[-12.91673755645752, -12.452686309814453]","[0.0014495470095425844, 0.02660989761352539]"
hdsp,chunk_5_9,6,0,8,phys,"[""phys"", ""robust""]","[-12.95874309539795, -13.342455863952637]","[0.0017631372902542353, 0.05994857847690582]"
hdsp,chunk_5_9,6,1,1,conv,"[""conv"", ""prox_tv""]","[-11.531031608581543, -12.36592960357666]","[0.00046585279051214457, 0.0008114010561257601]"
hdsp,chunk_5_9,6,1,2,conv,"[""conv"", ""prox_tv""]","[-11.337668418884277, -11.974695205688477]","[0.00032873975578695536, 0.0005632758256979287]"
hdsp,chunk_5_9,6,1,3,prox_tv,"[""conv"", ""prox_tv""]","[-13.120566368103027, -12.959104537963867]","[0.0014417374040931463, 0.0007532900781370699]"
hdsp,chunk_5_9,6,1,4,prox_tv,"[""conv"", ""prox_tv""]","[-16.716630935668945, -14.447138786315918]","[0.006794620305299759, 0.0012914951657876372]"
hdsp,chunk_5_9,6,1,5,prox_tv,"[""conv"", ""prox_tv""]","[-14.115071296691895, -13.859230041503906]","[0.0013496240135282278, 0.0008177640265785158]"
hdsp,chunk_5_9,6,1,6,prox_tv,"[""conv"", ""prox_tv""]","[-13.79021167755127, -13.446110725402832]","[0.0008843675605021417, 0.0005443891859613359]"
hdsp,chunk_5_9,6,1,7,conv,"[""conv"", ""prox_tv""]","[-14.004570960998535, -15.399948120117188]","[0.0007494091987609863, 0.0029477919451892376]"
hdsp,chunk_5_9,6,1,8,conv,"[""conv"", ""prox_tv""]","[-18.74153709411621, -19.250995635986328]","[0.007203603629022837, 0.015660973265767097]"
hdsp,chunk_5_9,6,2,1,conv_lowtv,"[""conv_lowtv"", ""wavelet"", ""inr""]","[-11.345648765563965, -13.018291473388672, -15.619236946105957]","[0.0005644717602990568, 0.0015686374390497804, 0.4663669764995575]"
hdsp,chunk_5_9,6,2,2,wavelet,"[""conv_lowtv"", ""wavelet"", ""inr""]","[-12.821480751037598, -12.708634376525879, -15.64026165008545]","[0.002591389697045088, 0.0012247973354533315, 0.3218379616737366]"
hdsp,chunk_5_9,6,2,3,conv_lowtv,"[""conv_lowtv"", ""wavelet"", ""inr""]","[-13.651140213012695, -14.019469261169434, -17.601882934570312]","[0.001469125971198082, 0.0017582984874024987, 0.5867264866828918]"
hdsp,chunk_5_9,6,2,4,conv_lowtv,"[""conv_lowtv"", ""wavelet"", ""inr""]","[-13.996996879577637, -14.179429054260254, -18.171613693237305]","[0.0011006939457729459, 0.0018766735447570682, 0.5704386830329895]"
hdsp,chunk_5_9,6,2,5,conv_lowtv,"[""conv_lowtv"", ""wavelet"", ""inr""]","[-13.543612480163574, -14.179189682006836, -18.17291831970215]","[0.0005373252206481993, 0.002314941957592964, 0.534171998500824]"
hdsp,chunk_5_9,6,2,6,wavelet,"[""conv_lowtv"", ""wavelet"", ""inr""]","[-16.687955856323242, -15.193259239196777, -19.611358642578125]","[0.0031540116760879755, 0.0024678250774741173, 0.4760158061981201]"
hdsp,chunk_5_9,6,2,7,wavelet,"[""conv_lowtv"", ""wavelet"", ""inr""]","[-15.76047420501709, -15.377756118774414, -20.21947479248047]","[0.0031260328833013773, 0.0014693993143737316, 0.5519568920135498]"
hdsp,chunk_5_9,6,2,8,conv_lowtv,"[""conv_lowtv"", ""wavelet"", ""inr""]","[-16.526689529418945, -16.694198608398438, -20.513275146484375]","[0.011289084330201149, 0.005109893158078194, 0.5069544911384583]"
hdsp,chunk_5_9,6,3,1,dct,"[""dct"", ""had""]","[-11.886691093444824, -12.218443870544434]","[0.0005689368699677289, 0.0006535305292345583]"
hdsp,chunk_5_9,6,3,2,had,"[""dct"", ""had""]","[-13.565470695495605, -13.213420867919922]","[0.0025213798508048058, 0.000870449875947088]"
hdsp,chunk_5_9,6,3,3,had,"[""dct"", ""had""]","[-14.088635444641113, -13.848023414611816]","[0.0010213344357907772, 0.0006150347762741148]"
hdsp,chunk_5_9,6,3,4,dct,"[""dct"", ""had""]","[-13.903564453125, -14.490073204040527]","[0.00044937647180631757, 0.001774027245119214]"
hdsp,chunk_5_9,6,3,5,dct,"[""dct"", ""had""]","[-13.9321870803833, -14.537135124206543]","[0.0005703382194042206, 0.0014758585020899773]"
hdsp,chunk_5_9,6,3,6,had,"[""dct"", ""had""]","[-15.415231704711914, -14.55965805053711]","[0.005709294229745865, 0.0007153493352234364]"
hdsp,chunk_5_9,6,3,7,dct,"[""dct"", ""had""]","[-15.03794002532959, -16.244340896606445]","[0.0015911937225610018, 0.0019090240821242332]"
hdsp,chunk_5_9,6,3,8,had,"[""dct"", ""had""]","[-14.778107643127441, -14.268375396728516]","[0.0014586165780201554, 0.0009962862823158503]"
hdsp,chunk_5_9,6,4,1,huber,"[""tv2"", ""huber""]","[-11.549620628356934, -11.383957862854004]","[0.001254931790754199, 0.001098767388612032]"
hdsp,chunk_5_9,6,4,2,tv2,"[""tv2"", ""huber""]","[-14.633145332336426, -15.145589828491211]","[0.00408474775031209, 0.003669652622193098]"
hdsp,chunk_5_9,6,4,3,tv2,"[""tv2"", ""huber""]","[-14.09062671661377, -14.525099754333496]","[0.00201112381182611, 0.0018939728615805507]"
hdsp,chunk_5_9,6,4,4,huber,"[""tv2"", ""huber""]","[-15.528742790222168, -14.579668045043945]","[0.006649440620094538, 0.0011583543382585049]"
hdsp,chunk_5_9,6,4,5,tv2,"[""tv2"", ""huber""]","[-14.292685508728027, -14.644659996032715]","[0.002493443666025996, 0.0023278503213077784]"
hdsp,chunk_5_9,6,4,6,huber,"[""tv2"", ""huber""]","[-14.27394962310791, -14.206500053405762]","[0.0031155277974903584, 0.0016889212420210242]"
hdsp,chunk_5_9,6,4,7,tv2,"[""tv2"", ""huber""]","[-15.189940452575684, -15.287341117858887]","[0.0031043458729982376, 0.001740344101563096]"
hdsp,chunk_5_9,6,4,8,tv2,"[""tv2"", ""huber""]","[-14.571413040161133, -15.905686378479004]","[0.0025331280194222927, 0.002953960793092847]"
hdsp,chunk_5_9,6,5,1,dct,"[""dct"", ""tv2""]","[-11.408792495727539, -12.166731834411621]","[0.0004914640448987484, 0.0009576744050718844]"
hdsp,chunk_5_9,6,5,2,dct,"[""dct"", ""tv2""]","[-11.293681144714355, -11.574065208435059]","[0.0005174120888113976, 0.0011390200816094875]"
hdsp,chunk_5_9,6,5,3,tv2,"[""dct"", ""tv2""]","[-12.558430671691895, -12.31716251373291]","[0.0013113643508404493, 0.0016303255688399076]"
hdsp,chunk_5_9,6,5,4,tv2,"[""dct"", ""tv2""]","[-15.112428665161133, -13.476117134094238]","[0.005201674532145262, 0.002046432113274932]"
hdsp,chunk_5_9,6,5,5,tv2,"[""dct"", ""tv2""]","[-13.16797161102295, -12.954032897949219]","[0.0006014852551743388, 0.001845849328674376]"
hdsp,chunk_5_9,6,5,6,dct,"[""dct"", ""tv2""]","[-15.090243339538574, -15.795482635498047]","[0.001525258063338697, 0.005759652704000473]"
hdsp,chunk_5_9,6,5,7,dct,"[""dct"", ""tv2""]","[-15.272110939025879, -18.55759620666504]","[0.0020363498479127884, 0.028152089565992355]"
hdsp,chunk_5_9,6,5,8,dct,"[""dct"", ""tv2""]","[-13.811081886291504, -13.840192794799805]","[0.0008305154624395072, 0.0020392630249261856]"
hdsp,chunk_5_9,7,0,1,phys,"[""phys"", ""robust""]","[-9.779745101928711, -10.462924003601074]","[0.00044048178824596107, 0.004599422682076693]"
hdsp,chunk_5_9,7,0,2,phys,"[""phys"", ""robust""]","[-9.597456932067871, -9.993828773498535]","[0.0005827091517858207, 0.0019655500072985888]"
hdsp,chunk_5_9,7,0,3,phys,"[""phys"", ""robust""]","[-9.635663032531738, -10.059775352478027]","[0.0003473940014373511, 0.0014612501254305243]"
hdsp,chunk_5_9,7,0,4,phys,"[""phys"", ""robust""]","[-9.75563907623291, -10.097356796264648]","[0.0003204398963134736, 0.0012500898446887732]"
hdsp,chunk_5_9,7,0,5,phys,"[""phys"", ""robust""]","[-9.742936134338379, -10.113297462463379]","[0.00037331689964048564, 0.0013792094541713595]"
hdsp,chunk_5_9,7,0,6,phys,"[""phys"", ""robust""]","[-9.945940971374512, -10.584906578063965]","[0.0005887871375307441, 0.0020280529279261827]"
hdsp,chunk_5_9,7,0,7,phys,"[""phys"", ""robust""]","[-9.860458374023438, -10.386625289916992]","[0.0003597860340960324, 0.0015641566133126616]"
hdsp,chunk_5_9,7,0,8,phys,"[""phys"", ""robust""]","[-9.974681854248047, -10.208318710327148]","[0.00021279809880070388, 0.001219211146235466]"
hdsp,chunk_5_9,7,1,1,conv,"[""conv"", ""prox_tv""]","[-9.663445472717285, -10.193257331848145]","[0.0003571219276636839, 0.000394463975680992]"
hdsp,chunk_5_9,7,1,2,prox_tv,"[""conv"", ""prox_tv""]","[-10.005005836486816, -9.64583683013916]","[0.0004637964884750545, 0.00022725261806044728]"
hdsp,chunk_5_9,7,1,3,conv,"[""conv"", ""prox_tv""]","[-9.522595405578613, -9.99534797668457]","[0.00023040255473461002, 0.0002882854314520955]"
hdsp,chunk_5_9,7,1,4,conv,"[""conv"", ""prox_tv""]","[-9.592318534851074, -10.102153778076172]","[0.00025553113664500415, 0.0003324032586533576]"
hdsp,chunk_5_9,7,1,5,prox_tv,"[""conv"", ""prox_tv""]","[-9.821864128112793, -9.67851734161377]","[0.0002709538966882974, 9.254687756765634e-05]"
hdsp,chunk_5_9,7,1,6,conv,"[""conv"", ""prox_tv""]","[-9.603253364562988, -10.102704048156738]","[0.0001849380205385387, 0.00021829463366884738]"
hdsp,chunk_5_9,7,1,7,prox_tv,"[""conv"", ""prox_tv""]","[-10.047696113586426, -9.84768295288086]","[0.0003381775168236345, 0.00023290785611607134]"
hdsp,chunk_5_9,7,1,8,conv,"[""conv"", ""prox_tv""]","[-9.6728515625, -10.051527976989746]","[0.0001648954930715263, 0.0002289248805027455]"
hdsp,chunk_5_9,7,2,1,conv_lowtv,"[""conv_lowtv"", ""wavelet"", ""inr""]","[-10.07436466217041, -10.468901634216309, -12.96802806854248]","[0.0011792437871918082, 0.0009098952286876738, 0.0823364108800888]"
hdsp,chunk_5_9,7,2,2,conv_lowtv,"[""conv_lowtv"", ""wavelet"", ""inr""]","[-9.596693992614746, -10.396868705749512, -13.090028762817383]","[0.0001999786909436807, 0.0014246486825868487, 0.08608657121658325]"
hdsp,chunk_5_9,7,2,3,conv_lowtv,"[""conv_lowtv"", ""wavelet"", ""inr""]","[-9.815459251403809, -10.54262638092041, -13.447092056274414]","[0.0008162493468262255, 0.000850999669637531, 0.08413564413785934]"
hdsp,chunk_5_9,7,2,4,conv_lowtv,"[""conv_lowtv"", ""wavelet"", ""inr""]","[-9.709208488464355, -10.656445503234863, -13.32458209991455]","[0.00020224228501319885, 0.000655961746815592, 0.07943832874298096]"
hdsp,chunk_5_9,7,2,5,conv_lowtv,"[""conv_lowtv"", ""wavelet"", ""inr""]","[-9.957295417785645, -10.644551277160645, -13.402685165405273]","[0.0005136765539646149, 0.0008568358025513589, 0.07810202986001968]"
hdsp,chunk_5_9,7,2,6,conv_lowtv,"[""conv_lowtv"", ""wavelet"", ""inr""]","[-9.842161178588867, -10.716139793395996, -13.42371654510498]","[0.00029521106625907123, 0.0011293260613456368, 0.08004136383533478]"
hdsp,chunk_5_9,7,2,7,conv_lowtv,"[""conv_lowtv"", ""wavelet"", ""inr""]","[-9.820595741271973, -10.726529121398926, -13.499820709228516]","[0.00018538188305683434, 0.0006709280423820019, 0.08089817315340042]"
hdsp,chunk_5_9,7,2,8,conv_lowtv,"[""conv_lowtv"", ""wavelet"", ""inr""]","[-9.903814315795898, -10.560347557067871, -13.519461631774902]","[0.0003259580407757312, 0.0008536773384548724, 0.08388844132423401]"
hdsp,chunk_5_9,7,3,1,dct,"[""dct"", ""had""]","[-9.85180377960205, -10.313278198242188]","[0.0003744790446944535, 0.00047432942665182054]"
hdsp,chunk_5_9,7,3,2,dct,"[""dct"", ""had""]","[-9.448342323303223, -10.048498153686523]","[0.00029875492327846587, 0.000315390236210078]"
hdsp,chunk_5_9,7,3,3,had,"[""dct"", ""had""]","[-9.96817684173584, -9.626570701599121]","[0.0007956245681270957, 0.00041195249650627375]"
hdsp,chunk_5_9,7,3,4,had,"[""dct"", ""had""]","[-10.015597343444824, -9.722187995910645]","[0.00033595357672311366, 0.00027822074480354786]"
hdsp,chunk_5_9,7,3,5,had,"[""dct"", ""had""]","[-10.011551856994629, -9.799985885620117]","[0.00041338629671372473, 0.00041274502291344106]"
hdsp,chunk_5_9,7,3,6,had,"[""dct"", ""had""]","[-10.069746017456055, -9.745423316955566]","[0.0013258763356134295, 0.00019209765014238656]"
hdsp,chunk_5_9,7,3,7,dct,"[""dct"", ""had""]","[-9.66955852508545, -10.26012897491455]","[0.0003843011218123138, 0.00047256224206648767]"
hdsp,chunk_5_9,7,3,8,dct,"[""dct"", ""had""]","[-9.625771522521973, -10.355328559875488]","[0.00030408319435082376, 0.0010042658541351557]"
hdsp,chunk_5_9,7,4,1,tv2,"[""tv2"", ""huber""]","[-9.916708946228027, -9.924525260925293]","[0.0007198535022325814, 0.0004897898761555552]"
hdsp,chunk_5_9,7,4,2,tv2,"[""tv2"", ""huber""]","[-9.17410659790039, -9.939276695251465]","[0.0006305486313067377, 0.0008559906855225563]"
hdsp,chunk_5_9,7,4,3,huber,"[""tv2"", ""huber""]","[-9.729915618896484, -9.594208717346191]","[0.0010899377521127462, 0.00042634696001186967]"
hdsp,chunk_5_9,7,4,4,huber,"[""tv2"", ""huber""]","[-10.509238243103027, -9.891011238098145]","[0.002958222059533, 0.0005927014863118529]"
hdsp,chunk_5_9,7,4,5,huber,"[""tv2"", ""huber""]","[-9.841309547424316, -9.771580696105957]","[0.0008594151004217565, 0.0004261512658558786]"
hdsp,chunk_5_9,7,4,6,tv2,"[""tv2"", ""huber""]","[-9.784489631652832, -9.805197715759277]","[0.0009383611613884568, 0.0007824397762306035]"
hdsp,chunk_5_9,7,4,7,tv2,"[""tv2"", ""huber""]","[-9.709762573242188, -9.735508918762207]","[0.0008167371852323413, 0.0007130771409720182]"
hdsp,chunk_5_9,7,4,8,tv2,"[""tv2"", ""huber""]","[-9.827194213867188, -9.85714340209961]","[0.0010161318350583315, 0.000697827956173569]"
hdsp,chunk_5_9,7,5,1,dct,"[""dct"", ""tv2""]","[-9.848616600036621, -9.870223045349121]","[0.0003514917043503374, 0.0006138634053058922]"
hdsp,chunk_5_9,7,5,2,tv2,"[""dct"", ""tv2""]","[-9.934443473815918, -9.143559455871582]","[0.0006166751263663173, 0.0005182076711207628]"
hdsp,chunk_5_9,7,5,3,dct,"[""dct"", ""tv2""]","[-9.474930763244629, -9.590649604797363]","[0.00022708186588715762, 0.0010017777094617486]"
hdsp,chunk_5_9,7,5,4,tv2,"[""dct"", ""tv2""]","[-9.661585807800293, -9.491816520690918]","[0.000476632994832471, 0.0007963062380440533]"
hdsp,chunk_5_9,7,5,5,tv2,"[""dct"", ""tv2""]","[-9.986065864562988, -9.299483299255371]","[0.0005144092720001936, 0.0004944807733409107]"
hdsp,chunk_5_9,7,5,6,tv2,"[""dct"", ""tv2""]","[-10.1409330368042, -9.410443305969238]","[0.000752864929381758, 0.0007471184362657368]"
hdsp,chunk_5_9,7,5,7,tv2,"[""dct"", ""tv2""]","[-10.036287307739258, -9.232383728027344]","[0.0006191117572598159, 0.0004192887572571635]"
hdsp,chunk_5_9,7,5,8,tv2,"[""dct"", ""tv2""]","[-10.373457908630371, -9.399194717407227]","[0.0009103902848437428, 0.0007547662826254964]"
hdsp,chunk_5_9,8,0,1,phys,"[""phys"", ""robust""]","[-11.805668830871582, -11.931822776794434]","[0.0008590069483034313, 0.014708487316966057]"
hdsp,chunk_5_9,8,0,2,phys,"[""phys"", ""robust""]","[-12.056775093078613, -12.333155632019043]","[0.0011701884213835, 0.02024160698056221]"
hdsp,chunk_5_9,8,0,3,phys,"[""phys"", ""robust""]","[-12.426249504089355, -13.157294273376465]","[0.0024333868641406298, 0.06581225246191025]"
hdsp,chunk_5_9,8,0,4,phys,"[""phys"", ""robust""]","[-12.436192512512207, -12.626300811767578]","[0.004053526092320681, 0.009075501002371311]"
hdsp,chunk_5_9,8,0,5,phys,"[""phys"", ""robust""]","[-12.980708122253418, -13.12705135345459]","[0.02071441151201725, 0.03226674720644951]"
hdsp,chunk_5_9,8,0,6,phys,"[""phys"", ""robust""]","[-13.334776878356934, -14.7160062789917]","[0.0007822599145583808, 0.07289217412471771]"
hdsp,chunk_5_9,8,0,7,phys,"[""phys"", ""robust""]","[-13.311070442199707, -13.45692253112793]","[0.005477523431181908, 0.013192536309361458]"
hdsp,chunk_5_9,8,0,8,phys,"[""phys"", ""robust""]","[-13.069894790649414, -13.451325416564941]","[0.004160256125032902, 0.01374042872339487]"
hdsp,chunk_5_9,8,1,1,prox_tv,"[""conv"", ""prox_tv""]","[-13.069406509399414, -12.217418670654297]","[0.007172665558755398, 0.0012420830316841602]"
hdsp,chunk_5_9,8,1,2,conv,"[""conv"", ""prox_tv""]","[-12.135948181152344, -12.989951133728027]","[0.0019629874732345343, 0.007583173457533121]"
hdsp,chunk_5_9,8,1,3,conv,"[""conv"", ""prox_tv""]","[-11.938668251037598, -12.49358081817627]","[0.002052911324426532, 0.003440331434831023]"
hdsp,chunk_5_9,8,1,4,prox_tv,"[""conv"", ""prox_tv""]","[-12.799458503723145, -12.271108627319336]","[0.010261713527143002, 0.0035308024380356073]"
hdsp,chunk_5_9,8,1,5,conv,"[""conv"", ""prox_tv""]","[-12.838801383972168, -13.330106735229492]","[0.00831193383783102, 0.009320012293756008]"
hdsp,chunk_5_9,8,1,6,conv,"[""conv"", ""prox_tv""]","[-13.15761661529541, -13.738082885742188]","[0.005175783298909664, 0.011272945441305637]"
hdsp,chunk_5_9,8,1,7,conv,"[""conv"", ""prox_tv""]","[-13.447611808776855, -14.051434516906738]","[0.006707388442009687, 0.012045486830174923]"
hdsp,chunk_5_9,8,1,8,prox_tv,"[""conv"", ""prox_tv""]","[-13.670974731445312, -13.374434471130371]","[0.004042512271553278, 0.003971610683947802]"
hdsp,chunk_5_9,8,2,1,conv_lowtv,"[""conv_lowtv"", ""wavelet"", ""inr""]","[-12.151663780212402, -13.057238578796387, -16.279788970947266]","[0.0009910532971844077, 0.0030939066782593727, 0.4257526695728302]"
hdsp,chunk_5_9,8,2,2,wavelet,"[""conv_lowtv"", ""wavelet"", ""inr""]","[-13.83185863494873, -13.246591567993164, -17.282358169555664]","[0.014363705180585384, 0.004519378300756216, 0.43311214447021484]"
hdsp,chunk_5_9,8,2,3,conv_lowtv,"[""conv_lowtv"", ""wavelet"", ""inr""]","[-14.145479202270508, -14.404938697814941, -19.134714126586914]","[0.007905237376689911, 0.00332328281365335, 0.5009055733680725]"
hdsp,chunk_5_9,8,2,4,conv_lowtv,"[""conv_lowtv"", ""wavelet"", ""inr""]","[-13.060762405395508, -13.778448104858398, -17.554466247558594]","[0.0029036488849669695, 0.004296276718378067, 0.4905119240283966]"
hdsp,chunk_5_9,8,2,5,conv_lowtv,"[""conv_lowtv"", ""wavelet"", ""inr""]","[-13.096742630004883, -13.466422080993652, -17.470090866088867]","[0.0049004461616277695, 0.009345222264528275, 0.4121478199958801]"
hdsp,chunk_5_9,8,2,6,conv_lowtv,"[""conv_lowtv"", ""wavelet"", ""inr""]","[-13.437309265136719, -13.882747650146484, -18.366039276123047]","[0.006020590662956238, 0.0053080297075212, 0.4669813811779022]"
hdsp,chunk_5_9,8,2,7,conv_lowtv,"[""conv_lowtv"", ""wavelet"", ""inr""]","[-14.83271312713623, -14.9717378616333, -19.640785217285156]","[0.007698686793446541, 0.016783585771918297, 0.510190486907959]"
hdsp,chunk_5_9,8,2,8,conv_lowtv,"[""conv_lowtv"", ""wavelet"", ""inr""]","[-13.807927131652832, -14.344231605529785, -18.905345916748047]","[0.004424594808369875, 0.01260064821690321, 0.4754553735256195]"
hdsp,chunk_5_9,8,3,1,had,"[""dct"", ""had""]","[-12.362829208374023, -12.0370454788208]","[0.001425988390110433, 0.0010360163869336247]"
hdsp,chunk_5_9,8,3,2,had,"[""dct"", ""had""]","[-12.566264152526855, -12.24926471710205]","[0.011294826865196228, 0.007057259324938059]"
hdsp,chunk_5_9,8,3,3,had,"[""dct"", ""had""]","[-13.293179512023926, -13.101813316345215]","[0.00662987818941474, 0.002820233814418316]"
hdsp,chunk_5_9,8,3,4,dct,"[""dct"", ""had""]","[-12.45569133758545, -12.862792015075684]","[0.006062217988073826, 0.007862044498324394]"
hdsp,chunk_5_9,8,3,5,dct,"[""dct"", ""had""]","[-13.020169258117676, -13.47617244720459]","[0.001650321064516902, 0.003968923818320036]"
hdsp,chunk_5_9,8,3,6,dct,"[""dct"", ""had""]","[-13.00829029083252, -13.578263282775879]","[0.003875719616189599, 0.009706820361316204]"
hdsp,chunk_5_9,8,3,7,had,"[""dct"", ""had""]","[-15.596278190612793, -13.669402122497559]","[0.046930525451898575, 0.004155533388257027]"
hdsp,chunk_5_9,8,3,8,dct,"[""dct"", ""had""]","[-13.507262229919434, -14.492270469665527]","[0.004792538471519947, 0.027454698458313942]"
hdsp,chunk_5_9,8,4,1,tv2,"[""tv2"", ""huber""]","[-12.11523723602295, -12.255772590637207]","[0.003673144383355975, 0.0019961174111813307]"
hdsp,chunk_5_9,8,4,2,tv2,"[""tv2"", ""huber""]","[-12.755972862243652, -12.886412620544434]","[0.015034687705338001, 0.005292051006108522]"
hdsp,chunk_5_9,8,4,3,huber,"[""tv2"", ""huber""]","[-13.18574047088623, -12.695052146911621]","[0.016382891684770584, 0.0030822500120848417]"
hdsp,chunk_5_9,8,4,4,huber,"[""tv2"", ""huber""]","[-13.246230125427246, -13.210237503051758]","[0.02733411267399788, 0.0053888410329818726]"
hdsp,chunk_5_9,8,4,5,tv2,"[""tv2"", ""huber""]","[-13.38363265991211, -13.432660102844238]","[0.008514783345162868, 0.0069562410935759544]"
hdsp,chunk_5_9,8,4,6,tv2,"[""tv2"", ""huber""]","[-13.670674324035645, -13.776902198791504]","[0.016143331304192543, 0.008750003762543201]"
hdsp,chunk_5_9,8,4,7,tv2,"[""tv2"", ""huber""]","[-12.526686668395996, -13.20581340789795]","[0.008390197530388832, 0.012062265537679195]"
hdsp,chunk_5_9,8,4,8,huber,"[""tv2"", ""huber""]","[-13.069319725036621, -13.038056373596191]","[0.008318795822560787, 0.0026845457032322884]"
hdsp,chunk_5_9,8,5,1,dct,"[""dct"", ""tv2""]","[-11.641992568969727, -12.313176155090332]","[0.0006240055663511157, 0.005634277127683163]"
hdsp,chunk_5_9,8,5,2,dct,"[""dct"", ""tv2""]","[-12.318655967712402, -12.479778289794922]","[0.0037364030722528696, 0.005335135385394096]"
hdsp,chunk_5_9,8,5,3,tv2,"[""dct"", ""tv2""]","[-12.879109382629395, -12.741171836853027]","[0.005547084379941225, 0.008221873082220554]"
hdsp,chunk_5_9,8,5,4,dct,"[""dct"", ""tv2""]","[-13.776958465576172, -13.857518196105957]","[0.009046996012330055, 0.03497273847460747]"
hdsp,chunk_5_9,8,5,5,tv2,"[""dct"", ""tv2""]","[-12.889592170715332, -12.8131685256958]","[0.0033217058517038822, 0.008450239896774292]"
hdsp,chunk_5_9,8,5,6,tv2,"[""dct"", ""tv2""]","[-14.19194221496582, -13.037577629089355]","[0.013343690894544125, 0.011445539072155952]"
hdsp,chunk_5_9,8,5,7,tv2,"[""dct"", ""tv2""]","[-14.266304969787598, -13.00456714630127]","[0.01662827841937542, 0.011765635572373867]"
hdsp,chunk_5_9,8,5,8,tv2,"[""dct"", ""tv2""]","[-13.854781150817871, -13.188750267028809]","[0.004023441579192877, 0.0060318694449961185]"
hdsp,chunk_5_9,9,0,1,phys,"[""phys"", ""robust""]","[-12.36287784576416, -12.50745677947998]","[0.0009147891541942954, 0.01762283779680729]"
hdsp,chunk_5_9,9,0,2,phys,"[""phys"", ""robust""]","[-12.524495124816895, -12.56992244720459]","[0.0007213065982796252, 0.04319058358669281]"
hdsp,chunk_5_9,9,0,3,robust,"[""phys"", ""robust""]","[-13.067269325256348, -12.711840629577637]","[0.0010250044288113713, 0.022077636793255806]"
hdsp,chunk_5_9,9,0,4,phys,"[""phys"", ""robust""]","[-12.858012199401855, -12.863228797912598]","[0.0014159635175019503, 0.07011484354734421]"
hdsp,chunk_5_9,9,0,5,phys,"[""phys"", ""robust""]","[-15.993453979492188, -16.88015365600586]","[0.0015611510025337338, 0.08587311953306198]"
hdsp,chunk_5_9,9,0,6,robust,"[""phys"", ""robust""]","[-16.177988052368164, -14.855849266052246]","[0.002296085935086012, 0.016072934493422508]"
hdsp,chunk_5_9,9,0,7,phys,"[""phys"", ""robust""]","[-13.841900825500488, -13.931473731994629]","[0.0024724884424358606, 0.04498280584812164]"
hdsp,chunk_5_9,9,0,8,phys,"[""phys"", ""robust""]","[-14.021146774291992, -14.507248878479004]","[0.0007215376244857907, 0.040559228509664536]"
hdsp,chunk_5_9,9,1,1,conv,"[""conv"", ""prox_tv""]","[-12.140303611755371, -12.636401176452637]","[0.0012860615970566869, 0.0012920235749334097]"
hdsp,chunk_5_9,9,1,2,prox_tv,"[""conv"", ""prox_tv""]","[-14.408329963684082, -14.173468589782715]","[0.002670368179678917, 0.0019348441855981946]"
hdsp,chunk_5_9,9,1,3,conv,"[""conv"", ""prox_tv""]","[-13.036795616149902, -13.056161880493164]","[0.0012649695854634047, 0.0008975179516710341]"
hdsp,chunk_5_9,9,1,4,conv,"[""conv"", ""prox_tv""]","[-13.029780387878418, -13.348357200622559]","[0.0012148505775257945, 0.0012660810025408864]"
hdsp,chunk_5_9,9,1,5,prox_tv,"[""conv"", ""prox_tv""]","[-13.722323417663574, -13.314239501953125]","[0.0008272634004242718, 0.0008246235665865242]"
hdsp,chunk_5_9,9,1,6,conv,"[""conv"", ""prox_tv""]","[-14.839762687683105, -16.036426544189453]","[0.000944630999583751, 0.0017214638646692038]"
hdsp,chunk_5_9,9,1,7,prox_tv,"[""conv"", ""prox_tv""]","[-13.409697532653809, -13.124382972717285]","[0.0007040860364213586, 0.0005674762069247663]"
hdsp,chunk_5_9,9,1,8,conv,"[""conv"", ""prox_tv""]","[-14.62302303314209, -15.866908073425293]","[0.0010163506958633661, 0.0017901071114465594]"
hdsp,chunk_5_9,9,2,1,conv_lowtv,"[""conv_lowtv"", ""wavelet"", ""inr""]","[-12.513672828674316, -12.968949317932129, -16.331993103027344]","[0.001008066232316196, 0.0009946339996531606, 0.9236688613891602]"
hdsp,chunk_5_9,9,2,2,conv_lowtv,"[""conv_lowtv"", ""wavelet"", ""inr""]","[-12.429587364196777, -13.51438045501709, -17.952560424804688]","[0.0008128673071041703, 0.001727445749565959, 0.9705177545547485]"
hdsp,chunk_5_9,9,2,3,conv_lowtv,"[""conv_lowtv"", ""wavelet"", ""inr""]","[-12.49278450012207, -13.292313575744629, -18.142078399658203]","[0.0006431066431105137, 0.0013050505658611655, 1.0676871538162231]"
hdsp,chunk_5_9,9,2,4,conv_lowtv,"[""conv_lowtv"", ""wavelet"", ""inr""]","[-13.346988677978516, -13.89618968963623, -19.56180191040039]","[0.0007064408273436129, 0.001370925921946764, 1.0788733959197998]"
hdsp,chunk_5_9,9,2,5,conv_lowtv,"[""conv_lowtv"", ""wavelet"", ""inr""]","[-14.447307586669922, -14.645776748657227, -21.593673706054688]","[0.001057260436937213, 0.0016550682485103607, 1.089811086654663]"
hdsp,chunk_5_9,9,2,6,conv_lowtv,"[""conv_lowtv"", ""wavelet"", ""inr""]","[-14.128227233886719, -14.940037727355957, -22.103389739990234]","[0.0005373806343413889, 0.0018044804455712438, 1.103240966796875]"
hdsp,chunk_5_9,9,2,7,conv_lowtv,"[""conv_lowtv"", ""wavelet"", ""inr""]","[-16.136985778808594, -17.3237361907959, -23.668180465698242]","[0.001156196347437799, 0.0024282382801175117, 1.0570358037948608]"
hdsp,chunk_5_9,9,2,8,wavelet,"[""conv_lowtv"", ""wavelet"", ""inr""]","[-15.899874687194824, -15.635329246520996, -23.319753646850586]","[0.001861264230683446, 0.0017063276609405875, 1.1207897663116455]"
hdsp,chunk_5_9,9,3,1,dct,"[""dct"", ""had""]","[-12.26488971710205, -12.798351287841797]","[0.0008200217853300273, 0.0008367772097699344]"
hdsp,chunk_5_9,9,3,2,dct,"[""dct"", ""had""]","[-12.971172332763672, -13.34647274017334]","[0.0011742878705263138, 0.0016458489699289203]"
hdsp,chunk_5_9,9,3,3,dct,"[""dct"", ""had""]","[-13.253911018371582, -13.573452949523926]","[0.00099171232432127, 0.0007339692092500627]"
hdsp,chunk_5_9,9,3,4,dct,"[""dct"", ""had""]","[-13.66955852508545, -13.984358787536621]","[0.0013547466369345784, 0.0013595727505162358]"
hdsp,chunk_5_9,9,3,5,dct,"[""dct"", ""had""]","[-13.69957160949707, -14.2935209274292]","[0.0009037683485075831, 0.001132328063249588]"
hdsp,chunk_5_9,9,3,6,dct,"[""dct"", ""had""]","[-14.917778015136719, -16.859582901000977]","[0.0019165212288498878, 0.0020874342881143093]"
hdsp,chunk_5_9,9,3,7,dct,"[""dct"", ""had""]","[-14.033841133117676, -15.462593078613281]","[0.0008472503395751119, 0.0024736968334764242]"
hdsp,chunk_5_9,9,3,8,dct,"[""dct"", ""had""]","[-13.653286933898926, -14.501151084899902]","[0.0008649537339806557, 0.001064005889929831]"
hdsp,chunk_5_9,9,4,1,tv2,"[""tv2"", ""huber""]","[-12.038470268249512, -12.411446571350098]","[0.0012837800895795226, 0.0008930712938308716]"
hdsp,chunk_5_9,9,4,2,tv2,"[""tv2"", ""huber""]","[-13.407339096069336, -14.080065727233887]","[0.001191800576634705, 0.0008200221927836537]"
hdsp,chunk_5_9,9,4,3,tv2,"[""tv2"", ""huber""]","[-13.06668758392334, -14.242775917053223]","[0.0010088718263432384, 0.0019279076950624585]"
hdsp,chunk_5_9,9,4,4,huber,"[""tv2"", ""huber""]","[-13.730220794677734, -13.640386581420898]","[0.004507130477577448, 0.0019272045465186238]"
hdsp,chunk_5_9,9,4,5,tv2,"[""tv2"", ""huber""]","[-14.763579368591309, -15.19032096862793]","[0.002489836886525154, 0.0020918394438922405]"
hdsp,chunk_5_9,9,4,6,huber,"[""tv2"", ""huber""]","[-14.467828750610352, -14.425572395324707]","[0.0019336893456056714, 0.0019241850823163986]"
hdsp,chunk_5_9,9,4,7,tv2,"[""tv2"", ""huber""]","[-13.572199821472168, -13.997490882873535]","[0.0018868237966671586, 0.002128094667568803]"
hdsp,chunk_5_9,9,4,8,huber,"[""tv2"", ""huber""]","[-12.064642906188965, -11.993401527404785]","[0.0014961131382733583, 0.0010201369877904654]"
hdsp,chunk_5_9,9,5,1,tv2,"[""dct"", ""tv2""]","[-12.135771751403809, -12.091073036193848]","[0.0009217718616127968, 0.0014429574366658926]"
hdsp,chunk_5_9,9,5,2,dct,"[""dct"", ""tv2""]","[-13.590003967285156, -13.992525100708008]","[0.0012793387286365032, 0.003910335246473551]"
hdsp,chunk_5_9,9,5,3,tv2,"[""dct"", ""tv2""]","[-14.221223831176758, -13.393061637878418]","[0.0032643324229866266, 0.001357558066956699]"
hdsp,chunk_5_9,9,5,4,dct,"[""dct"", ""tv2""]","[-18.12720489501953, -19.889053344726562]","[0.0032867342233657837, 0.004796265158802271]"
hdsp,chunk_5_9,9,5,5,dct,"[""dct"", ""tv2""]","[-13.810757637023926, -14.339316368103027]","[0.0007753522950224578, 0.001769780763424933]"
hdsp,chunk_5_9,9,5,6,tv2,"[""dct"", ""tv2""]","[-12.833796501159668, -12.75912094116211]","[0.0006448627100326121, 0.0011813774472102523]"
hdsp,chunk_5_9,9,5,7,tv2,"[""dct"", ""tv2""]","[-13.526949882507324, -13.049696922302246]","[0.001212505390867591, 0.0021649205591529608]"
hdsp,chunk_5_9,9,5,8,dct,"[""dct"", ""tv2""]","[-14.032082557678223, -14.5179443359375]","[0.0008828386198729277, 0.0020976553205400705]"
evc,chunk_50_54,50,0,1,robust,"[""phys"", ""robust""]","[-11.658766746520996, -11.401646614074707]","[0.0003838971024379134, 0.002016352489590645]"
evc,chunk_50_54,50,0,2,phys,"[""phys"", ""robust""]","[-10.687907218933105, -10.925198554992676]","[0.00022885638463776559, 0.005624301265925169]"
evc,chunk_50_54,50,0,3,phys,"[""phys"", ""robust""]","[-10.599023818969727, -10.642691612243652]","[0.0001559381780680269, 0.0009599244804121554]"
evc,chunk_50_54,50,0,4,phys,"[""phys"", ""robust""]","[-10.570630073547363, -10.633530616760254]","[0.00013853203563485295, 0.0015974286943674088]"
evc,chunk_50_54,50,0,5,phys,"[""phys"", ""robust""]","[-10.215805053710938, -10.638651847839355]","[7.204393477877602e-05, 0.0007480808417312801]"
evc,chunk_50_54,50,0,6,robust,"[""phys"", ""robust""]","[-11.456624984741211, -10.947234153747559]","[0.00035705012851394713, 0.0008522197022102773]"
evc,chunk_50_54,50,0,7,phys,"[""phys"", ""robust""]","[-10.466011047363281, -10.609076499938965]","[6.465247133746743e-05, 0.0014629196375608444]"
evc,chunk_50_54,50,0,8,phys,"[""phys"", ""robust""]","[-10.546975135803223, -10.854516983032227]","[8.975677337730303e-05, 0.000868839502800256]"
evc,chunk_50_54,50,1,1,conv,"[""conv"", ""prox_tv""]","[-11.345442771911621, -11.736408233642578]","[0.00017575793026480824, 0.00024957527057267725]"
evc,chunk_50_54,50,1,2,prox_tv,"[""conv"", ""prox_tv""]","[-11.170267105102539, -10.978989601135254]","[0.0003516131255310029, 0.0001810455578379333]"
evc,chunk_50_54,50,1,3,conv,"[""conv"", ""prox_tv""]","[-10.417004585266113, -10.925027847290039]","[0.00020183877495583147, 0.00023008712742011994]"
evc,chunk_50_54,50,1,4,conv,"[""conv"", ""prox_tv""]","[-10.357952117919922, -10.8047513961792]","[0.00016452535055577755, 0.00017845811089500785]"
evc,chunk_50_54,50,1,5,prox_tv,"[""conv"", ""prox_tv""]","[-10.946296691894531, -10.343144416809082]","[0.00046055857092142105, 9.127266093855724e-05]"
evc,chunk_50_54,50,1,6,conv,"[""conv"", ""prox_tv""]","[-10.470108985900879, -12.363517761230469]","[9.953526023309678e-05, 0.0008319778135046363]"
evc,chunk_50_54,50,1,7,conv,"[""conv"", ""prox_tv""]","[-10.10667896270752, -10.522740364074707]","[8.6815474787727e-05, 0.00010026106610894203]"
evc,chunk_50_54,50,1,8,conv,"[""conv"", ""prox_tv""]","[-10.218304634094238, -10.855783462524414]","[8.604274626122788e-05, 0.0002822266542352736]"
evc,chunk_50_54,50,2,1,conv_lowtv,"[""conv_lowtv"", ""wavelet"", ""inr""]","[-11.61272144317627, -12.02993392944336, -14.154427528381348]","[0.0003132353303954005, 0.0005352947628125548, 0.25770512223243713]"
evc,chunk_50_54,50,2,2,conv_lowtv,"[""conv_lowtv"", ""wavelet"", ""inr""]","[-11.459637641906738, -12.129345893859863, -14.390097618103027]","[0.0002552383521106094, 0.0008756667957641184, 0.28918400406837463]"
evc,chunk_50_54,50,2,3,conv_lowtv,"[""conv_lowtv"", ""wavelet"", ""inr""]","[-11.4749174118042, -12.136367797851562, -14.905387878417969]","[0.00028138974448665977, 0.000888656941242516, 0.284612774848938]"
evc,chunk_50_54,50,2,4,conv_lowtv,"[""conv_lowtv"", ""wavelet"", ""inr""]","[-10.990609169006348, -12.110276222229004, -15.170784950256348]","[0.00012943422188982368, 0.000985645456239581, 0.2612563967704773]"
evc,chunk_50_54,50,2,5,conv_lowtv,"[""conv_lowtv"", ""wavelet"", ""inr""]","[-10.872086524963379, -12.361796379089355, -15.467391014099121]","[0.00010676858073566109, 0.0010639874963089824, 0.25510096549987793]"
evc,chunk_50_54,50,2,6,conv_lowtv,"[""conv_lowtv"", ""wavelet"", ""inr""]","[-11.036770820617676, -12.448920249938965, -15.861504554748535]","[0.00013975516776554286, 0.001114330836571753, 0.27019625902175903]"
evc,chunk_50_54,50,2,7,conv_lowtv,"[""conv_lowtv"", ""wavelet"", ""inr""]","[-10.900336265563965, -12.597500801086426, -15.965529441833496]","[9.992440755013376e-05, 0.00115225650370121, 0.2867821156978607]"
evc,chunk_50_54,50,2,8,conv_lowtv,"[""conv_lowtv"", ""wavelet"", ""inr""]","[-10.924576759338379, -12.65383529663086, -15.727259635925293]","[0.00011356307368259877, 0.000879087601788342, 0.25538691878318787]"
evc,chunk_50_54,50,3,1,had,"[""dct"", ""had""]","[-12.222386360168457, -11.688703536987305]","[0.00042142666643485427, 0.00021031130745541304]"
evc,chunk_50_54,50,3,2,dct,"[""dct"", ""had""]","[-11.179085731506348, -11.947402000427246]","[0.0003143745707347989, 0.0003361305280122906]"
evc,chunk_50_54,50,3,3,had,"[""dct"", ""had""]","[-10.917284965515137, -10.33712100982666]","[0.00021951194503344595, 0.00014028533769305795]"
evc,chunk_50_54,50,3,4,dct,"[""dct"", ""had""]","[-10.379490852355957, -11.02477741241455]","[0.00014227934298105538, 0.00016563196550123394]"
evc,chunk_50_54,50,3,5,had,"[""dct"", ""had""]","[-11.208940505981445, -10.598549842834473]","[0.0001850435510277748, 0.00016620477254036814]"
evc,chunk_50_54,50,3,6,had,"[""dct"", ""had""]","[-10.891980171203613, -10.706038475036621]","[0.0001609938044566661, 0.0001554206246510148]"
evc,chunk_50_54,50,3,7,had,"[""dct"", ""had""]","[-10.974815368652344, -10.692158699035645]","[0.00015680618525948375, 0.00013702271098736674]"
evc,chunk_50_54,50,3,8,had,"[""dct"", ""had""]","[-11.058784484863281, -10.705652236938477]","[0.00013980973744764924, 0.00012848743062932044]"
evc,chunk_50_54,50,4,1,huber,"[""tv2"", ""huber""]","[-11.476733207702637, -11.264703750610352]","[0.0005090642953291535, 0.00038172927452251315]"
evc,chunk_50_54,50,4,2,huber,"[""tv2"", ""huber""]","[-10.63042163848877, -10.455737113952637]","[0.00047549905139021575, 0.0003298492229077965]"
evc,chunk_50_54,50,4,3,huber,"[""tv2"", ""huber""]","[-10.7203369140625, -10.492408752441406]","[0.0003645857213996351, 0.0003154281876049936]"
evc,chunk_50_54,50,4,4,huber,"[""tv2"", ""huber""]","[-11.21502685546875, -10.132161140441895]","[0.0005295055452734232, 0.00019913792493753135]"
evc,chunk_50_54,50,4,5,tv2,"[""tv2"", ""huber""]","[-10.678370475769043, -12.312743186950684]","[0.0003402219736017287, 0.00097373325843364]"
evc,chunk_50_54,50,4,6,tv2,"[""tv2"", ""huber""]","[-10.459441184997559, -10.746270179748535]","[0.00038076055352576077, 0.0002939362602774054]"
evc,chunk_50_54,50,4,7,tv2,"[""tv2"", ""huber""]","[-10.511713981628418, -10.566373825073242]","[0.0004358465666882694, 0.0002758328919298947]"
evc,chunk_50_54,50,4,8,huber,"[""tv2"", ""huber""]","[-10.88234806060791, -10.774168968200684]","[0.0004236646054778248, 0.00023663052706979215]"
evc,chunk_50_54,50,5,1,dct,"[""dct"", ""tv2""]","[-11.358677864074707, -11.7071533203125]","[0.00025748880580067635, 0.0003967468219343573]"
evc,chunk_50_54,50,5,2,dct,"[""dct"", ""tv2""]","[-10.331727027893066, -10.452275276184082]","[0.00017769384430721402, 0.0003407296317163855]"
evc,chunk_50_54,50,5,3,dct,"[""dct"", ""tv2""]","[-10.126729011535645, -10.46496295928955]","[0.0001031875581247732, 0.00047266200999729335]"
evc,chunk_50_54,50,5,4,tv2,"[""dct"", ""tv2""]","[-10.391276359558105, -10.260725975036621]","[0.00017782574286684394, 0.00033496637479402125]"
evc,chunk_50_54,50,5,5,tv2,"[""dct"", ""tv2""]","[-10.410094261169434, -9.969340324401855]","[0.00021468258637469262, 0.00030892514041624963]"
evc,chunk_50_54,50,5,6,tv2,"[""dct"", ""tv2""]","[-10.513001441955566, -10.271552085876465]","[0.00015395990340039134, 0.00043783753062598407]"
evc,chunk_50_54,50,5,7,dct,"[""dct"", ""tv2""]","[-10.653193473815918, -10.763431549072266]","[0.00013121971278451383, 0.00044123249244876206]"
evc,chunk_50_54,50,5,8,dct,"[""dct"", ""tv2""]","[-10.506892204284668, -10.629441261291504]","[9.855326061369851e-05, 0.00029271989478729665]"
evc,chunk_50_54,51,0,1,robust,"[""phys"", ""robust""]","[-9.713580131530762, -9.70164680480957]","[0.00010763182217488065, 0.0003803032450377941]"
evc,chunk_50_54,51,0,2,robust,"[""phys"", ""robust""]","[-10.658577919006348, -9.93934440612793]","[0.0004987130523659289, 0.016217045485973358]"
evc,chunk_50_54,51,0,3,robust,"[""phys"", ""robust""]","[-10.498209953308105, -9.777073860168457]","[0.0002921244304161519, 0.02801048941910267]"
evc,chunk_50_54,51,0,4,robust,"[""phys"", ""robust""]","[-10.370057106018066, -9.332552909851074]","[0.00031979806954041123, 0.028592385351657867]"
evc,chunk_50_54,51,0,5,robust,"[""phys"", ""robust""]","[-10.51621150970459, -9.808913230895996]","[0.0004542314272839576, 0.03826039656996727]"
evc,chunk_50_54,51,0,6,robust,"[""phys"", ""robust""]","[-10.461201667785645, -9.896027565002441]","[0.0003840354038402438, 0.051453929394483566]"
evc,chunk_50_54,51,0,7,robust,"[""phys"", ""robust""]","[-10.694994926452637, -9.747200965881348]","[0.00046300573740154505, 0.04918718338012695]"
evc,chunk_50_54,51,0,8,robust,"[""phys"", ""robust""]","[-11.003252029418945, -9.428521156311035]","[0.0003722084511537105, 0.05176502466201782]"
evc,chunk_50_54,51,1,1,conv,"[""conv"", ""prox_tv""]","[-9.474276542663574, -9.693102836608887]","[9.13487674552016e-05, 0.00011259669554419816]"
evc,chunk_50_54,51,1,2,conv,"[""conv"", ""prox_tv""]","[-9.29658317565918, -9.49431324005127]","[7.457453466486186e-05, 9.688222053227946e-05]"
evc,chunk_50_54,51,1,3,prox_tv,"[""conv"", ""prox_tv""]","[-9.633788108825684, -9.244976997375488]","[0.00010737655975390226, 6.430669600376859e-05]"
evc,chunk_50_54,51,1,4,prox_tv,"[""conv"", ""prox_tv""]","[-9.849175453186035, -9.405028343200684]","[0.00020625791512429714, 0.0001139610176323913]"
evc,chunk_50_54,51,1,5,conv,"[""conv"", ""prox_tv""]","[-8.874156951904297, -9.346646308898926]","[5.6876193411881104e-05, 6.461272278102115e-05]"
evc,chunk_50_54,51,1,6,prox_tv,"[""conv"", ""prox_tv""]","[-10.261998176574707, -9.552095413208008]","[0.000262997840764001, 9.114153363043442e-05]"
evc,chunk_50_54,51,1,7,prox_tv,"[""conv"", ""prox_tv""]","[-9.59281063079834, -9.078908920288086]","[0.00011657984578050673, 6.286049756454304e-05]"
evc,chunk_50_54,51,1,8,conv,"[""conv"", ""prox_tv""]","[-9.414261817932129, -9.770085334777832]","[9.548021625960246e-05, 9.821382263908163e-05]"
evc,chunk_50_54,51,2,1,conv_lowtv,"[""conv_lowtv"", ""wavelet"", ""inr""]","[-9.414128303527832, -10.247118949890137, -11.385723114013672]","[8.770195563556626e-05, 0.00039772450691089034, 0.11937557905912399]"
evc,chunk_50_54,51,2,2,conv_lowtv,"[""conv_lowtv"", ""wavelet"", ""inr""]","[-8.997097969055176, -10.138060569763184, -11.21251106262207]","[6.855244282633066e-05, 0.0004188455641269684, 0.12104249000549316]"
evc,chunk_50_54,51,2,3,conv_lowtv,"[""conv_lowtv"", ""wavelet"", ""inr""]","[-9.029810905456543, -10.222886085510254, -11.343510627746582]","[8.745303057366982e-05, 0.0003660358488559723, 0.12573477625846863]"
evc,chunk_50_54,51,2,4,conv_lowtv,"[""conv_lowtv"", ""wavelet"", ""inr""]","[-9.025952339172363, -10.279572486877441, -11.32780647277832]","[9.223636880051345e-05, 0.0004544728435575962, 0.12058395147323608]"
evc,chunk_50_54,51,2,5,conv_lowtv,"[""conv_lowtv"", ""wavelet"", ""inr""]","[-9.20176887512207, -10.2732515335083, -11.44302749633789]","[0.00011050445027649403, 0.0003800849081017077, 0.11996044963598251]"
evc,chunk_50_54,51,2,6,conv_lowtv,"[""conv_lowtv"", ""wavelet"", ""inr""]","[-8.999346733093262, -10.194482803344727, -11.500594139099121]","[6.334458157652989e-05, 0.00044179148972034454, 0.12588666379451752]"
evc,chunk_50_54,51,2,7,conv_lowtv,"[""conv_lowtv"", ""wavelet"", ""inr""]","[-9.116943359375, -10.283604621887207, -11.529974937438965]","[0.00010896132152993232, 0.0004768327053170651, 0.12063566595315933]"
evc,chunk_50_54,51,2,8,conv_lowtv,"[""conv_lowtv"", ""wavelet"", ""inr""]","[-8.899752616882324, -10.162792205810547, -11.568049430847168]","[7.267202454386279e-05, 0.0004457574978005141, 0.12223266065120697]"
evc,chunk_50_54,51,3,1,dct,"[""dct"", ""had""]","[-9.505751609802246, -10.265748023986816]","[0.00011427758727222681, 0.00014898451627232134]"
evc,chunk_50_54,51,3,2,dct,"[""dct"", ""had""]","[-9.174314498901367, -9.627524375915527]","[9.224826499121264e-05, 0.00011095025547547266]"
evc,chunk_50_54,51,3,3,had,"[""dct"", ""had""]","[-9.546399116516113, -9.015271186828613]","[9.797804523259401e-05, 7.349339284701273e-05]"
evc,chunk_50_54,51,3,4,dct,"[""dct"", ""had""]","[-9.443819999694824, -10.528897285461426]","[0.00013412047701422125, 0.00045929005136713386]"
evc,chunk_50_54,51,3,5,had,"[""dct"", ""had""]","[-9.81790828704834, -9.540661811828613]","[0.0001160655592684634, 0.00011042824917240068]"
evc,chunk_50_54,51,3,6,dct,"[""dct"", ""had""]","[-9.510321617126465, -10.38316822052002]","[0.00012843507283832878, 0.00023690327361691743]"
evc,chunk_50_54,51,3,7,had,"[""dct"", ""had""]","[-9.70461368560791, -9.466651916503906]","[0.00010652552009560168, 9.988265810534358e-05]"
evc,chunk_50_54,51,3,8,dct,"[""dct"", ""had""]","[-9.790776252746582, -10.382529258728027]","[0.00014379566709976643, 0.0001858945906860754]"
evc,chunk_50_54,51,4,1,huber,"[""tv2"", ""huber""]","[-9.876420021057129, -9.601688385009766]","[0.0004724694590549916, 0.00017812373698689044]"
evc,chunk_50_54,51,4,2,huber,"[""tv2"", ""huber""]","[-9.380160331726074, -9.051488876342773]","[0.0006058891885913908, 0.0002387525892117992]"
evc,chunk_50_54,51,4,3,huber,"[""tv2"", ""huber""]","[-9.290255546569824, -9.126969337463379]","[0.00036628730595111847, 0.00023118479293771088]"
evc,chunk_50_54,51,4,4,huber,"[""tv2"", ""huber""]","[-9.262714385986328, -9.25374984741211]","[0.00035599872353486717, 0.00025137211196124554]"
evc,chunk_50_54,51,4,5,huber,"[""tv2"", ""huber""]","[-10.030281066894531, -9.396777153015137]","[0.0006509240483865142, 0.000280205364106223]"
evc,chunk_50_54,51,4,6,huber,"[""tv2"", ""huber""]","[-9.509953498840332, -9.271718978881836]","[0.0005796297336928546, 0.00029395875753834844]"
evc,chunk_50_54,51,4,7,huber,"[""tv2"", ""huber""]","[-9.667808532714844, -9.52185344696045]","[0.00046177173499017954, 0.0002573088859207928]"
evc,chunk_50_54,51,4,8,huber,"[""tv2"", ""huber""]","[-9.962817192077637, -9.241132736206055]","[0.0006661337683908641, 0.00024918379494920373]"
evc,chunk_50_54,51,5,1,dct,"[""dct"", ""tv2""]","[-9.6576509475708, -9.79997444152832]","[0.0001286891201743856, 0.0005376529297791421]"
evc,chunk_50_54,51,5,2,dct,"[""dct"", ""tv2""]","[-9.03060531616211, -9.64006519317627]","[7.942348747747019e-05, 0.0005648749065585434]"
evc,chunk_50_54,51,5,3,dct,"[""dct"", ""tv2""]","[-9.195405960083008, -9.845890045166016]","[9.795425285119563e-05, 0.0005062037380412221]"
evc,chunk_50_54,51,5,4,dct,"[""dct"", ""tv2""]","[-9.1826171875, -9.88262939453125]","[0.00010444942745380104, 0.0006154955481179059]"
evc,chunk_50_54,51,5,5,dct,"[""dct"", ""tv2""]","[-9.224873542785645, -9.983718872070312]","[0.00010911391291301697, 0.0005656012799590826]"
evc,chunk_50_54,51,5,6,dct,"[""dct"", ""tv2""]","[-9.081026077270508, -9.921930313110352]","[8.289883407996967e-05, 0.000717057497240603]"
evc,chunk_50_54,51,5,7,dct,"[""dct"", ""tv2""]","[-9.273343086242676, -10.015395164489746]","[0.0001070821235771291, 0.0007126953569240868]"
evc,chunk_50_54,51,5,8,dct,"[""dct"", ""tv2""]","[-8.920602798461914, -10.1359281539917]","[5.331423017196357e-05, 0.0006310577737167478]"
evc,chunk_50_54,52,0,1,phys,"[""phys"", ""robust""]","[-11.500201225280762, -11.92883586883545]","[0.0018067677738144994, 0.0035054658073931932]"
evc,chunk_50_54,52,0,2,phys,"[""phys"", ""robust""]","[-11.75512981414795, -11.879133224487305]","[0.001617242582142353, 0.0030723230447620153]"
evc,chunk_50_54,52,0,3,phys,"[""phys"", ""robust""]","[-11.842215538024902, -12.64760971069336]","[0.0015762003604322672, 0.006928788032382727]"
evc,chunk_50_54,52,0,4,phys,"[""phys"", ""robust""]","[-11.408775329589844, -11.58326530456543]","[0.0015214424347504973, 0.0025461858604103327]"
evc,chunk_50_54,52,0,5,phys,"[""phys"", ""robust""]","[-11.200591087341309, -11.982773780822754]","[0.0010971524752676487, 0.005013533867895603]"
evc,chunk_50_54,52,0,6,robust,"[""phys"", ""robust""]","[-12.676021575927734, -11.41574764251709]","[0.0029204285237938166, 0.001992725534364581]"
evc,chunk_50_54,52,0,7,phys,"[""phys"", ""robust""]","[-11.419198036193848, -12.134116172790527]","[0.0012751639587804675, 0.005299919284880161]"
evc,chunk_50_54,52,0,8,robust,"[""phys"", ""robust""]","[-12.404351234436035, -11.988722801208496]","[0.00238292315043509, 0.002544139279052615]"
evc,chunk_50_54,52,1,1,prox_tv,"[""conv"", ""prox_tv""]","[-11.602723121643066, -11.397546768188477]","[0.00367164914496243, 0.0023083402775228024]"
evc,chunk_50_54,52,1,2,conv,"[""conv"", ""prox_tv""]","[-11.547364234924316, -12.31984806060791]","[0.0017941865371540189, 0.0022471642587333918]"
evc,chunk_50_54,52,1,3,prox_tv,"[""conv"", ""prox_tv""]","[-12.273537635803223, -11.269270896911621]","[0.002817541128024459, 0.0012971404939889908]"
evc,chunk_50_54,52,1,4,prox_tv,"[""conv"", ""prox_tv""]","[-12.860932350158691, -12.301703453063965]","[0.004649707581847906, 0.0022074978332966566]"
evc,chunk_50_54,52,1,5,conv,"[""conv"", ""prox_tv""]","[-11.198125839233398, -11.734665870666504]","[0.0014871681341901422, 0.002331734634935856]"
evc,chunk_50_54,52,1,6,prox_tv,"[""conv"", ""prox_tv""]","[-11.516823768615723, -11.398273468017578]","[0.0012730996822938323, 0.0008746538660489023]"
evc,chunk_50_54,52,1,7,conv,"[""conv"", ""prox_tv""]","[-11.405695915222168, -12.217931747436523]","[0.0008156659314408898, 0.002350051188841462]"
evc,chunk_50_54,52,1,8,conv,"[""conv"", ""prox_tv""]","[-11.555375099182129, -14.72678279876709]","[0.0013026132946833968, 0.012211748398840427]"
evc,chunk_50_54,52,2,1,conv_lowtv,"[""conv_lowtv"", ""wavelet"", ""inr""]","[-11.84268856048584, -12.131875038146973, -19.848770141601562]","[0.0016007940284907818, 0.0013355789706110954, 0.2213437259197235]"
evc,chunk_50_54,52,2,2,wavelet,"[""conv_lowtv"", ""wavelet"", ""inr""]","[-12.057574272155762, -11.910740852355957, -19.89436912536621]","[0.0031760549172759056, 0.0018813841743394732, 0.19780229032039642]"
evc,chunk_50_54,52,2,3,conv_lowtv,"[""conv_lowtv"", ""wavelet"", ""inr""]","[-12.142340660095215, -12.171856880187988, -20.013042449951172]","[0.0019496663007885218, 0.0011015995405614376, 0.23169422149658203]"
evc,chunk_50_54,52,2,4,conv_lowtv,"[""conv_lowtv"", ""wavelet"", ""inr""]","[-11.725180625915527, -12.359657287597656, -20.13317108154297]","[0.0009114474523812532, 0.0018520285375416279, 0.22353002429008484]"
evc,chunk_50_54,52,2,5,conv_lowtv,"[""conv_lowtv"", ""wavelet"", ""inr""]","[-11.760260581970215, -14.337478637695312, -20.964488983154297]","[0.0009491173550486565, 0.0024077342823147774, 0.21688732504844666]"
evc,chunk_50_54,52,2,6,conv_lowtv,"[""conv_lowtv"", ""wavelet"", ""inr""]","[-12.303179740905762, -14.690386772155762, -20.991113662719727]","[0.0011706288205459714, 0.0043009319342672825, 0.21534933149814606]"
evc,chunk_50_54,52,2,7,conv_lowtv,"[""conv_lowtv"", ""wavelet"", ""inr""]","[-11.941100120544434, -13.384602546691895, -21.026554107666016]","[0.0016462113708257675, 0.002714679343625903, 0.22107356786727905]"
evc,chunk_50_54,52,2,8,conv_lowtv,"[""conv_lowtv"", ""wavelet"", ""inr""]","[-12.574250221252441, -13.126574516296387, -21.021005630493164]","[0.002647723536938429, 0.0026599550619721413, 0.20816412568092346]"
evc,chunk_50_54,52,3,1,had,"[""dct"", ""had""]","[-12.217951774597168, -11.555750846862793]","[0.0022209458984434605, 0.0009891670197248459]"
evc,chunk_50_54,52,3,2,had,"[""dct"", ""had""]","[-11.839212417602539, -11.231616973876953]","[0.004156155977398157, 0.0013309125788509846]"
evc,chunk_50_54,52,3,3,had,"[""dct"", ""had""]","[-11.680525779724121, -11.677727699279785]","[0.0029268565122038126, 0.0022942754440009594]"
evc,chunk_50_54,52,3,4,dct,"[""dct"", ""had""]","[-11.391889572143555, -11.6277437210083]","[0.001793185481801629, 0.0016067706746980548]"
evc,chunk_50_54,52,3,5,dct,"[""dct"", ""had""]","[-11.555657386779785, -11.622664451599121]","[0.001181302359327674, 0.0011000544764101505]"
evc,chunk_50_54,52,3,6,dct,"[""dct"", ""had""]","[-11.545836448669434, -12.052684783935547]","[0.000934725278057158, 0.0020780954509973526]"
evc,chunk_50_54,52,3,7,dct,"[""dct"", ""had""]","[-11.32375431060791, -11.90317440032959]","[0.0017144487937912345, 0.0024286729749292135]"
evc,chunk_50_54,52,3,8,had,"[""dct"", ""had""]","[-12.582106590270996, -11.521275520324707]","[0.002816194901242852, 0.0011913316557183862]"
evc,chunk_50_54,52,4,1,huber,"[""tv2"", ""huber""]","[-11.566844940185547, -11.281280517578125]","[0.0019749982748180628, 0.0008811348816379905]"
evc,chunk_50_54,52,4,2,huber,"[""tv2"", ""huber""]","[-11.165861129760742, -11.093398094177246]","[0.0023600072599947453, 0.0017335576703771949]"
evc,chunk_50_54,52,4,3,tv2,"[""tv2"", ""huber""]","[-10.658769607543945, -11.605350494384766]","[0.001184437656775117, 0.0018959701992571354]"
evc,chunk_50_54,52,4,4,tv2,"[""tv2"", ""huber""]","[-11.00857925415039, -11.520922660827637]","[0.0022885403595864773, 0.0023971395567059517]"
evc,chunk_50_54,52,4,5,huber,"[""tv2"", ""huber""]","[-12.099480628967285, -11.152840614318848]","[0.005256371106952429, 0.002322058193385601]"
evc,chunk_50_54,52,4,6,tv2,"[""tv2"", ""huber""]","[-10.823100090026855, -11.759257316589355]","[0.0021413483191281557, 0.002223484916612506]"
evc,chunk_50_54,52,4,7,tv2,"[""tv2"", ""huber""]","[-11.16392993927002, -12.454931259155273]","[0.001458070706576109, 0.0027768402360379696]"
evc,chunk_50_54,52,4,8,tv2,"[""tv2"", ""huber""]","[-11.501535415649414, -11.853062629699707]","[0.0029380281921476126, 0.0028309542685747147]"
evc,chunk_50_54,52,5,1,tv2,"[""dct"", ""tv2""]","[-12.119346618652344, -11.011651039123535]","[0.004416843876242638, 0.0015146161895245314]"
evc,chunk_50_54,52,5,2,tv2,"[""dct"", ""tv2""]","[-11.337608337402344, -10.597124099731445]","[0.0022368766367435455, 0.0021407734602689743]"
evc,chunk_50_54,52,5,3,tv2,"[""dct"", ""tv2""]","[-11.62459659576416, -10.914965629577637]","[0.0016968331765383482, 0.0019922631327062845]"
evc,chunk_50_54,52,5,4,tv2,"[""dct"", ""tv2""]","[-11.083247184753418, -10.985416412353516]","[0.001722180051729083, 0.001763473148457706]"
evc,chunk_50_54,52,5,5,dct,"[""dct"", ""tv2""]","[-11.25007152557373, -12.192229270935059]","[0.0017981978598982096, 0.0041505396366119385]"
evc,chunk_50_54,52,5,6,dct,"[""dct"", ""tv2""]","[-11.600113868713379, -12.042315483093262]","[0.0014709001407027245, 0.004152106586843729]"
evc,chunk_50_54,52,5,7,tv2,"[""dct"", ""tv2""]","[-13.567322731018066, -11.025568962097168]","[0.009225009940564632, 0.002573896199464798]"
evc,chunk_50_54,52,5,8,tv2,"[""dct"", ""tv2""]","[-12.336237907409668, -12.091959953308105]","[0.0025163337122648954, 0.003336920402944088]"
evc,chunk_50_54,53,0,1,robust,"[""phys"", ""robust""]","[-11.650078773498535, -11.506600379943848]","[0.0005662284092977643, 0.004687314387410879]"
evc,chunk_50_54,53,0,2,phys,"[""phys"", ""robust""]","[-11.351197242736816, -11.480996131896973]","[0.0012609079713001847, 0.008568246848881245]"
evc,chunk_50_54,53,0,3,phys,"[""phys"", ""robust""]","[-12.064550399780273, -12.460614204406738]","[0.0006760415271855891, 0.007308021653443575]"
evc,chunk_50_54,53,0,4,robust,"[""phys"", ""robust""]","[-14.66207218170166, -13.479565620422363]","[0.0035183136351406574, 0.008448801934719086]"
evc,chunk_50_54,53,0,5,phys,"[""phys"", ""robust""]","[-12.422171592712402, -12.754801750183105]","[0.0013357895659282804, 0.004758970346301794]"
evc,chunk_50_54,53,0,6,robust,"[""phys"", ""robust""]","[-13.294228553771973, -13.185711860656738]","[0.0009017848060466349, 0.0028445718344300985]"
evc,chunk_50_54,53,0,7,phys,"[""phys"", ""robust""]","[-12.702216148376465, -13.11281681060791]","[0.001143842819146812, 0.004231412895023823]"
evc,chunk_50_54,53,0,8,phys,"[""phys"", ""robust""]","[-13.558426856994629, -14.02888011932373]","[0.0012257983908057213, 0.011182368732988834]"
evc,chunk_50_54,53,1,1,conv,"[""conv"", ""prox_tv""]","[-11.52041244506836, -12.07397174835205]","[0.0011563210282474756, 0.0016430667601525784]"
evc,chunk_50_54,53,1,2,conv,"[""conv"", ""prox_tv""]","[-11.320639610290527, -11.960782051086426]","[0.0005298543837852776, 0.0008378388592973351]"
evc,chunk_50_54,53,1,3,conv,"[""conv"", ""prox_tv""]","[-11.66788387298584, -12.253256797790527]","[0.0005422613467089832, 0.0008860748494043946]"
evc,chunk_50_54,53,1,4,prox_tv,"[""conv"", ""prox_tv""]","[-12.191386222839355, -11.975035667419434]","[0.001840396667830646, 0.0004994161427021027]"
evc,chunk_50_54,53,1,5,conv,"[""conv"", ""prox_tv""]","[-11.95491886138916, -12.388029098510742]","[0.0004989834851585329, 0.0007944651297293603]"
evc,chunk_50_54,53,1,6,prox_tv,"[""conv"", ""prox_tv""]","[-12.95171070098877, -12.544419288635254]","[0.00154879130423069, 0.0009082720498554409]"
evc,chunk_50_54,53,1,7,conv,"[""conv"", ""prox_tv""]","[-12.465289115905762, -13.283513069152832]","[0.0006459741853177547, 0.0028449008241295815]"
evc,chunk_50_54,53,1,8,conv,"[""conv"", ""prox_tv""]","[-12.295502662658691, -12.498711585998535]","[0.0012609182158485055, 0.0017998041585087776]"
evc,chunk_50_54,53,2,1,conv_lowtv,"[""conv_lowtv"", ""wavelet"", ""inr""]","[-12.392573356628418, -12.5527925491333, -16.58616828918457]","[0.0011281525949016213, 0.0008235518471337855, 0.3850729763507843]"
evc,chunk_50_54,53,2,2,conv_lowtv,"[""conv_lowtv"", ""wavelet"", ""inr""]","[-13.230740547180176, -13.40735149383545, -18.473785400390625]","[0.0009532878757454455, 0.0010382700711488724, 0.3999076187610626]"
evc,chunk_50_54,53,2,3,conv_lowtv,"[""conv_lowtv"", ""wavelet"", ""inr""]","[-12.972935676574707, -13.65904712677002, -19.892417907714844]","[0.000426082726335153, 0.0027424353174865246, 0.45062509179115295]"
evc,chunk_50_54,53,2,4,conv_lowtv,"[""conv_lowtv"", ""wavelet"", ""inr""]","[-13.599287986755371, -13.863736152648926, -20.529918670654297]","[0.0018233812879770994, 0.0015447207260876894, 0.4561130404472351]"
evc,chunk_50_54,53,2,5,conv_lowtv,"[""conv_lowtv"", ""wavelet"", ""inr""]","[-13.374502182006836, -14.141523361206055, -20.777767181396484]","[0.0005160057917237282, 0.0011512826895341277, 0.4182569980621338]"
evc,chunk_50_54,53,2,6,conv_lowtv,"[""conv_lowtv"", ""wavelet"", ""inr""]","[-13.8424711227417, -15.6043062210083, -21.46976089477539]","[0.0005795968463644385, 0.0029606970492750406, 0.4365399181842804]"
evc,chunk_50_54,53,2,7,conv_lowtv,"[""conv_lowtv"", ""wavelet"", ""inr""]","[-13.096044540405273, -13.909506797790527, -19.76642608642578]","[0.0003353311331011355, 0.0018969567026942968, 0.41150161623954773]"
evc,chunk_50_54,53,2,8,conv_lowtv,"[""conv_lowtv"", ""wavelet"", ""inr""]","[-13.508122444152832, -14.8156099319458, -20.107044219970703]","[0.0003128586686216295, 0.0021507753990590572, 0.3897399604320526]"
evc,chunk_50_54,53,3,1,dct,"[""dct"", ""had""]","[-11.867782592773438, -12.350079536437988]","[0.001154144760221243, 0.001168750342912972]"
evc,chunk_50_54,53,3,2,had,"[""dct"", ""had""]","[-13.693910598754883, -13.234503746032715]","[0.004489151760935783, 0.002471206709742546]"
evc,chunk_50_54,53,3,3,dct,"[""dct"", ""had""]","[-12.548179626464844, -14.193389892578125]","[0.00089626619592309, 0.0032482226379215717]"
evc,chunk_50_54,53,3,4,dct,"[""dct"", ""had""]","[-12.361714363098145, -12.85878849029541]","[0.0009148879908025265, 0.0009529540548101068]"
evc,chunk_50_54,53,3,5,had,"[""dct"", ""had""]","[-12.932707786560059, -12.646928787231445]","[0.0013897735625505447, 0.0008706968510523438]"
evc,chunk_50_54,53,3,6,dct,"[""dct"", ""had""]","[-12.760958671569824, -12.921587944030762]","[0.0017263618065044284, 0.0016017031157389283]"
evc,chunk_55_59,55,0,1,phys,"[""phys"", ""robust""]","[-9.846135139465332, -10.294651985168457]","[0.00011086925951531157, 0.0017316824523732066]"
evc,chunk_55_59,55,0,2,phys,"[""phys"", ""robust""]","[-9.638041496276855, -9.997614860534668]","[7.652062049601227e-05, 0.001344900345429778]"
evc,chunk_55_59,55,0,3,phys,"[""phys"", ""robust""]","[-9.65820026397705, -9.954703330993652]","[0.00010314124665455893, 0.0013934227172285318]"
evc,chunk_55_59,55,0,4,phys,"[""phys"", ""robust""]","[-9.603358268737793, -9.905074119567871]","[0.00013876751472707838, 0.0006482896860688925]"
evc,chunk_55_59,55,0,5,phys,"[""phys"", ""robust""]","[-9.48815631866455, -9.878725051879883]","[7.981742237461731e-05, 0.0005566981853917241]"
evc,chunk_55_59,55,0,6,phys,"[""phys"", ""robust""]","[-9.624211311340332, -9.844624519348145]","[0.00010821815521921962, 0.0003506226057652384]"
evc,chunk_55_59,55,0,7,phys,"[""phys"", ""robust""]","[-9.458293914794922, -10.0232515335083]","[6.816375389462337e-05, 0.0006330214673653245]"
evc,chunk_55_59,55,0,8,phys,"[""phys"", ""robust""]","[-9.570716857910156, -9.98779582977295]","[8.351277210749686e-05, 0.0005166270420886576]"
evc,chunk_55_59,55,1,1,conv,"[""conv"", ""prox_tv""]","[-9.757681846618652, -10.279093742370605]","[8.114150114124641e-05, 0.0001345520286122337]"
evc,chunk_55_59,55,1,2,prox_tv,"[""conv"", ""prox_tv""]","[-10.08626651763916, -9.607059478759766]","[0.00025218745577149093, 9.402192517882213e-05]"
evc,chunk_55_59,55,1,3,conv,"[""conv"", ""prox_tv""]","[-9.628249168395996, -10.0643892288208]","[6.535975990118459e-05, 9.926612983690575e-05]"
evc,chunk_55_59,55,1,4,prox_tv,"[""conv"", ""prox_tv""]","[-9.770101547241211, -9.470820426940918]","[0.00017336150631308556, 7.071223808452487e-05]"
evc,chunk_55_59,55,1,5,conv,"[""conv"", ""prox_tv""]","[-9.622694969177246, -10.07688045501709]","[6.953175034141168e-05, 9.448381024412811e-05]"
evc,chunk_55_59,55,1,6,conv,"[""conv"", ""prox_tv""]","[-9.515185356140137, -9.982878684997559]","[6.594492151634768e-05, 7.785863272147253e-05]"
evc,chunk_55_59,55,1,7,prox_tv,"[""conv"", ""prox_tv""]","[-9.794076919555664, -9.596360206604004]","[7.883914076955989e-05, 7.33025444787927e-05]"
evc,chunk_55_59,55,1,8,conv,"[""conv"", ""prox_tv""]","[-9.55622673034668, -10.155986785888672]","[7.157882646424696e-05, 0.0001298079441767186]"
evc,chunk_55_59,55,2,1,conv_lowtv,"[""conv_lowtv"", ""wavelet"", ""inr""]","[-10.03286075592041, -10.782992362976074, -13.708906173706055]","[0.00015319597150664777, 0.0007808240479789674, 0.15104131400585175]"
evc,chunk_55_59,55,2,2,conv_lowtv,"[""conv_lowtv"", ""wavelet"", ""inr""]","[-9.594456672668457, -10.577248573303223, -13.815342903137207]","[9.955625864677131e-05, 0.0007669682963751256, 0.165305957198143]"
evc,chunk_55_59,55,2,3,conv_lowtv,"[""conv_lowtv"", ""wavelet"", ""inr""]","[-9.629695892333984, -10.734352111816406, -13.815882682800293]","[7.322524470509961e-05, 0.0008495385991409421, 0.1454765945672989]"
evc,chunk_55_59,55,2,4,conv_lowtv,"[""conv_lowtv"", ""wavelet"", ""inr""]","[-10.248778343200684, -11.885207176208496, -14.296899795532227]","[7.886729872552678e-05, 0.0007729163044132292, 0.15335625410079956]"
evc,chunk_55_59,55,2,5,conv_lowtv,"[""conv_lowtv"", ""wavelet"", ""inr""]","[-10.310432434082031, -11.55620288848877, -14.137391090393066]","[9.916775888996199e-05, 0.0007904268568381667, 0.14505237340927124]"
evc,chunk_55_59,55,2,6,conv_lowtv,"[""conv_lowtv"", ""wavelet"", ""inr""]","[-10.039877891540527, -11.507184982299805, -14.232378005981445]","[6.74864204484038e-05, 0.0007254554075188935, 0.14730645716190338]"
evc,chunk_55_59,55,2,7,conv_lowtv,"[""conv_lowtv"", ""wavelet"", ""inr""]","[-9.912575721740723, -11.429322242736816, -14.36893367767334]","[7.798460137564689e-05, 0.0006820129347033799, 0.14638100564479828]"
evc,chunk_55_59,55,2,8,conv_lowtv,"[""conv_lowtv"", ""wavelet"", ""inr""]","[-9.965141296386719, -11.36592960357666, -14.403813362121582]","[4.881035420112312e-05, 0.000789930927567184, 0.1429256647825241]"
evc,chunk_55_59,55,3,1,had,"[""dct"", ""had""]","[-10.275419235229492, -9.915874481201172]","[0.00014814070891588926, 8.982841245597228e-05]"
evc,chunk_55_59,55,3,2,dct,"[""dct"", ""had""]","[-9.832415580749512, -10.110564231872559]","[0.00011335526505718008, 0.00016766936460044235]"
evc,chunk_55_59,55,3,3,had,"[""dct"", ""had""]","[-9.768877983093262, -9.618489265441895]","[0.00010163350816583261, 8.610357326688245e-05]"
evc,chunk_55_59,55,3,4,had,"[""dct"", ""had""]","[-9.834059715270996, -9.646653175354004]","[0.00011868405999848619, 7.745008042547852e-05]"
evc,chunk_55_59,55,3,5,dct,"[""dct"", ""had""]","[-9.838202476501465, -10.27801513671875]","[9.61498444667086e-05, 0.00011077179078711197]"
evc,chunk_55_59,55,3,6,had,"[""dct"", ""had""]","[-10.030529022216797, -9.588440895080566]","[0.00011527210153872147, 6.272491737036034e-05]"
evc,chunk_55_59,55,3,7,dct,"[""dct"", ""had""]","[-9.669109344482422, -10.358166694641113]","[6.573663995368406e-05, 9.465921175433323e-05]"
evc,chunk_55_59,55,3,8,had,"[""dct"", ""had""]","[-9.98857307434082, -9.796643257141113]","[8.606719347881153e-05, 6.760736141586676e-05]"
evc,chunk_55_59,55,4,1,huber,"[""tv2"", ""huber""]","[-10.069933891296387, -9.934470176696777]","[0.00043119394103996456, 0.0003113194543402642]"
evc,chunk_55_59,55,4,2,tv2,"[""tv2"", ""huber""]","[-9.99113941192627, -10.55161190032959]","[0.0003448542265687138, 0.00038411267451010644]"
evc,chunk_55_59,55,4,3,tv2,"[""tv2"", ""huber""]","[-9.144606590270996, -9.939867973327637]","[0.0002085780433844775, 0.00027056975523009896]"
evc,chunk_55_59,55,4,4,huber,"[""tv2"", ""huber""]","[-9.820021629333496, -9.695841789245605]","[0.00031223311088979244, 0.00021025302703492343]"
evc,chunk_55_59,55,4,5,tv2,"[""tv2"", ""huber""]","[-10.353923797607422, -10.394064903259277]","[0.00048010199679993093, 0.0004004808433819562]"
evc,chunk_55_59,55,4,6,tv2,"[""tv2"", ""huber""]","[-9.351822853088379, -10.25888729095459]","[0.0002644627820700407, 0.00030805799178779125]"
evc,chunk_55_59,55,4,7,tv2,"[""tv2"", ""huber""]","[-9.689414978027344, -9.87487506866455]","[0.00020907197904307395, 0.00020170025527477264]"
evc,chunk_55_59,55,4,8,tv2,"[""tv2"", ""huber""]","[-9.974181175231934, -10.03029727935791]","[0.0003876770497299731, 0.0003251922898925841]"
evc,chunk_55_59,55,5,1,tv2,"[""dct"", ""tv2""]","[-10.052421569824219, -10.018611907958984]","[0.0001354636187897995, 0.00031602862873114645]"
evc,chunk_55_59,55,5,2,tv2,"[""dct"", ""tv2""]","[-9.94105339050293, -9.54320240020752]","[0.0002213565312558785, 0.0003282500838395208]"
evc,chunk_55_59,55,5,3,tv2,"[""dct"", ""tv2""]","[-9.782889366149902, -9.61984634399414]","[0.00011626072955550626, 0.0002667723747435957]"
evc,chunk_55_59,55,5,4,tv2,"[""dct"", ""tv2""]","[-10.05696964263916, -9.666581153869629]","[0.00011433615873102099, 0.0002573452948126942]"
evc,chunk_55_59,55,5,5,tv2,"[""dct"", ""tv2""]","[-9.946918487548828, -9.681933403015137]","[0.00011516702215885743, 0.0003350184124428779]"
evc,chunk_55_59,55,5,6,tv2,"[""dct"", ""tv2""]","[-10.04006290435791, -9.81353759765625]","[0.0001595934445504099, 0.0003056792775169015]"
evc,chunk_55_59,55,5,7,tv2,"[""dct"", ""tv2""]","[-9.983469009399414, -9.741388320922852]","[0.00013005651999264956, 0.00023399008205160499]"
evc,chunk_55_59,55,5,8,tv2,"[""dct"", ""tv2""]","[-10.044405937194824, -9.876063346862793]","[0.00011453974002506584, 0.0003450490767136216]"
evc,chunk_55_59,56,0,1,phys,"[""phys"", ""robust""]","[-15.041422843933105, -15.487988471984863]","[0.0244744922965765, 0.1760493516921997]"
evc,chunk_55_59,56,0,2,robust,"[""phys"", ""robust""]","[-15.69809627532959, -15.322115898132324]","[0.008053338155150414, 0.059300556778907776]"
evc,chunk_55_59,56,0,3,phys,"[""phys"", ""robust""]","[-14.259181022644043, -15.942038536071777]","[0.031921498477458954, 0.2070937603712082]"
evc,chunk_55_59,56,0,4,phys,"[""phys"", ""robust""]","[-15.906839370727539, -16.149494171142578]","[0.0044069294817745686, 0.08340659737586975]"
evc,chunk_55_59,56,0,5,robust,"[""phys"", ""robust""]","[-16.269344329833984, -15.95531177520752]","[0.012582633644342422, 0.061900705099105835]"
evc,chunk_55_59,56,0,6,robust,"[""phys"", ""robust""]","[-16.11949348449707, -14.167657852172852]","[0.14069175720214844, 0.11813027411699295]"
evc,chunk_55_59,56,0,7,phys,"[""phys"", ""robust""]","[-14.802132606506348, -16.17449951171875]","[0.010091271251440048, 0.2753708064556122]"
evc,chunk_55_59,56,0,8,phys,"[""phys"", ""robust""]","[-16.02708625793457, -18.813291549682617]","[0.0016208691522479057, 0.3311765789985657]"
evc,chunk_55_59,56,1,1,prox_tv,"[""conv"", ""prox_tv""]","[-14.079594612121582, -13.636834144592285]","[0.0045096478424966335, 0.001731228781864047]"
evc,chunk_55_59,56,1,2,conv,"[""conv"", ""prox_tv""]","[-14.101056098937988, -15.168652534484863]","[0.006260280031710863, 0.023195983842015266]"
evc,chunk_55_59,56,1,3,conv,"[""conv"", ""prox_tv""]","[-19.50354766845703, -20.009506225585938]","[0.04464922472834587, 0.06702696532011032]"
evc,chunk_55_59,56,1,4,conv,"[""conv"", ""prox_tv""]","[-16.519460678100586, -17.077625274658203]","[0.026714656502008438, 0.031654421240091324]"
evc,chunk_55_59,56,1,5,conv,"[""conv"", ""prox_tv""]","[-15.347992897033691, -15.886199951171875]","[0.02595541812479496, 0.01042072381824255]"
evc,chunk_55_59,56,1,6,conv,"[""conv"", ""prox_tv""]","[-17.430150985717773, -18.893775939941406]","[0.005943048279732466, 0.02456793561577797]"
evc,chunk_55_59,56,1,7,prox_tv,"[""conv"", ""prox_tv""]","[-14.885260581970215, -14.81548023223877]","[0.02397163398563862, 0.012057486921548843]"
evc,chunk_55_59,56,1,8,conv,"[""conv"", ""prox_tv""]","[-18.260513305664062, -21.328184127807617]","[0.02499387599527836, 0.04895276576280594]"
evc,chunk_55_59,56,2,1,wavelet,"[""conv_lowtv"", ""wavelet"", ""inr""]","[-14.84846019744873, -14.366490364074707, -18.35336685180664]","[0.02217159792780876, 0.005002765450626612, 0.64007967710495]"
evc,chunk_55_59,56,2,2,wavelet,"[""conv_lowtv"", ""wavelet"", ""inr""]","[-19.181507110595703, -18.834932327270508, -24.86104965209961]","[0.05682525411248207, 0.0246586874127388, 0.6070311069488525]"
evc,chunk_55_59,56,2,3,conv_lowtv,"[""conv_lowtv"", ""wavelet"", ""inr""]","[-20.743576049804688, -21.030311584472656, -27.14609146118164]","[0.07210925966501236, 0.040347881615161896, 1.2478642463684082]"
evc,chunk_55_59,56,2,4,wavelet,"[""conv_lowtv"", ""wavelet"", ""inr""]","[-19.613121032714844, -18.824264526367188, -24.241844177246094]","[0.023557478561997414, 0.03685322031378746, 0.9542050957679749]"
evc,chunk_55_59,56,2,5,conv_lowtv,"[""conv_lowtv"", ""wavelet"", ""inr""]","[-14.016586303710938, -14.31983470916748, -15.871722221374512]","[0.013335077092051506, 0.013029774650931358, 0.11295322328805923]"
evc,chunk_55_59,56,2,6,conv_lowtv,"[""conv_lowtv"", ""wavelet"", ""inr""]","[-16.318408966064453, -17.504467010498047, -22.206018447875977]","[0.0036542899906635284, 0.02215181291103363, 0.8493618965148926]"
evc,chunk_55_59,56,2,7,conv_lowtv,"[""conv_lowtv"", ""wavelet"", ""inr""]","[-16.024484634399414, -16.204730987548828, -19.914785385131836]","[0.005220147781074047, 0.02993752807378769, 0.4619961678981781]"
evc,chunk_55_59,56,2,8,conv_lowtv,"[""conv_lowtv"", ""wavelet"", ""inr""]","[-16.655988693237305, -17.903934478759766, -19.849506378173828]","[0.020813634619116783, 0.042727068066596985, 0.4015878736972809]"
evc,chunk_55_59,56,3,1,had,"[""dct"", ""had""]","[-14.661493301391602, -14.10561752319336]","[0.009157472290098667, 0.000896032783202827]"
evc,chunk_55_59,56,3,2,dct,"[""dct"", ""had""]","[-16.18225860595703, -18.366600036621094]","[0.009455494582653046, 0.025260258466005325]"
evc,chunk_55_59,56,3,3,had,"[""dct"", ""had""]","[-14.485569953918457, -14.396231651306152]","[0.012440999038517475, 0.008561015129089355]"
evc,chunk_55_59,56,3,4,dct,"[""dct"", ""had""]","[-16.236309051513672, -18.24579429626465]","[0.003341295989230275, 0.039444394409656525]"
evc,chunk_55_59,56,3,5,had,"[""dct"", ""had""]","[-19.689952850341797, -17.149578094482422]","[0.07269761711359024, 0.017866015434265137]"
evc,chunk_55_59,56,3,6,dct,"[""dct"", ""had""]","[-13.882824897766113, -13.95964527130127]","[0.003011049935594201, 0.0025074982549995184]"
evc,chunk_55_59,56,3,7,had,"[""dct"", ""had""]","[-15.889200210571289, -15.830842018127441]","[0.007996910251677036, 0.011879337020218372]"
evc,chunk_55_59,56,3,8,had,"[""dct"", ""had""]","[-15.26121997833252, -14.248764991760254]","[0.004757458344101906, 0.0027708779089152813]"
evc,chunk_55_59,56,4,1,huber,"[""tv2"", ""huber""]","[-12.73254680633545, -12.565081596374512]","[0.006074330769479275, 0.0022453295532613993]"
evc,chunk_55_59,56,4,2,tv2,"[""tv2"", ""huber""]","[-18.832483291625977, -19.414297103881836]","[0.07221527397632599, 0.050129711627960205]"
evc,chunk_55_59,56,4,3,tv2,"[""tv2"", ""huber""]","[-19.504667282104492, -21.584463119506836]","[0.04774421826004982, 0.09067833423614502]"
evc,chunk_55_59,56,4,4,huber,"[""tv2"", ""huber""]","[-23.01705551147461, -22.385395050048828]","[0.08897639065980911, 0.0644034743309021]"
evc,chunk_55_59,56,4,5,tv2,"[""tv2"", ""huber""]","[-18.706668853759766, -18.886363983154297]","[0.04946330934762955, 0.03682444617152214]"
evc,chunk_55_59,56,4,6,tv2,"[""tv2"", ""huber""]","[-18.82535171508789, -22.776836395263672]","[0.03229708597064018, 0.09183089435100555]"
evc,chunk_55_59,56,4,7,tv2,"[""tv2"", ""huber""]","[-13.853428840637207, -14.663355827331543]","[0.017622830346226692, 0.05970831960439682]"
evc,chunk_55_59,56,4,8,tv2,"[""tv2"", ""huber""]","[-17.22308349609375, -19.36058807373047]","[0.029174719005823135, 0.06502961367368698]"
evc,chunk_55_59,56,5,1,dct,"[""dct"", ""tv2""]","[-13.566720008850098, -14.11268424987793]","[0.0016669363249093294, 0.024226073175668716]"
evc,chunk_55_59,56,5,2,dct,"[""dct"", ""tv2""]","[-15.073105812072754, -16.261083602905273]","[0.006165370810776949, 0.049732960760593414]"
evc,chunk_55_59,56,5,3,dct,"[""dct"", ""tv2""]","[-12.718123435974121, -13.304680824279785]","[0.00719859404489398, 0.009192482568323612]"
evc,chunk_55_59,56,5,4,dct,"[""dct"", ""tv2""]","[-15.927539825439453, -17.411029815673828]","[0.015516783110797405, 0.023722462356090546]"
evc,chunk_55_59,56,5,5,tv2,"[""dct"", ""tv2""]","[-22.897048950195312, -19.11174774169922]","[0.4289856255054474, 0.1583397388458252]"
evc,chunk_55_59,56,5,6,tv2,"[""dct"", ""tv2""]","[-21.94388771057129, -21.531116485595703]","[0.05858481675386429, 0.06434337794780731]"
evc,chunk_55_59,56,5,7,dct,"[""dct"", ""tv2""]","[-19.056974411010742, -19.439590454101562]","[0.05817176774144173, 0.059673573821783066]"
evc,chunk_55_59,56,5,8,dct,"[""dct"", ""tv2""]","[-15.338689804077148, -15.553343772888184]","[0.015897683799266815, 0.03846972435712814]"
evc,chunk_55_59,57,0,1,robust,"[""phys"", ""robust""]","[-14.268387794494629, -13.782537460327148]","[0.001024629920721054, 0.009980046190321445]"
evc,chunk_55_59,57,0,2,robust,"[""phys"", ""robust""]","[-13.584969520568848, -13.307427406311035]","[0.0012736583594232798, 0.11634381115436554]"
evc,chunk_55_59,57,0,3,robust,"[""phys"", ""robust""]","[-15.168437004089355, -14.36794376373291]","[0.003106891643255949, 0.09253140538930893]"
evc,chunk_55_59,57,0,4,robust,"[""phys"", ""robust""]","[-15.318211555480957, -14.89167594909668]","[0.003842387581244111, 0.31592682003974915]"
evc,chunk_55_59,57,0,5,robust,"[""phys"", ""robust""]","[-14.761629104614258, -14.33935832977295]","[0.002396530704572797, 0.38120895624160767]"
evc,chunk_55_59,57,0,6,robust,"[""phys"", ""robust""]","[-14.620712280273438, -13.610936164855957]","[0.0016940151108428836, 0.29219767451286316]"
evc,chunk_55_59,57,0,7,robust,"[""phys"", ""robust""]","[-16.39491081237793, -15.010599136352539]","[0.0052081816829741, 0.3213392198085785]"
evc,chunk_55_59,57,0,8,robust,"[""phys"", ""robust""]","[-17.192874908447266, -14.624326705932617]","[0.009212500415742397, 0.3068416118621826]"
evc,chunk_55_59,57,1,1,conv,"[""conv"", ""prox_tv""]","[-13.068902015686035, -13.925734519958496]","[0.0009343468700535595, 0.0013395262649282813]"
evc,chunk_55_59,57,1,2,prox_tv,"[""conv"", ""prox_tv""]","[-15.93140697479248, -14.767647743225098]","[0.0037238604854792356, 0.0013774543767794967]"
evc,chunk_55_59,57,1,3,prox_tv,"[""conv"", ""prox_tv""]","[-14.571728706359863, -13.500927925109863]","[0.003182672895491123, 0.001302656950429082]"
evc,chunk_55_59,57,1,4,prox_tv,"[""conv"", ""prox_tv""]","[-13.277239799499512, -13.188846588134766]","[0.001964555587619543, 0.0017247706418856978]"
evc,chunk_55_59,57,1,5,prox_tv,"[""conv"", ""prox_tv""]","[-14.231019020080566, -14.214753150939941]","[0.0011879492085427046, 0.00132757518440485]"
evc,chunk_55_59,57,1,6,prox_tv,"[""conv"", ""prox_tv""]","[-16.200178146362305, -14.603058815002441]","[0.002271500416100025, 0.0013369839871302247]"
evc,chunk_55_59,57,1,7,conv,"[""conv"", ""prox_tv""]","[-13.705016136169434, -14.50755786895752]","[0.0006468293140642345, 0.0014027818106114864]"
evc,chunk_55_59,57,1,8,prox_tv,"[""conv"", ""prox_tv""]","[-15.914435386657715, -14.478903770446777]","[0.007162880152463913, 0.0012607985408976674]"
evc,chunk_55_59,57,2,1,conv_lowtv,"[""conv_lowtv"", ""wavelet"", ""inr""]","[-13.821172714233398, -14.248852729797363, -21.940895080566406]","[0.0013824288034811616, 0.001751938252709806, 3.5901288986206055]"
evc,chunk_55_59,57,2,2,conv_lowtv,"[""conv_lowtv"", ""wavelet"", ""inr""]","[-13.782618522644043, -15.409768104553223, -23.045276641845703]","[0.0011515162186697125, 0.0022711928468197584, 3.7456226348876953]"
evc,chunk_55_59,57,2,3,wavelet,"[""conv_lowtv"", ""wavelet"", ""inr""]","[-15.865670204162598, -15.305838584899902, -23.665645599365234]","[0.0023609960917383432, 0.0019292867509648204, 3.729733943939209]"
evc,chunk_55_59,57,2,4,wavelet,"[""conv_lowtv"", ""wavelet"", ""inr""]","[-21.428503036499023, -20.51595687866211, -28.829389572143555]","[0.006193864159286022, 0.004587783478200436, 3.629746913909912]"
evc,chunk_55_59,57,2,5,conv_lowtv,"[""conv_lowtv"", ""wavelet"", ""inr""]","[-19.1092529296875, -19.811628341674805, -28.46463966369629]","[0.0013982378877699375, 0.005207675974816084, 3.707857370376587]"
evc,chunk_55_59,57,2,6,wavelet,"[""conv_lowtv"", ""wavelet"", ""inr""]","[-17.33935546875, -16.968259811401367, -24.867446899414062]","[0.003235075157135725, 0.0022138054482638836, 3.4637277126312256]"
evc,chunk_55_59,57,2,7,conv_lowtv,"[""conv_lowtv"", ""wavelet"", ""inr""]","[-19.627338409423828, -22.020740509033203, -29.25336456298828]","[0.00475187785923481, 0.007133527658879757, 4.05742883682251]"
evc,chunk_55_59,57,2,8,conv_lowtv,"[""conv_lowtv"", ""wavelet"", ""inr""]","[-16.254732131958008, -16.293842315673828, -24.19757652282715]","[0.003417505882680416, 0.0025326027534902096, 3.5558626651763916]"
evc,chunk_55_59,57,3,1,dct,"[""dct"", ""had""]","[-13.002547264099121, -13.435959815979004]","[0.0006726945866830647, 0.0007234796066768467]"
evc,chunk_55_59,57,3,2,dct,"[""dct"", ""had""]","[-15.922688484191895, -17.95115852355957]","[0.0012533866101875901, 0.011282090097665787]"
evc,chunk_55_59,57,3,3,had,"[""dct"", ""had""]","[-15.432230949401855, -14.592642784118652]","[0.002355118514969945, 0.0018632932333275676]"
evc,chunk_55_59,57,3,4,had,"[""dct"", ""had""]","[-17.227720260620117, -15.999905586242676]","[0.004313455428928137, 0.0011577571276575327]"
evc,chunk_55_59,57,3,5,dct,"[""dct"", ""had""]","[-15.863271713256836, -16.766054153442383]","[0.0009696977795101702, 0.001458202488720417]"
evc,chunk_55_59,57,3,6,dct,"[""dct"", ""had""]","[-16.33534049987793, -17.890684127807617]","[0.0009130647522397339, 0.0026118664536625147]"
evc,chunk_55_59,57,3,7,had,"[""dct"", ""had""]","[-16.2314510345459, -15.58847713470459]","[0.001763968844898045, 0.0009709799196571112]"
evc,chunk_55_59,57,3,8,dct,"[""dct"", ""had""]","[-16.01471710205078, -16.602279663085938]","[0.0013731482904404402, 0.0022501368075609207]"
evc,chunk_55_59,57,4,1,tv2,"[""tv2"", ""huber""]","[-12.457869529724121, -12.730489730834961]","[0.0024082609452307224, 0.0017392553854733706]"
evc,chunk_55_59,57,4,2,huber,"[""tv2"", ""huber""]","[-14.773067474365234, -14.394110679626465]","[0.005791559815406799, 0.00194313726387918]"
evc,chunk_55_59,57,4,3,huber,"[""tv2"", ""huber""]","[-17.318634033203125, -16.56137466430664]","[0.003991105128079653, 0.0017444668337702751]"
evc,chunk_55_59,57,4,4,huber,"[""tv2"", ""huber""]","[-19.162799835205078, -17.136199951171875]","[0.00577720208093524, 0.0031648301519453526]"
evc,chunk_55_59,57,4,5,tv2,"[""tv2"", ""huber""]","[-15.927887916564941, -17.277252197265625]","[0.0031076595187187195, 0.002569261472672224]"
evc,chunk_55_59,57,4,6,huber,"[""tv2"", ""huber""]","[-20.175630569458008, -20.08852767944336]","[0.0044794837012887, 0.00491110747680068]"
evc,chunk_55_59,57,4,7,tv2,"[""tv2"", ""huber""]","[-20.66326904296875, -22.560016632080078]","[0.005693875718861818, 0.00486241839826107]"
evc,chunk_55_59,57,4,8,huber,"[""tv2"", ""huber""]","[-14.8544921875, -14.824353218078613]","[0.0031573919113725424, 0.0029307168442755938]"
evc,chunk_55_59,57,5,1,tv2,"[""dct"", ""tv2""]","[-13.624221801757812, -13.17567253112793]","[0.002695973962545395, 0.004074430093169212]"
evc,chunk_55_59,57,5,2,tv2,"[""dct"", ""tv2""]","[-24.4875545501709, -21.430644989013672]","[0.006848806515336037, 0.004131100606173277]"
evc,chunk_55_59,57,5,3,dct,"[""dct"", ""tv2""]","[-17.630298614501953, -20.28842544555664]","[0.0017513970378786325, 0.0059624528512358665]"
evc,chunk_55_59,57,5,4,tv2,"[""dct"", ""tv2""]","[-21.16128921508789, -19.27164649963379]","[0.003180034225806594, 0.0031497112940996885]"
evc,chunk_55_59,57,5,5,tv2,"[""dct"", ""tv2""]","[-23.743484497070312, -18.428428649902344]","[0.008224665187299252, 0.0025940409395843744]"
evc,chunk_55_59,57,5,6,dct,"[""dct"", ""tv2""]","[-20.941204071044922, -21.101783752441406]","[0.003975206520408392, 0.006798682734370232]"
evc,chunk_55_59,57,5,7,dct,"[""dct"", ""tv2""]","[-16.499832153320312, -17.912193298339844]","[0.0016023159259930253, 0.005058194976300001]"
evc,chunk_55_59,57,5,8,dct,"[""dct"", ""tv2""]","[-14.25594425201416, -14.923891067504883]","[0.0008328586700372398, 0.004825635347515345]"
evc,chunk_55_59,58,0,1,robust,"[""phys"", ""robust""]","[-11.521265983581543, -11.496588706970215]","[0.00042298928019590676, 0.007076088339090347]"
evc,chunk_55_59,58,0,2,phys,"[""phys"", ""robust""]","[-11.302068710327148, -11.342852592468262]","[0.0007394792046397924, 0.019839290529489517]"
evc,chunk_55_59,58,0,3,phys,"[""phys"", ""robust""]","[-10.955327987670898, -11.141886711120605]","[0.00016407565271947533, 0.006522525101900101]"
evc,chunk_55_59,58,0,4,robust,"[""phys"", ""robust""]","[-11.143132209777832, -11.130585670471191]","[0.0001921708753798157, 0.0027895201928913593]"
evc,chunk_55_59,58,0,5,phys,"[""phys"", ""robust""]","[-11.267743110656738, -11.359886169433594]","[0.0013225404545664787, 0.012380940839648247]"
evc,chunk_55_59,58,0,6,robust,"[""phys"", ""robust""]","[-11.392334938049316, -11.243509292602539]","[0.0003083475457970053, 0.0015080710873007774]"
evc,chunk_55_59,58,0,7,robust,"[""phys"", ""robust""]","[-11.535737037658691, -11.343140602111816]","[0.0003901993331965059, 0.01546445582062006]"
evc,chunk_55_59,58,0,8,phys,"[""phys"", ""robust""]","[-11.32603931427002, -11.388980865478516]","[0.00035936039057560265, 0.02050616405904293]"
evc,chunk_55_59,58,1,1,conv,"[""conv"", ""prox_tv""]","[-11.00934886932373, -11.50736141204834]","[0.00016687238530721515, 0.000276141770882532]"
evc,chunk_55_59,58,1,2,conv,"[""conv"", ""prox_tv""]","[-11.181471824645996, -11.630682945251465]","[0.00024188144016079605, 0.0002534597588237375]"
evc,chunk_55_59,58,1,3,prox_tv,"[""conv"", ""prox_tv""]","[-11.375940322875977, -10.74454402923584]","[0.00022089146659709513, 0.00012916162086185068]"
evc,chunk_55_59,58,1,4,conv,"[""conv"", ""prox_tv""]","[-11.049330711364746, -11.841402053833008]","[0.000186347562703304, 0.00030117484857328236]"
evc,chunk_55_59,58,1,5,conv,"[""conv"", ""prox_tv""]","[-11.10378360748291, -11.564557075500488]","[0.0001945842959685251, 0.00022174726473167539]"
evc,chunk_55_59,58,1,6,conv,"[""conv"", ""prox_tv""]","[-11.065531730651855, -11.68078327178955]","[0.00020392410806380212, 0.000313509110128507]"
evc,chunk_55_59,58,1,7,conv,"[""conv"", ""prox_tv""]","[-11.330702781677246, -13.023768424987793]","[0.0002596201666165143, 0.0009645415702834725]"
evc,chunk_55_59,58,1,8,conv,"[""conv"", ""prox_tv""]","[-10.879653930664062, -11.753291130065918]","[0.00015224104572553188, 0.0003125627408735454]"
evc,chunk_55_59,58,2,1,conv_lowtv,"[""conv_lowtv"", ""wavelet"", ""inr""]","[-11.217589378356934, -11.689826011657715, -13.563261985778809]","[0.00019069809059146792, 0.0005099616246297956, 0.12146547436714172]"
evc,chunk_55_59,58,2,2,conv_lowtv,"[""conv_lowtv"", ""wavelet"", ""inr""]","[-11.06954288482666, -11.715592384338379, -13.462028503417969]","[0.0002082315186271444, 0.00047016001190058887, 0.11374195665121078]"
evc,chunk_55_59,58,2,3,conv_lowtv,"[""conv_lowtv"", ""wavelet"", ""inr""]","[-10.337782859802246, -11.230254173278809, -13.168983459472656]","[0.00012687921116594225, 0.0004394989227876067, 0.1085510104894638]"
evc,chunk_55_59,58,2,4,conv_lowtv,"[""conv_lowtv"", ""wavelet"", ""inr""]","[-10.386798858642578, -11.111124992370605, -13.45641803741455]","[0.0001333097752649337, 0.00038362719351425767, 0.11525806039571762]"
evc,chunk_55_59,58,2,5,conv_lowtv,"[""conv_lowtv"", ""wavelet"", ""inr""]","[-10.21203327178955, -11.052133560180664, -13.368656158447266]","[5.88672082812991e-05, 0.0004067217814736068, 0.11331670731306076]"
evc,chunk_55_59,58,2,6,conv_lowtv,"[""conv_lowtv"", ""wavelet"", ""inr""]","[-10.606146812438965, -11.29745101928711, -13.551640510559082]","[0.00013414853310678154, 0.00040354710654355586, 0.1078336238861084]"
evc,chunk_55_59,58,2,7,conv_lowtv,"[""conv_lowtv"", ""wavelet"", ""inr""]","[-10.86586856842041, -11.618660926818848, -14.034703254699707]","[0.00020996530656702816, 0.0005124551826156676, 0.11255097389221191]"
evc,chunk_55_59,58,2,8,conv_lowtv,"[""conv_lowtv"", ""wavelet"", ""inr""]","[-10.317904472351074, -11.37427043914795, -13.939751625061035]","[9.275111369788647e-05, 0.0005338581395335495, 0.12352940440177917]"
evc,chunk_55_59,58,3,1,had,"[""dct"", ""had""]","[-11.397942543029785, -10.946763038635254]","[0.0002782178344205022, 0.00017138758266810328]"
evc,chunk_55_59,58,3,2,had,"[""dct"", ""had""]","[-11.166081428527832, -11.048630714416504]","[0.0004938413621857762, 0.0002926378510892391]"
evc,chunk_55_59,58,3,3,dct,"[""dct"", ""had""]","[-10.572751998901367, -11.260848999023438]","[0.00016969625721685588, 0.0002896347432397306]"
evc,chunk_55_59,58,3,4,dct,"[""dct"", ""had""]","[-10.287117958068848, -11.3416748046875]","[0.0001110012672143057, 0.000466488505480811]"
evc,chunk_55_59,58,3,5,dct,"[""dct"", ""had""]","[-10.246750831604004, -10.637073516845703]","[0.00011176351108588278, 0.00013688601029571146]"
evc,chunk_55_59,58,3,6,dct,"[""dct"", ""had""]","[-10.454461097717285, -11.344287872314453]","[0.00015289007569663227, 0.0002920444530900568]"
evc,chunk_60_64,60,0,1,phys,"[""phys"", ""robust""]","[-12.198283195495605, -12.893177032470703]","[0.0006619066116400063, 0.009441733360290527]"
evc,chunk_60_64,60,0,2,phys,"[""phys"", ""robust""]","[-13.006253242492676, -13.408612251281738]","[0.0009237134945578873, 0.019844889640808105]"
evc,chunk_60_64,60,0,3,phys,"[""phys"", ""robust""]","[-12.755602836608887, -14.33055591583252]","[0.0007567849825136364, 0.028186816722154617]"
evc,chunk_60_64,60,0,4,phys,"[""phys"", ""robust""]","[-12.622981071472168, -13.208610534667969]","[0.0030789398588240147, 0.01719958521425724]"
evc,chunk_60_64,60,0,5,phys,"[""phys"", ""robust""]","[-11.83742618560791, -13.041825294494629]","[0.0001731631491566077, 0.01606544852256775]"
evc,chunk_60_64,60,0,6,phys,"[""phys"", ""robust""]","[-12.593413352966309, -14.104583740234375]","[0.0004436154558788985, 0.027276918292045593]"
evc,chunk_60_64,60,0,7,phys,"[""phys"", ""robust""]","[-12.597976684570312, -13.66589641571045]","[0.0016429687384516, 0.022679217159748077]"
evc,chunk_60_64,60,0,8,phys,"[""phys"", ""robust""]","[-12.62182903289795, -13.277112007141113]","[0.0031208021100610495, 0.013242270797491074]"
evc,chunk_60_64,60,1,1,prox_tv,"[""conv"", ""prox_tv""]","[-12.034623146057129, -11.919880867004395]","[0.0003135471197310835, 0.00015239385538734496]"
evc,chunk_60_64,60,1,2,prox_tv,"[""conv"", ""prox_tv""]","[-12.234577178955078, -12.027095794677734]","[0.0034191866870969534, 0.0006085706409066916]"
evc,chunk_60_64,60,1,3,conv,"[""conv"", ""prox_tv""]","[-11.594775199890137, -12.454362869262695]","[0.0009214177844114602, 0.002810082631185651]"
evc,chunk_60_64,60,1,4,conv,"[""conv"", ""prox_tv""]","[-11.412474632263184, -12.801921844482422]","[0.0010287989862263203, 0.0024177266750484705]"
evc,chunk_60_64,60,1,5,conv,"[""conv"", ""prox_tv""]","[-11.818151473999023, -12.36220645904541]","[0.0016782614402472973, 0.001911377301439643]"
evc,chunk_60_64,60,1,6,prox_tv,"[""conv"", ""prox_tv""]","[-13.071038246154785, -12.869261741638184]","[0.0023062177933752537, 0.0033472212962806225]"
evc,chunk_60_64,60,1,7,prox_tv,"[""conv"", ""prox_tv""]","[-13.313955307006836, -12.090468406677246]","[0.0054488456808030605, 0.0015228051925078034]"
evc,chunk_60_64,60,1,8,prox_tv,"[""conv"", ""prox_tv""]","[-14.56421947479248, -13.36397647857666]","[0.002153081586584449, 0.0006647172849625349]"
evc,chunk_60_64,60,2,1,conv_lowtv,"[""conv_lowtv"", ""wavelet"", ""inr""]","[-12.630040168762207, -12.733166694641113, -16.87870216369629]","[0.0007820259197615087, 0.0003177831240464002, 0.11051660776138306]"
evc,chunk_60_64,60,2,2,conv_lowtv,"[""conv_lowtv"", ""wavelet"", ""inr""]","[-12.451767921447754, -13.359268188476562, -17.846315383911133]","[0.00015051104128360748, 0.0006694794283248484, 0.1183173730969429]"
evc,chunk_60_64,60,2,3,conv_lowtv,"[""conv_lowtv"", ""wavelet"", ""inr""]","[-12.6302490234375, -13.222342491149902, -17.40265655517578]","[0.00018103902402799577, 0.0009538928279653192, 0.09523208439350128]"
evc,chunk_60_64,60,2,4,conv_lowtv,"[""conv_lowtv"", ""wavelet"", ""inr""]","[-12.739275932312012, -13.445387840270996, -16.894866943359375]","[0.00044390044058673084, 0.00041886698454618454, 0.06881826370954514]"
evc,chunk_60_64,60,2,5,conv_lowtv,"[""conv_lowtv"", ""wavelet"", ""inr""]","[-12.300904273986816, -13.193071365356445, -17.167570114135742]","[0.00035697821294888854, 0.0005889623425900936, 0.08053558319807053]"
evc,chunk_60_64,60,2,6,conv_lowtv,"[""conv_lowtv"", ""wavelet"", ""inr""]","[-13.017975807189941, -13.527682304382324, -17.41917610168457]","[0.0006513239932246506, 0.000800725887529552, 0.09885505586862564]"
evc,chunk_60_64,60,2,7,conv_lowtv,"[""conv_lowtv"", ""wavelet"", ""inr""]","[-13.363029479980469, -13.603286743164062, -18.375385284423828]","[0.0008310964913107455, 0.0014189939247444272, 0.13647620379924774]"
evc,chunk_60_64,60,2,8,conv_lowtv,"[""conv_lowtv"", ""wavelet"", ""inr""]","[-13.613611221313477, -14.183196067810059, -18.75464630126953]","[0.0030893790535628796, 0.0022925909142941236, 0.14370687305927277]"
evc,chunk_60_64,60,3,1,dct,"[""dct"", ""had""]","[-11.845186233520508, -12.607349395751953]","[9.985930955735967e-05, 0.00032641360303387046]"
evc,chunk_60_64,60,3,2,dct,"[""dct"", ""had""]","[-11.795830726623535, -12.242293357849121]","[0.0004155084607191384, 0.0008491435437463224]"
evc,chunk_60_64,60,3,3,had,"[""dct"", ""had""]","[-12.765536308288574, -12.288468360900879]","[0.0007598570082336664, 0.0016733170486986637]"
evc,chunk_60_64,60,3,4,dct,"[""dct"", ""had""]","[-12.072911262512207, -12.567397117614746]","[0.0007704878225922585, 0.0016177386278286576]"
evc,chunk_60_64,60,3,5,had,"[""dct"", ""had""]","[-12.605937004089355, -11.821439743041992]","[0.0036692162975668907, 0.0012810161570087075]"
evc,chunk_60_64,60,3,6,dct,"[""dct"", ""had""]","[-12.223774909973145, -13.583529472351074]","[0.000969594984780997, 0.0037211289163678885]"
evc,chunk_60_64,60,3,7,had,"[""dct"", ""had""]","[-13.33346939086914, -12.71920394897461]","[0.005483001936227083, 0.004877792205661535]"
evc,chunk_60_64,60,3,8,dct,"[""dct"", ""had""]","[-12.410784721374512, -13.284502983093262]","[0.0015765995485708117, 0.002290191128849983]"
evc,chunk_60_64,60,4,1,tv2,"[""tv2"", ""huber""]","[-12.099714279174805, -12.639418601989746]","[0.000845952017698437, 0.0017656306736171246]"
evc,chunk_60_64,60,4,2,huber,"[""tv2"", ""huber""]","[-13.865114212036133, -13.633157730102539]","[0.006516689900308847, 0.004250009078532457]"
evc,chunk_60_64,60,4,3,tv2,"[""tv2"", ""huber""]","[-11.682469367980957, -14.260954856872559]","[0.004480163566768169, 0.005825419910252094]"
evc,chunk_60_64,60,4,4,huber,"[""tv2"", ""huber""]","[-13.75852108001709, -11.647574424743652]","[0.008166326209902763, 0.0029733392875641584]"
evc,chunk_60_64,60,4,5,huber,"[""tv2"", ""huber""]","[-13.9541597366333, -12.105446815490723]","[0.012495062313973904, 0.0030309834983199835]"
evc,chunk_60_64,60,4,6,tv2,"[""tv2"", ""huber""]","[-12.218294143676758, -15.375489234924316]","[0.005072692409157753, 0.007389910984784365]"
evc,chunk_60_64,60,4,7,huber,"[""tv2"", ""huber""]","[-13.976171493530273, -13.71187686920166]","[0.007834610529243946, 0.007745816372334957]"
evc,chunk_60_64,60,4,8,huber,"[""tv2"", ""huber""]","[-15.092684745788574, -14.887255668640137]","[0.00374106178060174, 0.010990467853844166]"
evc,chunk_60_64,60,5,1,dct,"[""dct"", ""tv2""]","[-12.439723014831543, -12.659712791442871]","[0.0008413163595832884, 0.0032209299970418215]"
evc,chunk_60_64,60,5,2,tv2,"[""dct"", ""tv2""]","[-12.61992359161377, -12.229768753051758]","[0.001139783184044063, 0.0019113421440124512]"
evc,chunk_60_64,60,5,3,dct,"[""dct"", ""tv2""]","[-13.388182640075684, -14.32925796508789]","[0.006251747254282236, 0.007217686157673597]"
evc,chunk_60_64,60,5,4,dct,"[""dct"", ""tv2""]","[-12.366778373718262, -12.821328163146973]","[0.003968837670981884, 0.007977712899446487]"
evc,chunk_60_64,60,5,5,tv2,"[""dct"", ""tv2""]","[-12.596512794494629, -12.347695350646973]","[0.0019019165774807334, 0.003074500011280179]"
evc,chunk_60_64,60,5,6,tv2,"[""dct"", ""tv2""]","[-14.07388973236084, -11.60728931427002]","[0.006962922867387533, 0.004374509211629629]"
evc,chunk_60_64,60,5,7,tv2,"[""dct"", ""tv2""]","[-15.96774673461914, -12.651396751403809]","[0.012939909473061562, 0.005659249145537615]"
evc,chunk_60_64,60,5,8,dct,"[""dct"", ""tv2""]","[-12.215786933898926, -12.783170700073242]","[0.0035466146655380726, 0.005053416360169649]"
evc,chunk_60_64,61,0,1,robust,"[""phys"", ""robust""]","[-12.068229675292969, -11.456208229064941]","[0.0001296742120757699, 0.0003225771361030638]"
evc,chunk_60_64,61,0,2,robust,"[""phys"", ""robust""]","[-14.269793510437012, -13.917495727539062]","[0.0005944782751612365, 0.032416023313999176]"
evc,chunk_60_64,61,0,3,robust,"[""phys"", ""robust""]","[-14.09681510925293, -12.980198860168457]","[0.00029073251062072814, 0.02026829682290554]"
evc,chunk_60_64,61,0,4,robust,"[""phys"", ""robust""]","[-12.892525672912598, -11.148045539855957]","[0.00033479611738584936, 0.03304727002978325]"
evc,chunk_60_64,61,0,5,robust,"[""phys"", ""robust""]","[-13.516852378845215, -11.168753623962402]","[0.000294812663923949, 0.05154956877231598]"
evc,chunk_60_64,61,0,6,robust,"[""phys"", ""robust""]","[-13.492765426635742, -10.994027137756348]","[0.0003070714301429689, 0.06366730481386185]"
evc,chunk_60_64,61,0,7,robust,"[""phys"", ""robust""]","[-14.295026779174805, -11.429268836975098]","[0.0005092467763461173, 0.07585661113262177]"
evc,chunk_60_64,61,0,8,robust,"[""phys"", ""robust""]","[-13.7329740524292, -10.911372184753418]","[0.0003836850228253752, 0.0673200711607933]"
evc,chunk_60_64,61,1,1,prox_tv,"[""conv"", ""prox_tv""]","[-12.518000602722168, -12.511824607849121]","[0.00011809803254436702, 8.297157910419628e-05]"
evc,chunk_60_64,61,1,2,conv,"[""conv"", ""prox_tv""]","[-11.959887504577637, -12.752058982849121]","[0.00010525061952648684, 0.00013963684614282101]"
evc,chunk_60_64,61,1,3,conv,"[""conv"", ""prox_tv""]","[-11.434243202209473, -11.817065238952637]","[9.321039397036657e-05, 0.0001130412274505943]"
evc,chunk_60_64,61,1,4,prox_tv,"[""conv"", ""prox_tv""]","[-11.403230667114258, -11.250823974609375]","[0.00011290836846455932, 0.00010329271026421338]"
evc,chunk_60_64,61,1,5,prox_tv,"[""conv"", ""prox_tv""]","[-12.467448234558105, -10.69576644897461]","[0.00015522258763667196, 7.696579996263608e-05]"
evc,chunk_60_64,61,1,6,prox_tv,"[""conv"", ""prox_tv""]","[-10.934836387634277, -10.35263442993164]","[7.892752182669938e-05, 5.481295011122711e-05]"
evc,chunk_60_64,61,1,7,prox_tv,"[""conv"", ""prox_tv""]","[-11.285670280456543, -10.842650413513184]","[9.214132296619937e-05, 6.312059849733487e-05]"
evc,chunk_60_64,61,1,8,conv,"[""conv"", ""prox_tv""]","[-10.602812767028809, -10.605117797851562]","[6.060895975679159e-05, 5.036443690187298e-05]"
evc,chunk_60_64,61,2,1,conv_lowtv,"[""conv_lowtv"", ""wavelet"", ""inr""]","[-12.380154609680176, -13.22778034210205, -15.886221885681152]","[0.00015066543710418046, 0.0002926746674347669, 0.34103861451148987]"
evc,chunk_60_64,61,2,2,conv_lowtv,"[""conv_lowtv"", ""wavelet"", ""inr""]","[-11.490863800048828, -13.173942565917969, -16.190692901611328]","[8.285353396786377e-05, 0.0002568496856838465, 0.3579232096672058]"
evc,chunk_60_64,61,2,3,conv_lowtv,"[""conv_lowtv"", ""wavelet"", ""inr""]","[-11.795512199401855, -13.2062349319458, -16.77992820739746]","[8.249002712545916e-05, 0.00028348295018076897, 0.3678863048553467]"
evc,chunk_60_64,61,2,4,conv_lowtv,"[""conv_lowtv"", ""wavelet"", ""inr""]","[-11.124319076538086, -13.110615730285645, -17.234371185302734]","[7.156829087762162e-05, 0.00028904626378789544, 0.3611748516559601]"
evc,chunk_60_64,61,2,5,conv_lowtv,"[""conv_lowtv"", ""wavelet"", ""inr""]","[-11.035561561584473, -13.641142845153809, -17.707866668701172]","[4.737618291983381e-05, 0.0005394532345235348, 0.39578476548194885]"
evc,chunk_60_64,61,2,6,conv_lowtv,"[""conv_lowtv"", ""wavelet"", ""inr""]","[-10.761799812316895, -13.591191291809082, -17.82925796508789]","[3.486386049189605e-05, 0.0003709119337145239, 0.3925112187862396]"
evc,chunk_60_64,61,2,7,conv_lowtv,"[""conv_lowtv"", ""wavelet"", ""inr""]","[-11.021728515625, -13.466907501220703, -17.951305389404297]","[4.813402847503312e-05, 0.00038535534986294806, 0.3951732814311981]"
evc,chunk_60_64,61,2,8,conv_lowtv,"[""conv_lowtv"", ""wavelet"", ""inr""]","[-11.12281608581543, -14.290939331054688, -18.263511657714844]","[4.016633829451166e-05, 0.0005761922220699489, 0.3703465163707733]"
evc,chunk_60_64,61,3,1,had,"[""dct"", ""had""]","[-13.140359878540039, -12.211119651794434]","[0.00019627298752311617, 0.00011759428889490664]"
evc,chunk_60_64,61,3,2,had,"[""dct"", ""had""]","[-11.336709022521973, -11.06272029876709]","[9.182202484225854e-05, 8.559090929338709e-05]"
evc,chunk_60_64,61,3,3,had,"[""dct"", ""had""]","[-11.912593841552734, -11.16034984588623]","[0.00017015199409797788, 8.00513444119133e-05]"
evc,chunk_60_64,61,3,4,dct,"[""dct"", ""had""]","[-11.565221786499023, -11.725712776184082]","[0.000119021198770497, 7.984353578649461e-05]"
evc,chunk_60_64,61,3,5,dct,"[""dct"", ""had""]","[-11.096070289611816, -12.204533576965332]","[8.46008988446556e-05, 0.00012823764700442553]"
evc,chunk_60_64,61,3,6,had,"[""dct"", ""had""]","[-11.247279167175293, -11.096890449523926]","[8.274080755654722e-05, 6.880452565383166e-05]"
evc,chunk_60_64,61,3,7,had,"[""dct"", ""had""]","[-11.8359956741333, -11.322169303894043]","[8.310338307637721e-05, 6.44711108179763e-05]"
evc,chunk_60_64,61,3,8,dct,"[""dct"", ""had""]","[-11.331839561462402, -12.01887035369873]","[5.298707401379943e-05, 6.91274763084948e-05]"
evc,chunk_60_64,61,4,1,tv2,"[""tv2"", ""huber""]","[-12.377287864685059, -12.428837776184082]","[0.0001842212222982198, 0.00013663776917383075]"
evc,chunk_60_64,61,4,2,tv2,"[""tv2"", ""huber""]","[-11.723166465759277, -11.740328788757324]","[0.00015568736125715077, 0.00015046038606669754]"
evc,chunk_60_64,61,4,3,tv2,"[""tv2"", ""huber""]","[-11.07683277130127, -11.212590217590332]","[0.00015322781109716743, 0.00011906845611520112]"
evc,chunk_60_64,61,4,4,tv2,"[""tv2"", ""huber""]","[-12.182124137878418, -12.505581855773926]","[0.00028010751702822745, 0.0001950283913174644]"
evc,chunk_60_64,61,4,5,tv2,"[""tv2"", ""huber""]","[-10.817679405212402, -11.845145225524902]","[0.00012713678006548434, 0.0002061421109829098]"
evc,chunk_60_64,61,4,6,huber,"[""tv2"", ""huber""]","[-11.613048553466797, -11.5263090133667]","[0.00025878165615722537, 0.0001741149608278647]"
evc,chunk_60_64,61,4,7,huber,"[""tv2"", ""huber""]","[-12.513304710388184, -11.608867645263672]","[0.00042543953168205917, 0.00026909643202088773]"
evc,chunk_60_64,61,4,8,huber,"[""tv2"", ""huber""]","[-12.471741676330566, -11.246490478515625]","[0.0002758628979790956, 0.0001378730230499059]"
evc,chunk_60_64,61,5,1,tv2,"[""dct"", ""tv2""]","[-12.300830841064453, -12.214509010314941]","[0.00016368160140700638, 0.00017324014334008098]"
evc,chunk_60_64,61,5,2,tv2,"[""dct"", ""tv2""]","[-12.377209663391113, -11.559176445007324]","[0.00010884099174290895, 0.0001715781691018492]"
evc,chunk_60_64,61,5,3,tv2,"[""dct"", ""tv2""]","[-12.78458309173584, -11.422760963439941]","[0.0001457062317058444, 0.00015487932250835001]"
evc,chunk_60_64,61,5,4,tv2,"[""dct"", ""tv2""]","[-13.449297904968262, -12.390275001525879]","[0.0001669790653977543, 0.00025732984067872167]"
evc,chunk_60_64,61,5,5,tv2,"[""dct"", ""tv2""]","[-12.5662260055542, -11.659055709838867]","[0.00011173303937539458, 0.00015032035298645496]"
evc,chunk_60_64,61,5,6,tv2,"[""dct"", ""tv2""]","[-12.046815872192383, -11.729466438293457]","[9.492281242273748e-05, 0.00024494441458955407]"
evc,chunk_60_64,61,5,7,tv2,"[""dct"", ""tv2""]","[-12.089211463928223, -11.629115104675293]","[0.00012622751819435507, 0.0003049095976166427]"
evc,chunk_60_64,61,5,8,dct,"[""dct"", ""tv2""]","[-12.468571662902832, -12.728873252868652]","[0.00011063225247198716, 0.0002940136764664203]"
evc,chunk_60_64,62,0,1,phys,"[""phys"", ""robust""]","[-9.151605606079102, -9.851407051086426]","[8.460537355858833e-05, 0.0025282702408730984]"
evc,chunk_60_64,62,0,2,robust,"[""phys"", ""robust""]","[-9.602679252624512, -9.533875465393066]","[0.00021696732437703758, 0.0024442547000944614]"
evc,chunk_60_64,62,0,3,phys,"[""phys"", ""robust""]","[-9.623520851135254, -9.684809684753418]","[0.00024179895990528166, 0.007964319549500942]"
evc,chunk_60_64,62,0,4,phys,"[""phys"", ""robust""]","[-9.36215877532959, -9.6949462890625]","[0.00012408669863361865, 0.0023839250206947327]"
evc,chunk_60_64,62,0,5,phys,"[""phys"", ""robust""]","[-9.133770942687988, -9.410192489624023]","[0.0001321825257036835, 0.003162623383104801]"
evc,chunk_60_64,62,0,6,phys,"[""phys"", ""robust""]","[-9.231498718261719, -9.31734561920166]","[0.00016098956984933466, 0.0009628540719859302]"
evc,chunk_60_64,62,0,7,phys,"[""phys"", ""robust""]","[-8.94263744354248, -9.379003524780273]","[6.399107223842293e-05, 0.0008386966655962169]"
evc,chunk_60_64,62,0,8,phys,"[""phys"", ""robust""]","[-9.133927345275879, -9.453843116760254]","[0.00011881367390742525, 0.0012707740534096956]"
evc,chunk_60_64,62,1,1,conv,"[""conv"", ""prox_tv""]","[-9.657858848571777, -9.702315330505371]","[0.00018105056369677186, 0.00016013180720619857]"
evc,chunk_60_64,62,1,2,conv,"[""conv"", ""prox_tv""]","[-9.093186378479004, -9.787195205688477]","[0.00013777439016848803, 0.00022824283223599195]"
evc,chunk_60_64,62,1,3,prox_tv,"[""conv"", ""prox_tv""]","[-9.68049144744873, -9.167657852172852]","[0.00018727521819528192, 0.0001468408154323697]"
evc,chunk_60_64,62,1,4,prox_tv,"[""conv"", ""prox_tv""]","[-9.671778678894043, -9.312922477722168]","[0.00016593375767115504, 0.00010575891064945608]"
evc,chunk_60_64,62,1,5,prox_tv,"[""conv"", ""prox_tv""]","[-9.423227310180664, -9.353873252868652]","[0.00021105902851559222, 0.00013341261364985257]"
evc,chunk_60_64,62,1,6,conv,"[""conv"", ""prox_tv""]","[-9.098027229309082, -9.659065246582031]","[0.00015276824706234038, 0.00022742038709111512]"
evc,chunk_60_64,62,1,7,conv,"[""conv"", ""prox_tv""]","[-9.609292984008789, -9.610424041748047]","[0.00021898963314015418, 0.00014467160508502275]"
evc,chunk_60_64,62,1,8,conv,"[""conv"", ""prox_tv""]","[-9.240317344665527, -9.533395767211914]","[0.00014528888277709484, 0.0001781863538781181]"
evc,chunk_60_64,62,2,1,conv_lowtv,"[""conv_lowtv"", ""wavelet"", ""inr""]","[-9.159427642822266, -9.91645336151123, -11.307692527770996]","[0.0002027963928412646, 0.0003621322102844715, 0.10786090046167374]"
evc,chunk_60_64,62,2,2,conv_lowtv,"[""conv_lowtv"", ""wavelet"", ""inr""]","[-9.111680030822754, -9.78723430633545, -11.357003211975098]","[0.00015746407734695822, 0.0004541156522464007, 0.10933953523635864]"
evc,chunk_60_64,62,2,3,conv_lowtv,"[""conv_lowtv"", ""wavelet"", ""inr""]","[-9.246987342834473, -9.972012519836426, -11.670685768127441]","[0.0001574141497258097, 0.0005305024096742272, 0.11380736529827118]"
evc,chunk_60_64,62,2,4,conv_lowtv,"[""conv_lowtv"", ""wavelet"", ""inr""]","[-8.965137481689453, -9.981170654296875, -11.983085632324219]","[0.00017954983923118562, 0.0005017325165681541, 0.1097128838300705]"
evc,chunk_60_64,62,2,5,conv_lowtv,"[""conv_lowtv"", ""wavelet"", ""inr""]","[-9.017523765563965, -10.090348243713379, -12.076043128967285]","[9.933562978403643e-05, 0.0006768011371605098, 0.11635131388902664]"
evc,chunk_60_64,62,2,6,conv_lowtv,"[""conv_lowtv"", ""wavelet"", ""inr""]","[-9.20290470123291, -10.151632308959961, -12.059083938598633]","[0.00012144248466938734, 0.0005131094949319959, 0.11704201251268387]"
evc,chunk_60_64,62,2,7,conv_lowtv,"[""conv_lowtv"", ""wavelet"", ""inr""]","[-8.948902130126953, -10.096850395202637, -12.203125953674316]","[7.158667722251266e-05, 0.0004917045007459819, 0.11071077734231949]"
evc,chunk_60_64,62,2,8,conv_lowtv,"[""conv_lowtv"", ""wavelet"", ""inr""]","[-8.953057289123535, -10.14968204498291, -12.163290977478027]","[0.00010455619485583156, 0.0006428165943361819, 0.10865045338869095]"
evc,chunk_60_64,62,3,1,had,"[""dct"", ""had""]","[-9.672988891601562, -9.443737983703613]","[0.00014077426749281585, 0.00012899708235636353]"
evc,chunk_60_64,62,3,2,had,"[""dct"", ""had""]","[-9.597018241882324, -9.431204795837402]","[0.00015776156214997172, 0.00013242567365523428]"
evc,chunk_60_64,62,3,3,had,"[""dct"", ""had""]","[-9.65817928314209, -9.341130256652832]","[0.00021788653975818306, 0.00015791105397511274]"
evc,chunk_60_64,62,3,4,had,"[""dct"", ""had""]","[-9.668798446655273, -9.138995170593262]","[0.00015496995183639228, 0.00010555910557741299]"
evc,chunk_60_64,62,3,5,dct,"[""dct"", ""had""]","[-9.378045082092285, -9.775982856750488]","[0.000168923957971856, 0.00023131968919187784]"
evc,chunk_60_64,62,3,6,dct,"[""dct"", ""had""]","[-9.356352806091309, -9.874002456665039]","[0.00016735475219320506, 0.0001833519054343924]"
evc,chunk_60_64,62,3,7,had,"[""dct"", ""had""]","[-9.752610206604004, -9.252500534057617]","[0.0003084332274738699, 0.00016136998601723462]"
evc,chunk_60_64,62,3,8,dct,"[""dct"", ""had""]","[-9.625636100769043, -9.860970497131348]","[0.0002525395539123565, 0.00029043410904705524]"
evc,chunk_60_64,62,4,1,huber,"[""tv2"", ""huber""]","[-9.730661392211914, -9.542619705200195]","[0.00047028111293911934, 0.00030165145290084183]"
evc,chunk_60_64,62,4,2,tv2,"[""tv2"", ""huber""]","[-9.122994422912598, -9.153039932250977]","[0.0005792609881609678, 0.00033423618879169226]"
evc,chunk_60_64,62,4,3,tv2,"[""tv2"", ""huber""]","[-8.917973518371582, -9.065337181091309]","[0.00029439295758493245, 0.0002602897584438324]"
evc,chunk_60_64,62,4,4,tv2,"[""tv2"", ""huber""]","[-8.987333297729492, -9.182088851928711]","[0.000483858457300812, 0.0002744929806794971]"
evc,chunk_60_64,62,4,5,tv2,"[""tv2"", ""huber""]","[-8.981816291809082, -9.146058082580566]","[0.0002734677109401673, 0.00024939505965448916]"
evc,chunk_60_64,62,4,6,tv2,"[""tv2"", ""huber""]","[-9.050979614257812, -9.275835990905762]","[0.00030890852212905884, 0.0003032425884157419]"
evc,chunk_60_64,62,4,7,tv2,"[""tv2"", ""huber""]","[-9.053045272827148, -9.441596031188965]","[0.00035707440110854805, 0.0003037641290575266]"
evc,chunk_60_64,62,4,8,tv2,"[""tv2"", ""huber""]","[-9.122424125671387, -9.186859130859375]","[0.0003540513862390071, 0.00029544022982008755]"
evc,chunk_60_64,62,5,1,dct,"[""dct"", ""tv2""]","[-9.514735221862793, -9.683516502380371]","[0.0001799172314349562, 0.0004281549190636724]"
evc,chunk_60_64,62,5,2,dct,"[""dct"", ""tv2""]","[-9.220085144042969, -9.71690845489502]","[0.0001525303814560175, 0.0006014644168317318]"
evc,chunk_60_64,62,5,3,dct,"[""dct"", ""tv2""]","[-9.179034233093262, -9.2952880859375]","[0.00023322233755607158, 0.00041106296703219414]"
evc,chunk_60_64,62,5,4,dct,"[""dct"", ""tv2""]","[-9.126336097717285, -9.153740882873535]","[0.00016731068899389356, 0.00029503408586606383]"
evc,chunk_60_64,62,5,5,tv2,"[""dct"", ""tv2""]","[-9.63870906829834, -9.533978462219238]","[0.0002877056540455669, 0.0005216437857598066]"
evc,chunk_60_64,62,5,6,tv2,"[""dct"", ""tv2""]","[-9.994935989379883, -8.709563255310059]","[0.0006733607151545584, 0.0005134533275850117]"
evc,chunk_60_64,62,5,7,tv2,"[""dct"", ""tv2""]","[-9.421703338623047, -9.112578392028809]","[0.0001314924593316391, 0.000405821978347376]"
evc,chunk_60_64,62,5,8,tv2,"[""dct"", ""tv2""]","[-9.466127395629883, -9.091736793518066]","[0.00018315650231670588, 0.0004481655196286738]"
evc,chunk_60_64,63,0,1,phys,"[""phys"", ""robust""]","[-10.606000900268555, -11.002470970153809]","[0.0006385683082044125, 0.002033146796748042]"
evc,chunk_60_64,63,0,2,phys,"[""phys"", ""robust""]","[-10.71277904510498, -11.266379356384277]","[0.0005340156494639814, 0.0030139193404465914]"
evc,chunk_60_64,63,0,3,phys,"[""phys"", ""robust""]","[-10.804305076599121, -11.215105056762695]","[0.0011218765284866095, 0.001906295190565288]"
evc,chunk_60_64,63,0,4,phys,"[""phys"", ""robust""]","[-10.718731880187988, -11.194756507873535]","[0.0005180130829103291, 0.0010858677560463548]"
evc,chunk_60_64,63,0,5,phys,"[""phys"", ""robust""]","[-10.998095512390137, -11.350077629089355]","[0.0005488686147145927, 0.0016943159280344844]"
evc,chunk_60_64,63,0,6,phys,"[""phys"", ""robust""]","[-10.985767364501953, -11.421985626220703]","[0.0004425683291628957, 0.001976814353838563]"
evc,chunk_60_64,63,0,7,phys,"[""phys"", ""robust""]","[-11.058411598205566, -11.462835311889648]","[0.0008772540022619069, 0.0015660469653084874]"
evc,chunk_60_64,63,0,8,phys,"[""phys"", ""robust""]","[-11.124360084533691, -11.692718505859375]","[0.0007930485298857093, 0.00244620768353343]"
evc,chunk_60_64,63,1,1,conv,"[""conv"", ""prox_tv""]","[-10.355210304260254, -11.05627155303955]","[0.00031400687294080853, 0.0007755004917271435]"
evc,chunk_60_64,63,1,2,conv,"[""conv"", ""prox_tv""]","[-10.460979461669922, -10.931615829467773]","[0.0005599474534392357, 0.000745179015211761]"
evc,chunk_60_64,63,1,3,conv,"[""conv"", ""prox_tv""]","[-10.632058143615723, -11.037689208984375]","[0.0003669452271424234, 0.00048803939716890454]"
evc,chunk_60_64,63,1,4,conv,"[""conv"", ""prox_tv""]","[-10.531416893005371, -11.164347648620605]","[0.0003004361060447991, 0.000592957017943263]"
evc,chunk_60_64,63,1,5,conv,"[""conv"", ""prox_tv""]","[-10.659659385681152, -11.132145881652832]","[0.0006633687298744917, 0.0007790736271999776]"
evc,chunk_60_64,63,1,6,conv,"[""conv"", ""prox_tv""]","[-10.648690223693848, -11.275788307189941]","[0.0005901915719732642, 0.0007748084608465433]"
evc,chunk_60_64,63,1,7,prox_tv,"[""conv"", ""prox_tv""]","[-11.367783546447754, -11.032862663269043]","[0.0008830508450046182, 0.0005717722233384848]"
evc,chunk_60_64,63,1,8,prox_tv,"[""conv"", ""prox_tv""]","[-11.150885581970215, -10.855178833007812]","[0.0004322528257034719, 0.000346337998053059]"
evc,chunk_60_64,63,2,1,conv_lowtv,"[""conv_lowtv"", ""wavelet"", ""inr""]","[-11.03628921508789, -11.621623039245605, -15.46582317352295]","[0.0006793235661461949, 0.0011957109672948718, 0.16202577948570251]"
evc,chunk_60_64,63,2,2,conv_lowtv,"[""conv_lowtv"", ""wavelet"", ""inr""]","[-11.166970252990723, -11.9609956741333, -16.137706756591797]","[0.0007023773505352437, 0.0010427155066281557, 0.18638768792152405]"
evc,chunk_60_64,63,2,3,conv_lowtv,"[""conv_lowtv"", ""wavelet"", ""inr""]","[-11.51400089263916, -11.935317039489746, -16.777063369750977]","[0.0012068325886502862, 0.0011841123923659325, 0.169069305062294]"
evc,chunk_60_64,63,2,4,conv_lowtv,"[""conv_lowtv"", ""wavelet"", ""inr""]","[-11.226262092590332, -12.168204307556152, -16.555654525756836]","[0.0004891955759376287, 0.0009647086844779551, 0.1829078495502472]"
evc,chunk_60_64,63,2,5,conv_lowtv,"[""conv_lowtv"", ""wavelet"", ""inr""]","[-11.404050827026367, -12.214215278625488, -16.46291732788086]","[0.0005928358295932412, 0.001043684664182365, 0.16852127015590668]"
evc,chunk_60_64,63,2,6,conv_lowtv,"[""conv_lowtv"", ""wavelet"", ""inr""]","[-11.191582679748535, -12.30699348449707, -16.70643424987793]","[0.00023854519531596452, 0.0017500185640528798, 0.16765764355659485]"
evc,chunk_60_64,63,2,7,conv_lowtv,"[""conv_lowtv"", ""wavelet"", ""inr""]","[-11.66970157623291, -12.473604202270508, -16.533706665039062]","[0.0008185983169823885, 0.001313087996095419, 0.1687445044517517]"
evc,chunk_60_64,63,2,8,conv_lowtv,"[""conv_lowtv"", ""wavelet"", ""inr""]","[-11.414262771606445, -12.201094627380371, -16.407196044921875]","[0.0005556819378398359, 0.0013260886771604419, 0.16993553936481476]"
evc,chunk_60_64,63,3,1,had,"[""dct"", ""had""]","[-11.143497467041016, -10.926068305969238]","[0.0007322490564547479, 0.0006823837757110596]"
evc,chunk_60_64,63,3,2,dct,"[""dct"", ""had""]","[-10.60110092163086, -11.2264986038208]","[0.00027330571901984513, 0.0006145192310214043]"
evc,chunk_60_64,63,3,3,had,"[""dct"", ""had""]","[-11.00136661529541, -10.740556716918945]","[0.0005945513839833438, 0.00039481549174524844]"
evc,chunk_60_64,63,3,4,had,"[""dct"", ""had""]","[-11.280594825744629, -11.093348503112793]","[0.0010485148523002863, 0.0005078542162664235]"
evc,chunk_60_64,63,3,5,dct,"[""dct"", ""had""]","[-10.833361625671387, -11.326970100402832]","[0.0008503053686581552, 0.0010038348846137524]"
evc,chunk_65_69,65,0,1,phys,"[""phys"", ""robust""]","[-10.134270668029785, -10.210478782653809]","[0.0001740253355819732, 0.00039685124647803605]"
evc,chunk_65_69,65,0,2,phys,"[""phys"", ""robust""]","[-10.066508293151855, -10.38080883026123]","[0.00011209878721274436, 0.002267298521474004]"
evc,chunk_65_69,65,0,3,robust,"[""phys"", ""robust""]","[-10.163302421569824, -10.117064476013184]","[0.00013161450624465942, 0.0008803669479675591]"
evc,chunk_65_69,65,0,4,robust,"[""phys"", ""robust""]","[-10.979719161987305, -10.492509841918945]","[0.00017880622181110084, 0.005802929867058992]"
evc,chunk_65_69,65,0,5,robust,"[""phys"", ""robust""]","[-11.001936912536621, -10.50706958770752]","[0.00025799861759878695, 0.04246845468878746]"
evc,chunk_65_69,65,0,6,robust,"[""phys"", ""robust""]","[-11.143101692199707, -10.450421333312988]","[0.00025786113110370934, 0.03208779916167259]"
evc,chunk_65_69,65,0,7,robust,"[""phys"", ""robust""]","[-11.408283233642578, -10.548727989196777]","[0.00039870658656582236, 0.043324217200279236]"
evc,chunk_65_69,65,0,8,robust,"[""phys"", ""robust""]","[-11.094873428344727, -9.975785255432129]","[0.0002687580999918282, 0.03265799582004547]"
evc,chunk_65_69,65,1,1,conv,"[""conv"", ""prox_tv""]","[-9.837039947509766, -10.442342758178711]","[9.663450327934697e-05, 0.00015979450836312026]"
evc,chunk_65_69,65,1,2,conv,"[""conv"", ""prox_tv""]","[-9.604782104492188, -10.412516593933105]","[7.08571751601994e-05, 0.00014719483442604542]"
evc,chunk_65_69,65,1,3,prox_tv,"[""conv"", ""prox_tv""]","[-10.157364845275879, -9.574015617370605]","[0.00014078507956583053, 5.487105227075517e-05]"
evc,chunk_65_69,65,1,4,conv,"[""conv"", ""prox_tv""]","[-9.420198440551758, -10.179337501525879]","[8.783231169218197e-05, 9.324338316218928e-05]"
evc,chunk_65_69,65,1,5,conv,"[""conv"", ""prox_tv""]","[-9.407109260559082, -10.168085098266602]","[6.0269700043136254e-05, 7.610468310303986e-05]"
evc,chunk_65_69,65,1,6,prox_tv,"[""conv"", ""prox_tv""]","[-10.031240463256836, -9.680357933044434]","[8.107897883746773e-05, 5.38259009772446e-05]"
evc,chunk_65_69,65,1,7,conv,"[""conv"", ""prox_tv""]","[-9.727889060974121, -10.704805374145508]","[6.774817302357405e-05, 0.00016705715097486973]"
evc,chunk_65_69,65,1,8,prox_tv,"[""conv"", ""prox_tv""]","[-10.017931938171387, -9.792778968811035]","[0.00010043576912721619, 7.197678496595472e-05]"
evc,chunk_65_69,65,2,1,conv_lowtv,"[""conv_lowtv"", ""wavelet"", ""inr""]","[-9.623223304748535, -10.575340270996094, -11.912704467773438]","[5.553281880565919e-05, 0.000184457196155563, 0.13088606297969818]"
evc,chunk_65_69,65,2,2,conv_lowtv,"[""conv_lowtv"", ""wavelet"", ""inr""]","[-9.21208381652832, -10.71572208404541, -11.782881736755371]","[5.8964345953427255e-05, 0.0002129438944393769, 0.13533379137516022]"
evc,chunk_65_69,65,2,3,conv_lowtv,"[""conv_lowtv"", ""wavelet"", ""inr""]","[-9.39919376373291, -10.82638168334961, -12.2424898147583]","[6.947751535335556e-05, 0.00026103347772732377, 0.14215604960918427]"
evc,chunk_65_69,65,2,4,conv_lowtv,"[""conv_lowtv"", ""wavelet"", ""inr""]","[-9.194538116455078, -10.433869361877441, -11.982924461364746]","[4.2659139580791816e-05, 0.00020206585759297013, 0.13514570891857147]"
evc,chunk_65_69,65,2,5,conv_lowtv,"[""conv_lowtv"", ""wavelet"", ""inr""]","[-9.136134147644043, -10.833401679992676, -12.311388969421387]","[4.7630059270886704e-05, 0.000362066290108487, 0.14991912245750427]"
evc,chunk_65_69,65,2,6,conv_lowtv,"[""conv_lowtv"", ""wavelet"", ""inr""]","[-9.319673538208008, -10.889382362365723, -12.295378684997559]","[4.246593380230479e-05, 0.00023433080059476197, 0.1379002034664154]"
evc,chunk_65_69,65,2,7,conv_lowtv,"[""conv_lowtv"", ""wavelet"", ""inr""]","[-9.166592597961426, -10.660353660583496, -12.182394981384277]","[6.355246296152472e-05, 0.00025024102069437504, 0.13849423825740814]"
evc,chunk_65_69,65,2,8,conv_lowtv,"[""conv_lowtv"", ""wavelet"", ""inr""]","[-9.322704315185547, -10.80971908569336, -12.285850524902344]","[5.4481279221363366e-05, 0.00023605824389960617, 0.1472436487674713]"
evc,chunk_65_69,65,3,1,had,"[""dct"", ""had""]","[-10.635418891906738, -10.162772178649902]","[0.00010484804079169407, 6.466513877967373e-05]"
evc,chunk_65_69,65,3,2,dct,"[""dct"", ""had""]","[-9.731419563293457, -10.611069679260254]","[4.006107337772846e-05, 0.00015121878823265433]"
evc,chunk_65_69,65,3,3,had,"[""dct"", ""had""]","[-9.9932222366333, -9.606437683105469]","[0.00011854407784994692, 7.348689541686326e-05]"
evc,chunk_65_69,65,3,4,had,"[""dct"", ""had""]","[-10.1848726272583, -9.507279396057129]","[6.290473538683727e-05, 4.496006295084953e-05]"
evc,chunk_65_69,65,3,5,had,"[""dct"", ""had""]","[-10.019814491271973, -9.527853965759277]","[7.509277202188969e-05, 5.386836710385978e-05]"
evc,chunk_65_69,65,3,6,had,"[""dct"", ""had""]","[-10.628016471862793, -9.463093757629395]","[0.00012934331607539207, 4.989523586118594e-05]"
evc,chunk_65_69,65,3,7,had,"[""dct"", ""had""]","[-10.47885799407959, -9.547102928161621]","[0.00011743207141989842, 3.9708764234092087e-05]"
evc,chunk_65_69,65,3,8,had,"[""dct"", ""had""]","[-10.316142082214355, -9.980320930480957]","[8.454747148789465e-05, 4.5666005462408066e-05]"
evc,chunk_65_69,65,4,1,tv2,"[""tv2"", ""huber""]","[-10.018176078796387, -10.093941688537598]","[0.0003496292629279196, 0.00023888485156930983]"
evc,chunk_65_69,65,4,2,tv2,"[""tv2"", ""huber""]","[-9.634652137756348, -10.113115310668945]","[0.00019714570953510702, 0.00013714197848457843]"
evc,chunk_65_69,65,4,3,huber,"[""tv2"", ""huber""]","[-10.076415061950684, -9.961621284484863]","[0.00023939911625348032, 0.0001487741683376953]"
evc,chunk_65_69,65,4,4,huber,"[""tv2"", ""huber""]","[-9.881073951721191, -9.61943244934082]","[0.0004944815882481635, 0.0001740008156048134]"
evc,chunk_65_69,65,4,5,tv2,"[""tv2"", ""huber""]","[-9.462017059326172, -10.780192375183105]","[0.00023608827905263752, 0.00028051401022821665]"
evc,chunk_65_69,65,4,6,tv2,"[""tv2"", ""huber""]","[-9.974571228027344, -10.176835060119629]","[0.00021274093887768686, 0.00020376913016662002]"
evc,chunk_65_69,65,4,7,tv2,"[""tv2"", ""huber""]","[-10.252495765686035, -10.262682914733887]","[0.00034378908458165824, 0.0001689386263024062]"
evc,chunk_65_69,65,4,8,huber,"[""tv2"", ""huber""]","[-10.6496000289917, -10.349879264831543]","[0.0004780030867550522, 0.0001729195355437696]"
evc,chunk_65_69,65,5,1,dct,"[""dct"", ""tv2""]","[-9.774724960327148, -10.112317085266113]","[9.036816481966525e-05, 0.0004981191013939679]"
evc,chunk_65_69,65,5,2,dct,"[""dct"", ""tv2""]","[-9.705914497375488, -9.815378189086914]","[5.99926061113365e-05, 0.00020033227337989956]"
evc,chunk_65_69,65,5,3,dct,"[""dct"", ""tv2""]","[-9.378844261169434, -10.022242546081543]","[4.5330416469369084e-05, 0.0001714385289233178]"
evc,chunk_65_69,65,5,4,dct,"[""dct"", ""tv2""]","[-9.362868309020996, -10.101594924926758]","[5.268857421469875e-05, 0.00027025092276744545]"
evc,chunk_65_69,65,5,5,dct,"[""dct"", ""tv2""]","[-9.718233108520508, -10.11296558380127]","[5.5553700804011896e-05, 0.00029016839107498527]"
evc,chunk_65_69,65,5,6,dct,"[""dct"", ""tv2""]","[-9.76172924041748, -10.258458137512207]","[0.00012731303286273032, 0.0002647723304107785]"
evc,chunk_65_69,65,5,7,dct,"[""dct"", ""tv2""]","[-9.766098976135254, -10.381916046142578]","[7.741786976112053e-05, 0.00023988515022210777]"
evc,chunk_65_69,65,5,8,dct,"[""dct"", ""tv2""]","[-9.676278114318848, -10.51159381866455]","[4.236884706187993e-05, 0.0002480484254192561]"
evc,chunk_65_69,66,0,1,phys,"[""phys"", ""robust""]","[-11.596449851989746, -11.818222999572754]","[0.0004107635177206248, 0.008412407711148262]"
evc,chunk_65_69,66,0,2,phys,"[""phys"", ""robust""]","[-11.569828987121582, -11.891160011291504]","[0.0008040540851652622, 0.0029376803431659937]"
evc,chunk_65_69,66,0,3,phys,"[""phys"", ""robust""]","[-11.484308242797852, -11.942657470703125]","[0.0005558940465562046, 0.009329291991889477]"
evc,chunk_65_69,66,0,4,phys,"[""phys"", ""robust""]","[-11.28169059753418, -11.717864036560059]","[0.000436507718404755, 0.004919893108308315]"
evc,chunk_65_69,66,0,5,phys,"[""phys"", ""robust""]","[-11.823498725891113, -12.093039512634277]","[0.0010160856181755662, 0.006053634453564882]"
evc,chunk_65_69,66,0,6,phys,"[""phys"", ""robust""]","[-11.385565757751465, -11.575096130371094]","[0.0004274897219147533, 0.004781180061399937]"
evc,chunk_65_69,66,0,7,phys,"[""phys"", ""robust""]","[-11.282713890075684, -11.640039443969727]","[0.0007119155488908291, 0.004794619511812925]"
evc,chunk_65_69,66,0,8,phys,"[""phys"", ""robust""]","[-11.19739055633545, -11.88647747039795]","[0.00033026825985871255, 0.005102090537548065]"
evc,chunk_65_69,66,1,1,prox_tv,"[""conv"", ""prox_tv""]","[-11.733363151550293, -11.610608100891113]","[0.0006818144465796649, 0.0004850088444072753]"
evc,chunk_65_69,66,1,2,prox_tv,"[""conv"", ""prox_tv""]","[-11.940367698669434, -11.819676399230957]","[0.0010573213221505284, 0.0009478919673711061]"
evc,chunk_65_69,66,1,3,conv,"[""conv"", ""prox_tv""]","[-11.329068183898926, -11.943982124328613]","[0.0006782174459658563, 0.0020078145898878574]"
evc,chunk_65_69,66,1,4,conv,"[""conv"", ""prox_tv""]","[-11.451188087463379, -11.467185020446777]","[0.0004980743979103863, 0.0003618074697442353]"
evc,chunk_65_69,66,1,5,conv,"[""conv"", ""prox_tv""]","[-11.053139686584473, -11.904200553894043]","[0.00026662449818104506, 0.0003735774371307343]"
evc,chunk_65_69,66,1,6,conv,"[""conv"", ""prox_tv""]","[-11.179058074951172, -12.514945030212402]","[0.0005694309365935624, 0.0028649591840803623]"
evc,chunk_65_69,66,1,7,conv,"[""conv"", ""prox_tv""]","[-11.211309432983398, -11.763961791992188]","[0.0003789893817156553, 0.0005742102512158453]"
evc,chunk_65_69,66,1,8,conv,"[""conv"", ""prox_tv""]","[-11.201802253723145, -11.648165702819824]","[0.0005312023567967117, 0.0005337249021977186]"
evc,chunk_65_69,66,2,1,conv_lowtv,"[""conv_lowtv"", ""wavelet"", ""inr""]","[-12.210017204284668, -12.613268852233887, -17.09830093383789]","[0.0014451723545789719, 0.0015189636033028364, 0.2735465168952942]"
evc,chunk_65_69,66,2,2,conv_lowtv,"[""conv_lowtv"", ""wavelet"", ""inr""]","[-11.896641731262207, -12.51309585571289, -17.842260360717773]","[0.000660752528347075, 0.0011125492164865136, 0.28703659772872925]"
evc,chunk_65_69,66,2,3,conv_lowtv,"[""conv_lowtv"", ""wavelet"", ""inr""]","[-11.992782592773438, -12.765175819396973, -18.280963897705078]","[0.0007922492222860456, 0.0018147790106013417, 0.2563793659210205]"
evc,chunk_65_69,66,2,4,conv_lowtv,"[""conv_lowtv"", ""wavelet"", ""inr""]","[-11.98470687866211, -12.499239921569824, -18.172515869140625]","[0.000612857926171273, 0.0009063186589628458, 0.24497179687023163]"
evc,chunk_65_69,66,2,5,conv_lowtv,"[""conv_lowtv"", ""wavelet"", ""inr""]","[-11.941523551940918, -12.65233039855957, -18.703737258911133]","[0.00028395597473718226, 0.001209464855492115, 0.2926431894302368]"
evc,chunk_65_69,66,2,6,conv_lowtv,"[""conv_lowtv"", ""wavelet"", ""inr""]","[-11.976045608520508, -12.634488105773926, -18.669771194458008]","[0.00022896964219398797, 0.0010506705148145556, 0.25025683641433716]"
evc,chunk_65_69,66,2,7,conv_lowtv,"[""conv_lowtv"", ""wavelet"", ""inr""]","[-12.135753631591797, -12.724648475646973, -18.754249572753906]","[0.00040323438588529825, 0.0015609965194016695, 0.28504177927970886]"
evc,chunk_65_69,66,2,8,conv_lowtv,"[""conv_lowtv"", ""wavelet"", ""inr""]","[-11.941792488098145, -13.0885009765625, -19.021961212158203]","[0.0001829734828788787, 0.0009204522357322276, 0.2851155698299408]"
evc,chunk_65_69,66,3,1,dct,"[""dct"", ""had""]","[-11.898911476135254, -12.019037246704102]","[0.0008869387675076723, 0.00041836046148091555]"
evc,chunk_65_69,66,3,2,had,"[""dct"", ""had""]","[-11.371806144714355, -11.366868019104004]","[0.0012952928664162755, 0.0006784364231862128]"
evc,chunk_65_69,66,3,3,had,"[""dct"", ""had""]","[-11.348776817321777, -11.072108268737793]","[0.000515500083565712, 0.00031541186035610735]"
evc,chunk_65_69,66,3,4,had,"[""dct"", ""had""]","[-11.300372123718262, -10.995576858520508]","[0.0007361815660260618, 0.00029336518491618335]"
evc,chunk_65_69,66,3,5,dct,"[""dct"", ""had""]","[-11.050368309020996, -11.906623840332031]","[0.0003372849023435265, 0.001066433498635888]"
evc,chunk_65_69,66,3,6,had,"[""dct"", ""had""]","[-11.501065254211426, -11.259143829345703]","[0.0008012019097805023, 0.00041729581425897777]"
evc,chunk_65_69,66,3,7,dct,"[""dct"", ""had""]","[-11.073613166809082, -11.605121612548828]","[0.00021202028437983245, 0.0002763153752312064]"
evc,chunk_65_69,66,3,8,had,"[""dct"", ""had""]","[-11.426684379577637, -11.306695938110352]","[0.0009477971470914781, 0.00046357905375771224]"
evc,chunk_65_69,66,4,1,huber,"[""tv2"", ""huber""]","[-11.715166091918945, -11.667118072509766]","[0.001197411329485476, 0.0009813439100980759]"
evc,chunk_65_69,66,4,2,huber,"[""tv2"", ""huber""]","[-11.331658363342285, -11.217790603637695]","[0.001956857740879059, 0.000653267779853195]"
evc,chunk_65_69,66,4,3,tv2,"[""tv2"", ""huber""]","[-10.863879203796387, -10.937003135681152]","[0.0020185522735118866, 0.0009506045607849956]"
evc,chunk_65_69,66,4,4,tv2,"[""tv2"", ""huber""]","[-10.744853019714355, -11.514229774475098]","[0.0007159075466915965, 0.001071619102731347]"
evc,chunk_65_69,66,4,5,tv2,"[""tv2"", ""huber""]","[-11.190778732299805, -11.208422660827637]","[0.0016770523507148027, 0.001000934629701078]"
evc,chunk_65_69,66,4,6,tv2,"[""tv2"", ""huber""]","[-11.019533157348633, -11.747672080993652]","[0.0010817231377586722, 0.001663442817516625]"
evc,chunk_65_69,66,4,7,huber,"[""tv2"", ""huber""]","[-11.370987892150879, -11.370823860168457]","[0.0014112795470282435, 0.000998842646367848]"
evc,chunk_65_69,66,4,8,tv2,"[""tv2"", ""huber""]","[-10.66304874420166, -11.390188217163086]","[0.0006310197641141713, 0.0012536024441942573]"
evc,chunk_65_69,66,5,1,dct,"[""dct"", ""tv2""]","[-11.747116088867188, -11.951987266540527]","[0.00048585908371023834, 0.0014818375930190086]"
evc,chunk_65_69,66,5,2,tv2,"[""dct"", ""tv2""]","[-11.074711799621582, -11.037443161010742]","[0.0010164233390241861, 0.0011300940532237291]"
evc,chunk_65_69,66,5,3,tv2,"[""dct"", ""tv2""]","[-11.23243236541748, -10.807499885559082]","[0.0010989863658323884, 0.001271048211492598]"
evc,chunk_65_69,66,5,4,tv2,"[""dct"", ""tv2""]","[-11.427749633789062, -10.668570518493652]","[0.0013007897650822997, 0.0009622414945624769]"
evc,chunk_65_69,66,5,5,dct,"[""dct"", ""tv2""]","[-11.145337104797363, -11.289937973022461]","[0.0011688538361340761, 0.002348874928429723]"
evc,chunk_65_69,66,5,6,tv2,"[""dct"", ""tv2""]","[-11.398927688598633, -10.901773452758789]","[0.0007165644783526659, 0.0009419940179213881]"
evc,chunk_65_69,66,5,7,tv2,"[""dct"", ""tv2""]","[-11.314253807067871, -11.036569595336914]","[0.0011178238783031702, 0.001456810743547976]"
evc,chunk_65_69,66,5,8,tv2,"[""dct"", ""tv2""]","[-11.5208101272583, -11.511155128479004]","[0.0007264079176820815, 0.0018376425141468644]"
evc,chunk_65_69,67,0,1,robust,"[""phys"", ""robust""]","[-10.480390548706055, -10.310437202453613]","[0.0001318738650297746, 0.0018954563420265913]"
evc,chunk_65_69,67,0,2,robust,"[""phys"", ""robust""]","[-10.229981422424316, -9.824246406555176]","[0.00013735407264903188, 0.0021729907020926476]"
evc,chunk_65_69,67,0,3,robust,"[""phys"", ""robust""]","[-10.200693130493164, -9.889521598815918]","[0.00014530683984048665, 0.003155045211315155]"
evc,chunk_65_69,67,0,4,robust,"[""phys"", ""robust""]","[-11.411660194396973, -10.409860610961914]","[0.00030018339748494327, 0.006488778628408909]"
evc,chunk_65_69,67,0,5,robust,"[""phys"", ""robust""]","[-10.950489044189453, -9.866576194763184]","[0.00017551030032336712, 0.010959620587527752]"
evc,chunk_65_69,67,0,6,robust,"[""phys"", ""robust""]","[-12.050151824951172, -10.716291427612305]","[0.0004423943755682558, 0.010826368816196918]"
evc,chunk_65_69,67,0,7,robust,"[""phys"", ""robust""]","[-10.571386337280273, -9.665262222290039]","[0.0002979479031637311, 0.009672148153185844]"
evc,chunk_65_69,67,0,8,robust,"[""phys"", ""robust""]","[-11.19090747833252, -10.46173095703125]","[0.00023570282792206854, 0.01273627020418644]"
evc,chunk_65_69,67,1,1,conv,"[""conv"", ""prox_tv""]","[-9.848361015319824, -10.459033012390137]","[7.972802995936945e-05, 9.403685544384643e-05]"
evc,chunk_65_69,67,1,2,prox_tv,"[""conv"", ""prox_tv""]","[-10.224383354187012, -9.836889266967773]","[8.902157424017787e-05, 8.65966867422685e-05]"
evc,chunk_65_69,67,1,3,conv,"[""conv"", ""prox_tv""]","[-9.47059440612793, -10.061171531677246]","[0.00010111131268786266, 0.00011845305562019348]"
evc,chunk_65_69,67,1,4,conv,"[""conv"", ""prox_tv""]","[-9.336190223693848, -9.843152046203613]","[4.552831524051726e-05, 6.124815990915522e-05]"
evc,chunk_65_69,67,1,5,prox_tv,"[""conv"", ""prox_tv""]","[-9.666888236999512, -9.506739616394043]","[7.106271368684247e-05, 6.388887413777411e-05]"
evc,chunk_65_69,67,1,6,prox_tv,"[""conv"", ""prox_tv""]","[-10.628443717956543, -9.669205665588379]","[0.000652324000839144, 7.223289867397398e-05]"
evc,chunk_65_69,67,1,7,conv,"[""conv"", ""prox_tv""]","[-9.524636268615723, -10.073477745056152]","[5.023515404900536e-05, 8.997885743156075e-05]"
evc,chunk_65_69,67,1,8,prox_tv,"[""conv"", ""prox_tv""]","[-9.6962308883667, -9.519963264465332]","[7.280666613951325e-05, 7.104495307430625e-05]"
evc,chunk_65_69,67,2,1,conv_lowtv,"[""conv_lowtv"", ""wavelet"", ""inr""]","[-10.529821395874023, -11.416748046875, -15.224995613098145]","[0.0001171131370938383, 0.0005204627523198724, 0.21879486739635468]"
evc,chunk_65_69,67,2,2,conv_lowtv,"[""conv_lowtv"", ""wavelet"", ""inr""]","[-10.107035636901855, -11.523508071899414, -16.09296417236328]","[7.757433922961354e-05, 0.0006279831868596375, 0.21618174016475677]"
evc,chunk_65_69,67,2,3,conv_lowtv,"[""conv_lowtv"", ""wavelet"", ""inr""]","[-9.924817085266113, -11.21151351928711, -16.53359603881836]","[6.718935765093192e-05, 0.0005956367240287364, 0.23154515027999878]"
evc,chunk_65_69,67,2,4,conv_lowtv,"[""conv_lowtv"", ""wavelet"", ""inr""]","[-10.154707908630371, -11.166886329650879, -16.803709030151367]","[8.137556142173707e-05, 0.0006956123979762197, 0.21990779042243958]"
evc,chunk_65_69,67,2,5,conv_lowtv,"[""conv_lowtv"", ""wavelet"", ""inr""]","[-10.035744667053223, -11.501198768615723, -16.75139617919922]","[9.845023305388168e-05, 0.0007654196233488619, 0.19822357594966888]"
evc,chunk_65_69,67,2,6,conv_lowtv,"[""conv_lowtv"", ""wavelet"", ""inr""]","[-9.953152656555176, -11.410391807556152, -16.969776153564453]","[6.256876804400235e-05, 0.000770474027376622, 0.20450332760810852]"
evc,chunk_65_69,67,2,7,conv_lowtv,"[""conv_lowtv"", ""wavelet"", ""inr""]","[-10.049376487731934, -11.543606758117676, -17.270313262939453]","[5.0061273213941604e-05, 0.0006190792191773653, 0.2077035754919052]"
evc,chunk_65_69,67,2,8,conv_lowtv,"[""conv_lowtv"", ""wavelet"", ""inr""]","[-10.012496948242188, -11.250741004943848, -17.426441192626953]","[8.954833901952952e-05, 0.0006528568919748068, 0.21183812618255615]"
evc,chunk_65_69,67,3,1,dct,"[""dct"", ""had""]","[-10.326926231384277, -11.039522171020508]","[0.00010227957682218403, 0.00012320328096393496]"
evc,chunk_65_69,67,3,2,had,"[""dct"", ""had""]","[-9.951394081115723, -9.816283226013184]","[9.411508654011413e-05, 8.858196088112891e-05]"
evc,chunk_65_69,67,3,3,dct,"[""dct"", ""had""]","[-10.029582977294922, -10.51465892791748]","[9.346938895760104e-05, 9.870473149931058e-05]"
evc,chunk_65_69,67,3,4,had,"[""dct"", ""had""]","[-9.76917552947998, -9.695717811584473]","[7.900287891970947e-05, 4.696393443737179e-05]"
evc,chunk_65_69,67,3,5,had,"[""dct"", ""had""]","[-10.665860176086426, -9.894511222839355]","[0.00019227710436098278, 7.081487274263054e-05]"
evc,chunk_65_69,67,3,6,had,"[""dct"", ""had""]","[-10.470829963684082, -10.408388137817383]","[0.00010502738587092608, 8.955397788668051e-05]"
evc,chunk_65_69,67,3,7,dct,"[""dct"", ""had""]","[-10.217562675476074, -10.646557807922363]","[7.477722101612017e-05, 0.00010361608292441815]"
evc,chunk_65_69,67,3,8,had,"[""dct"", ""had""]","[-10.373199462890625, -10.243998527526855]","[0.00017970215412788093, 0.00010569013829808682]"
evc,chunk_65_69,67,4,1,huber,"[""tv2"", ""huber""]","[-10.43844985961914, -10.346478462219238]","[0.00022735896345693618, 0.000173845692188479]"
evc,chunk_65_69,67,4,2,huber,"[""tv2"", ""huber""]","[-10.47346019744873, -10.45320987701416]","[0.0002196066634496674, 0.00020259751181583852]"
evc,chunk_65_69,67,4,3,huber,"[""tv2"", ""huber""]","[-10.706499099731445, -10.271517753601074]","[0.00027851079357787967, 0.0001481400104239583]"
evc,chunk_65_69,67,4,4,huber,"[""tv2"", ""huber""]","[-10.839228630065918, -10.523603439331055]","[0.00023517316731158644, 0.00018550234381109476]"
evc,chunk_65_69,67,4,5,huber,"[""tv2"", ""huber""]","[-11.119159698486328, -10.515615463256836]","[0.0003395307867322117, 0.000147015685797669]"
evc,chunk_65_69,67,4,6,huber,"[""tv2"", ""huber""]","[-10.670671463012695, -10.257596015930176]","[0.00023646792396903038, 0.00016960437642410398]"
evc,chunk_65_69,67,4,7,tv2,"[""tv2"", ""huber""]","[-10.675552368164062, -11.487744331359863]","[0.00023209709615912288, 0.0002541555732022971]"
evc,chunk_65_69,67,4,8,tv2,"[""tv2"", ""huber""]","[-10.096226692199707, -10.369001388549805]","[0.00020040357776451856, 0.00019705324666574597]"
evc,chunk_65_69,67,5,1,tv2,"[""dct"", ""tv2""]","[-10.128978729248047, -10.046157836914062]","[0.000121556397061795, 0.00018892117077484727]"
evc,chunk_65_69,67,5,2,tv2,"[""dct"", ""tv2""]","[-10.251803398132324, -9.771195411682129]","[0.0001550011947983876, 0.0001889580744318664]"
evc,chunk_65_69,67,5,3,tv2,"[""dct"", ""tv2""]","[-10.101778030395508, -9.795577049255371]","[0.00010300736903445795, 0.00023628411872778088]"
evc,chunk_65_69,67,5,4,tv2,"[""dct"", ""tv2""]","[-10.393455505371094, -9.948380470275879]","[0.0001596589427208528, 0.00024406232114415616]"
evc,chunk_65_69,67,5,5,tv2,"[""dct"", ""tv2""]","[-10.159783363342285, -10.038887977600098]","[8.03757575340569e-05, 0.00026449727010913193]"
evc,chunk_65_69,67,5,6,tv2,"[""dct"", ""tv2""]","[-10.122787475585938, -10.069580078125]","[7.319296128116548e-05, 0.00024090867373161018]"
evc,chunk_65_69,67,5,7,tv2,"[""dct"", ""tv2""]","[-10.102959632873535, -9.744965553283691]","[0.00011721481860149652, 0.00022657151566818357]"
evc,chunk_65_69,67,5,8,tv2,"[""dct"", ""tv2""]","[-10.394083976745605, -9.831372261047363]","[0.0001467670372221619, 0.00018811417976394296]"
evc,chunk_65_69,68,0,1,phys,"[""phys"", ""robust""]","[-10.916146278381348, -11.370420455932617]","[0.0001957792555913329, 0.005203900393098593]"
evc,chunk_65_69,68,0,2,phys,"[""phys"", ""robust""]","[-10.31075668334961, -10.661508560180664]","[0.00010428998211864382, 0.0007448768010362983]"
evc,chunk_65_69,68,0,3,phys,"[""phys"", ""robust""]","[-10.058127403259277, -10.725175857543945]","[8.142479055095464e-05, 0.0014263741904869676]"
evc,chunk_65_69,68,0,4,phys,"[""phys"", ""robust""]","[-10.091849327087402, -10.369111061096191]","[8.91290110303089e-05, 0.0006720604142174125]"
evc,chunk_65_69,68,0,5,phys,"[""phys"", ""robust""]","[-10.173432350158691, -10.430886268615723]","[0.00010975021723425016, 0.0008896703948266804]"
evc,chunk_65_69,68,0,6,phys,"[""phys"", ""robust""]","[-10.150126457214355, -10.8955717086792]","[8.867095311870798e-05, 0.0031702988781034946]"
evc,chunk_65_69,68,0,7,phys,"[""phys"", ""robust""]","[-9.877949714660645, -10.23238754272461]","[9.196059545502067e-05, 0.0005240979953669012]"
evc,chunk_65_69,68,0,8,phys,"[""phys"", ""robust""]","[-10.037325859069824, -10.381675720214844]","[9.648705599829555e-05, 0.0006183772347867489]"
evc,chunk_65_69,68,1,1,conv,"[""conv"", ""prox_tv""]","[-10.544676780700684, -11.198746681213379]","[0.00015114882262423635, 0.0002126425242749974]"
evc,chunk_65_69,68,1,2,prox_tv,"[""conv"", ""prox_tv""]","[-10.734159469604492, -10.240979194641113]","[0.00019412944675423205, 0.00013244972797110677]"
evc,chunk_65_69,68,1,3,conv,"[""conv"", ""prox_tv""]","[-10.322178840637207, -11.405248641967773]","[0.0001174013814306818, 0.00029398660990409553]"
evc,chunk_65_69,68,1,4,prox_tv,"[""conv"", ""prox_tv""]","[-10.890893936157227, -10.819315910339355]","[0.0001677529508015141, 0.00015552852710243315]"
evc,chunk_65_69,68,1,5,prox_tv,"[""conv"", ""prox_tv""]","[-10.951574325561523, -10.469847679138184]","[0.0002136031980626285, 0.000148966078995727]"
evc,chunk_65_69,68,1,6,conv,"[""conv"", ""prox_tv""]","[-11.414039611816406, -15.106942176818848]","[0.00020067677542101592, 0.01318993791937828]"
evc,chunk_65_69,68,1,7,conv,"[""conv"", ""prox_tv""]","[-10.450749397277832, -11.128993034362793]","[0.00010400431347079575, 0.00016809212684165686]"
evc,chunk_65_69,68,1,8,prox_tv,"[""conv"", ""prox_tv""]","[-11.34698486328125, -11.080016136169434]","[0.00040353412623517215, 0.0002633383555803448]"
evc,chunk_65_69,68,2,1,conv_lowtv,"[""conv_lowtv"", ""wavelet"", ""inr""]","[-10.724322319030762, -11.747834205627441, -13.491436958312988]","[0.00014550020569004118, 0.0011424293043091893, 0.21906207501888275]"
evc,chunk_65_69,68,2,2,conv_lowtv,"[""conv_lowtv"", ""wavelet"", ""inr""]","[-10.41954517364502, -11.340522766113281, -13.49423885345459]","[0.00014129816554486752, 0.0009000596473924816, 0.2222197949886322]"
evc,chunk_65_69,68,2,3,conv_lowtv,"[""conv_lowtv"", ""wavelet"", ""inr""]","[-10.879570960998535, -11.274818420410156, -13.613659858703613]","[0.00020550430053845048, 0.0010146107524633408, 0.2137312889099121]"
evc,chunk_65_69,68,2,4,conv_lowtv,"[""conv_lowtv"", ""wavelet"", ""inr""]","[-10.313051223754883, -11.28040885925293, -13.471007347106934]","[0.00010902658686973155, 0.0008182515157386661, 0.21892361342906952]"
evc,chunk_65_69,68,2,5,conv_lowtv,"[""conv_lowtv"", ""wavelet"", ""inr""]","[-10.01265811920166, -11.241350173950195, -13.542641639709473]","[6.763031706213951e-05, 0.0008193915127776563, 0.22465847432613373]"
evc,chunk_65_69,68,2,6,conv_lowtv,"[""conv_lowtv"", ""wavelet"", ""inr""]","[-10.371343612670898, -11.18976879119873, -13.475370407104492]","[0.00032946676947176456, 0.001021193340420723, 0.21842335164546967]"
evc,chunk_65_69,68,2,7,conv_lowtv,"[""conv_lowtv"", ""wavelet"", ""inr""]","[-9.966309547424316, -11.243914604187012, -13.671845436096191]","[0.0001086213014787063, 0.0010307836346328259, 0.22054485976696014]"
evc,chunk_65_69,68,2,8,conv_lowtv,"[""conv_lowtv"", ""wavelet"", ""inr""]","[-10.114750862121582, -11.332637786865234, -13.8954496383667]","[0.00010439099423820153, 0.0010629155440256, 0.22812506556510925]"
evc,chunk_65_69,68,3,1,had,"[""dct"", ""had""]","[-11.751445770263672, -11.239485740661621]","[0.0004241114074829966, 0.00019579983199946582]"
evc,chunk_65_69,68,3,2,dct,"[""dct"", ""had""]","[-10.381085395812988, -11.303013801574707]","[0.0001589423045516014, 0.00038563672569580376]"
evc,chunk_65_69,68,3,3,dct,"[""dct"", ""had""]","[-9.917296409606934, -10.694893836975098]","[0.00010782958270283416, 0.00019820354646071792]"
evc,chunk_65_69,68,3,4,dct,"[""dct"", ""had""]","[-10.032118797302246, -10.552501678466797]","[0.00011491822078824043, 0.00012170607078587636]"
evc,chunk_65_69,68,3,5,had,"[""dct"", ""had""]","[-10.491585731506348, -10.37890911102295]","[0.0001810053363442421, 0.000167029385920614]"
evc,chunk_70_74,70,0,1,phys,"[""phys"", ""robust""]","[-12.817866325378418, -12.895997047424316]","[0.0014469800516963005, 0.04308987781405449]"
evc,chunk_70_74,70,0,2,phys,"[""phys"", ""robust""]","[-13.0035400390625, -13.571297645568848]","[0.0010442085331305861, 0.047154393047094345]"
evc,chunk_70_74,70,0,3,phys,"[""phys"", ""robust""]","[-13.295425415039062, -13.468581199645996]","[0.0009540949831716716, 0.03380142152309418]"
evc,chunk_70_74,70,0,4,robust,"[""phys"", ""robust""]","[-16.4534912109375, -14.977553367614746]","[0.004628447815775871, 0.036859676241874695]"
evc,chunk_70_74,70,0,5,phys,"[""phys"", ""robust""]","[-13.452737808227539, -13.516531944274902]","[0.003278758144006133, 0.049653083086013794]"
evc,chunk_70_74,70,0,6,phys,"[""phys"", ""robust""]","[-14.395586967468262, -15.075127601623535]","[0.0034306806046515703, 0.05422666296362877]"
evc,chunk_70_74,70,0,7,robust,"[""phys"", ""robust""]","[-15.33892822265625, -15.183975219726562]","[0.001872526598162949, 0.034419767558574677]"
evc,chunk_70_74,70,0,8,phys,"[""phys"", ""robust""]","[-13.90952205657959, -14.258049964904785]","[0.00119204877410084, 0.12516404688358307]"
evc,chunk_70_74,70,1,1,conv,"[""conv"", ""prox_tv""]","[-12.76882266998291, -13.332101821899414]","[0.0009151372360065579, 0.002208977472037077]"
evc,chunk_70_74,70,1,2,prox_tv,"[""conv"", ""prox_tv""]","[-14.571645736694336, -14.198588371276855]","[0.002265223301947117, 0.0038813829887658358]"
evc,chunk_70_74,70,1,3,prox_tv,"[""conv"", ""prox_tv""]","[-15.11748218536377, -14.416075706481934]","[0.001771170529536903, 0.0009465261246077716]"
evc,chunk_70_74,70,1,4,conv,"[""conv"", ""prox_tv""]","[-16.514883041381836, -20.53781509399414]","[0.0014845364494249225, 0.07186443358659744]"
evc,chunk_70_74,70,1,5,conv,"[""conv"", ""prox_tv""]","[-14.082797050476074, -14.484463691711426]","[0.001415204955264926, 0.004397564567625523]"
evc,chunk_70_74,70,1,6,conv,"[""conv"", ""prox_tv""]","[-14.813187599182129, -15.880792617797852]","[0.0017584551824256778, 0.004024502821266651]"
evc,chunk_70_74,70,1,7,conv,"[""conv"", ""prox_tv""]","[-14.258553504943848, -14.947196006774902]","[0.0009562299237586558, 0.001627142890356481]"
evc,chunk_70_74,70,1,8,prox_tv,"[""conv"", ""prox_tv""]","[-13.948517799377441, -13.933216094970703]","[0.0012403613654896617, 0.002849102020263672]"
evc,chunk_70_74,70,2,1,conv_lowtv,"[""conv_lowtv"", ""wavelet"", ""inr""]","[-13.512153625488281, -13.875487327575684, -18.905071258544922]","[0.002750654937699437, 0.002454215893521905, 1.493232250213623]"
evc,chunk_70_74,70,2,2,wavelet,"[""conv_lowtv"", ""wavelet"", ""inr""]","[-15.527047157287598, -15.48311710357666, -22.60120964050293]","[0.0015457189874723554, 0.0016279189148917794, 1.631594181060791]"
evc,chunk_70_74,70,2,3,conv_lowtv,"[""conv_lowtv"", ""wavelet"", ""inr""]","[-18.90880012512207, -19.572452545166016, -27.13591766357422]","[0.0015904313186183572, 0.00937139056622982, 1.6766595840454102]"
evc,chunk_70_74,70,2,4,conv_lowtv,"[""conv_lowtv"", ""wavelet"", ""inr""]","[-18.114471435546875, -19.480327606201172, -26.98958969116211]","[0.00858980230987072, 0.024213731288909912, 1.480905532836914]"
evc,chunk_70_74,70,2,5,conv_lowtv,"[""conv_lowtv"", ""wavelet"", ""inr""]","[-19.136367797851562, -19.20601463317871, -28.635272979736328]","[0.005197874736040831, 0.0030662778299301863, 1.7065925598144531]"
evc,chunk_70_74,70,2,6,wavelet,"[""conv_lowtv"", ""wavelet"", ""inr""]","[-18.151369094848633, -18.09391212463379, -27.85503387451172]","[0.005081948358565569, 0.0055840532295405865, 1.7063199281692505]"
evc,chunk_70_74,70,2,7,conv_lowtv,"[""conv_lowtv"", ""wavelet"", ""inr""]","[-18.909976959228516, -20.206802368164062, -29.8120174407959]","[0.005687614902853966, 0.0038908924907445908, 1.7522639036178589]"
evc,chunk_70_74,70,2,8,conv_lowtv,"[""conv_lowtv"", ""wavelet"", ""inr""]","[-19.846057891845703, -24.051345825195312, -30.80998992919922]","[0.006264396011829376, 0.020609110593795776, 1.6326863765716553]"
evc,chunk_70_74,70,3,1,had,"[""dct"", ""had""]","[-13.679144859313965, -12.933053016662598]","[0.00319421524181962, 0.002038278616964817]"
evc,chunk_70_74,70,3,2,dct,"[""dct"", ""had""]","[-14.38465404510498, -14.796589851379395]","[0.0018803924322128296, 0.007724199444055557]"
evc,chunk_70_74,70,3,3,had,"[""dct"", ""had""]","[-16.194427490234375, -14.954090118408203]","[0.0066433376632630825, 0.0011880163801833987]"
evc,chunk_70_74,70,3,4,dct,"[""dct"", ""had""]","[-14.244099617004395, -14.357378959655762]","[0.0026396848261356354, 0.0020887870341539383]"
evc,chunk_70_74,70,3,5,had,"[""dct"", ""had""]","[-14.449508666992188, -14.22176456451416]","[0.004297934006899595, 0.002131556160748005]"
evc,chunk_70_74,70,3,6,dct,"[""dct"", ""had""]","[-15.405106544494629, -15.722750663757324]","[0.001734039862640202, 0.002378694713115692]"
evc,chunk_70_74,70,3,7,dct,"[""dct"", ""had""]","[-18.968563079833984, -20.6837100982666]","[0.002056966070085764, 0.01988173834979534]"
evc,chunk_70_74,70,3,8,had,"[""dct"", ""had""]","[-17.186166763305664, -16.540447235107422]","[0.0037473137490451336, 0.005327886901795864]"
evc,chunk_70_74,70,4,1,tv2,"[""tv2"", ""huber""]","[-12.246438026428223, -12.676864624023438]","[0.001589008024893701, 0.0019497016910463572]"
evc,chunk_70_74,70,4,2,huber,"[""tv2"", ""huber""]","[-18.131996154785156, -16.865339279174805]","[0.016479410231113434, 0.0024598119780421257]"
evc,chunk_70_74,70,4,3,tv2,"[""tv2"", ""huber""]","[-15.339390754699707, -19.10553550720215]","[0.004084859509021044, 0.014466915279626846]"
evc,chunk_70_74,70,4,4,tv2,"[""tv2"", ""huber""]","[-16.460983276367188, -19.72249984741211]","[0.003643383039161563, 0.022806070744991302]"
evc,chunk_70_74,70,4,5,huber,"[""tv2"", ""huber""]","[-16.1466121673584, -15.542383193969727]","[0.01297845970839262, 0.00303929322399199]"
evc,chunk_70_74,70,4,6,huber,"[""tv2"", ""huber""]","[-16.496204376220703, -16.27165985107422]","[0.009165095165371895, 0.00786877516657114]"
evc,chunk_70_74,70,4,7,huber,"[""tv2"", ""huber""]","[-17.148731231689453, -16.74280548095703]","[0.009007779881358147, 0.007021905388683081]"
evc,chunk_70_74,70,4,8,huber,"[""tv2"", ""huber""]","[-19.784011840820312, -18.995845794677734]","[0.013279082253575325, 0.01029995921999216]"
evc,chunk_70_74,70,5,1,dct,"[""dct"", ""tv2""]","[-12.378288269042969, -12.854287147521973]","[0.0008975089294835925, 0.002424548612907529]"
evc,chunk_70_74,70,5,2,tv2,"[""dct"", ""tv2""]","[-13.364571571350098, -13.0911283493042]","[0.0014199006836861372, 0.0023078150115907192]"
evc,chunk_70_74,70,5,3,tv2,"[""dct"", ""tv2""]","[-15.024079322814941, -14.362812995910645]","[0.0016310681821778417, 0.0056937700137495995]"
evc,chunk_70_74,70,5,4,dct,"[""dct"", ""tv2""]","[-19.201820373535156, -19.376506805419922]","[0.009769521653652191, 0.020651642233133316]"
evc,chunk_70_74,70,5,5,dct,"[""dct"", ""tv2""]","[-16.91481590270996, -18.613780975341797]","[0.0024307160638272762, 0.008324154652655125]"
evc,chunk_70_74,70,5,6,tv2,"[""dct"", ""tv2""]","[-13.726943016052246, -13.566007614135742]","[0.0014240613672882318, 0.003181110369041562]"
evc,chunk_70_74,70,5,7,tv2,"[""dct"", ""tv2""]","[-21.005786895751953, -19.330896377563477]","[0.008873365819454193, 0.017398735508322716]"
evc,chunk_70_74,70,5,8,tv2,"[""dct"", ""tv2""]","[-20.235492706298828, -19.18626594543457]","[0.008651502430438995, 0.014915484935045242]"
evc,chunk_70_74,71,0,1,phys,"[""phys"", ""robust""]","[-9.948567390441895, -10.13597297668457]","[9.022915764944628e-05, 0.0006135443109087646]"
evc,chunk_70_74,71,0,2,robust,"[""phys"", ""robust""]","[-9.96412181854248, -9.75992202758789]","[0.00011143081792397425, 0.00039989702054299414]"
evc,chunk_70_74,71,0,3,robust,"[""phys"", ""robust""]","[-10.195358276367188, -10.183520317077637]","[0.0002530483470764011, 0.007252178154885769]"
evc,chunk_70_74,71,0,4,phys,"[""phys"", ""robust""]","[-9.785765647888184, -9.85676097869873]","[0.00013170653255656362, 0.010178178548812866]"
evc,chunk_70_74,71,0,5,phys,"[""phys"", ""robust""]","[-9.365365982055664, -9.629605293273926]","[5.063923163106665e-05, 0.0002747104736045003]"
evc,chunk_70_74,71,0,6,phys,"[""phys"", ""robust""]","[-9.566390037536621, -9.691559791564941]","[6.390799535438418e-05, 0.001059210393577814]"
evc,chunk_70_74,71,0,7,phys,"[""phys"", ""robust""]","[-9.325553894042969, -9.621431350708008]","[4.6369739720830694e-05, 0.00013770576333627105]"
evc,chunk_70_74,71,0,8,phys,"[""phys"", ""robust""]","[-9.470349311828613, -9.70193099975586]","[5.901696204091422e-05, 0.00018688988348003477]"
evc,chunk_70_74,71,1,1,prox_tv,"[""conv"", ""prox_tv""]","[-10.293562889099121, -9.900262832641602]","[0.00013395310088526458, 8.476668881485239e-05]"
evc,chunk_70_74,71,1,2,conv,"[""conv"", ""prox_tv""]","[-9.819785118103027, -10.274277687072754]","[0.00015189881378319114, 0.0001892996660899371]"
evc,chunk_70_74,71,1,3,conv,"[""conv"", ""prox_tv""]","[-9.35990047454834, -9.863814353942871]","[6.847026088507846e-05, 7.934547465993091e-05]"
evc,chunk_70_74,71,1,4,prox_tv,"[""conv"", ""prox_tv""]","[-10.096785545349121, -9.76547908782959]","[0.00020082730043213814, 0.00013765892072115093]"
evc,chunk_70_74,71,1,5,prox_tv,"[""conv"", ""prox_tv""]","[-10.043835639953613, -9.30656909942627]","[0.00014635779371019453, 6.432411464629695e-05]"
evc,chunk_70_74,71,1,6,prox_tv,"[""conv"", ""prox_tv""]","[-9.884693145751953, -9.381468772888184]","[0.00011945968435611576, 6.838933768449351e-05]"
evc,chunk_70_74,71,1,7,prox_tv,"[""conv"", ""prox_tv""]","[-9.702140808105469, -9.497262954711914]","[6.326883885776624e-05, 5.78022409172263e-05]"
evc,chunk_70_74,71,1,8,prox_tv,"[""conv"", ""prox_tv""]","[-9.608057975769043, -9.391485214233398]","[7.875826850067824e-05, 7.142029789974913e-05]"
evc,chunk_70_74,71,2,1,conv_lowtv,"[""conv_lowtv"", ""wavelet"", ""inr""]","[-10.02003002166748, -11.052063941955566, -12.4380521774292]","[9.970472456188872e-05, 0.00036196818109601736, 0.0978052020072937]"
evc,chunk_70_74,71,2,2,conv_lowtv,"[""conv_lowtv"", ""wavelet"", ""inr""]","[-9.681628227233887, -10.664971351623535, -12.242571830749512]","[0.00010111895244335756, 0.0002868214505724609, 0.0910579264163971]"
evc,chunk_70_74,71,2,3,conv_lowtv,"[""conv_lowtv"", ""wavelet"", ""inr""]","[-9.83726978302002, -10.809887886047363, -12.333599090576172]","[0.000125650578411296, 0.0002738876501098275, 0.08928680419921875]"
evc,chunk_70_74,71,2,4,conv_lowtv,"[""conv_lowtv"", ""wavelet"", ""inr""]","[-9.136014938354492, -10.4099702835083, -12.082289695739746]","[5.1558414270402864e-05, 0.0003152472199872136, 0.09654420614242554]"
evc,chunk_70_74,71,2,5,conv_lowtv,"[""conv_lowtv"", ""wavelet"", ""inr""]","[-9.116865158081055, -10.339775085449219, -11.8583345413208]","[5.585670442087576e-05, 0.0002751724678091705, 0.0892069935798645]"
evc,chunk_70_74,71,2,6,conv_lowtv,"[""conv_lowtv"", ""wavelet"", ""inr""]","[-9.215680122375488, -10.439581871032715, -11.94737720489502]","[6.68241991661489e-05, 0.0002917120873462409, 0.09004119038581848]"
evc,chunk_70_74,71,2,7,conv_lowtv,"[""conv_lowtv"", ""wavelet"", ""inr""]","[-8.947778701782227, -10.537131309509277, -12.305032730102539]","[3.330038089188747e-05, 0.0003156042075715959, 0.09405983984470367]"
evc,chunk_70_74,71,2,8,conv_lowtv,"[""conv_lowtv"", ""wavelet"", ""inr""]","[-9.046277046203613, -10.393921852111816, -12.081927299499512]","[4.476512549445033e-05, 0.0002873679914046079, 0.09695730358362198]"
evc,chunk_70_74,71,3,1,had,"[""dct"", ""had""]","[-10.716736793518066, -10.28514575958252]","[0.00013630407920572907, 0.00010308473429176956]"
evc,chunk_70_74,71,3,2,dct,"[""dct"", ""had""]","[-9.625969886779785, -10.606040000915527]","[0.0001025290839606896, 0.00016207419685088098]"
evc,chunk_70_74,71,3,3,had,"[""dct"", ""had""]","[-9.604548454284668, -9.36074447631836]","[7.56441950215958e-05, 5.747800969402306e-05]"
evc,chunk_70_74,71,3,4,dct,"[""dct"", ""had""]","[-9.375082015991211, -10.537110328674316]","[9.473582031205297e-05, 0.00013321776350494474]"
evc,chunk_70_74,71,3,5,had,"[""dct"", ""had""]","[-10.013827323913574, -9.120739936828613]","[0.00010764176113298163, 3.320628093206324e-05]"
evc,chunk_70_74,71,3,6,dct,"[""dct"", ""had""]","[-9.319073677062988, -10.301761627197266]","[7.741800072835758e-05, 0.0002239593886770308]"
evc,chunk_70_74,71,3,7,dct,"[""dct"", ""had""]","[-9.064166069030762, -10.395881652832031]","[3.774963261093944e-05, 0.00016459448670502752]"
evc,chunk_70_74,71,3,8,dct,"[""dct"", ""had""]","[-9.21289348602295, -10.200457572937012]","[4.60555347672198e-05, 9.273877367377281e-05]"
evc,chunk_70_74,71,4,1,huber,"[""tv2"", ""huber""]","[-10.692559242248535, -10.20901870727539]","[0.0003542757476679981, 0.00018933894170913845]"
evc,chunk_70_74,71,4,2,huber,"[""tv2"", ""huber""]","[-9.332770347595215, -9.3029146194458]","[0.0002226778888143599, 0.00014717857993673533]"
evc,chunk_70_74,71,4,3,huber,"[""tv2"", ""huber""]","[-9.634592056274414, -9.628960609436035]","[0.00037272024201229215, 0.00021152665431145579]"
evc,chunk_70_74,71,4,4,huber,"[""tv2"", ""huber""]","[-9.518359184265137, -9.45804214477539]","[0.00038970939931459725, 0.0001865416270447895]"
evc,chunk_70_74,71,4,5,huber,"[""tv2"", ""huber""]","[-9.707144737243652, -9.507445335388184]","[0.0004197460366412997, 0.00016999812214635313]"
evc,chunk_70_74,71,4,6,huber,"[""tv2"", ""huber""]","[-9.65969181060791, -9.46605110168457]","[0.0003552655689418316, 0.0001650639169383794]"
evc,chunk_70_74,71,4,7,huber,"[""tv2"", ""huber""]","[-10.010838508605957, -9.698424339294434]","[0.00046623137313872576, 0.0002511106722522527]"
evc,chunk_70_74,71,4,8,huber,"[""tv2"", ""huber""]","[-9.849457740783691, -9.538589477539062]","[0.00032043192186392844, 0.00019222030823584646]"
evc,chunk_70_74,71,5,1,tv2,"[""dct"", ""tv2""]","[-10.746329307556152, -10.340049743652344]","[0.0002257544983876869, 0.00035537121584638953]"
evc,chunk_70_74,71,5,2,tv2,"[""dct"", ""tv2""]","[-9.944406509399414, -9.066784858703613]","[0.00016345703625120223, 0.0002884495188482106]"
evc,chunk_70_74,71,5,3,tv2,"[""dct"", ""tv2""]","[-9.668678283691406, -9.32919692993164]","[0.00010443077189847827, 0.0002846415445674211]"
evc,chunk_70_74,71,5,4,tv2,"[""dct"", ""tv2""]","[-9.793185234069824, -9.67345905303955]","[9.78803655016236e-05, 0.0003927754005417228]"
evc,chunk_70_74,71,5,5,tv2,"[""dct"", ""tv2""]","[-9.865612983703613, -9.622115135192871]","[0.00010310489597031847, 0.000390854460420087]"
evc,chunk_70_74,71,5,6,tv2,"[""dct"", ""tv2""]","[-9.436263084411621, -9.397775650024414]","[6.847458280390128e-05, 0.0002685310610104352]"
evc,chunk_70_74,71,5,7,tv2,"[""dct"", ""tv2""]","[-9.860453605651855, -9.348753929138184]","[0.0001162862972705625, 0.0002592894888948649]"
evc,chunk_70_74,71,5,8,tv2,"[""dct"", ""tv2""]","[-9.876009941101074, -9.663434028625488]","[0.00010913555888691917, 0.00031970872078090906]"
evc,chunk_70_74,72,0,1,robust,"[""phys"", ""robust""]","[-9.826788902282715, -9.803221702575684]","[0.00015389891632366925, 0.0008814904140308499]"
evc,chunk_70_74,72,0,2,phys,"[""phys"", ""robust""]","[-9.903603553771973, -10.009811401367188]","[0.0002123097947333008, 0.00390930101275444]"
evc,chunk_70_74,72,0,3,phys,"[""phys"", ""robust""]","[-9.199362754821777, -9.708939552307129]","[6.864827446406707e-05, 0.001543843769468367]"
evc,chunk_70_74,72,0,4,phys,"[""phys"", ""robust""]","[-9.456921577453613, -9.475240707397461]","[0.00010211128392256796, 0.001042202697135508]"
evc,chunk_70_74,72,0,5,phys,"[""phys"", ""robust""]","[-9.222733497619629, -9.373867988586426]","[8.621147571830079e-05, 0.0005367627600207925]"
evc,chunk_70_74,72,0,6,phys,"[""phys"", ""robust""]","[-9.266472816467285, -9.386353492736816]","[7.099553477019072e-05, 0.00043169601121917367]"
evc,chunk_70_74,72,0,7,phys,"[""phys"", ""robust""]","[-9.044469833374023, -9.619536399841309]","[3.8439251511590555e-05, 0.0006227532867342234]"
evc,chunk_70_74,72,0,8,phys,"[""phys"", ""robust""]","[-9.079939842224121, -9.82194709777832]","[5.61093729629647e-05, 0.001369766192510724]"
evc,chunk_70_74,72,1,1,conv,"[""conv"", ""prox_tv""]","[-9.369025230407715, -9.718170166015625]","[9.167422103928402e-05, 0.00010604714043438435]"
evc,chunk_70_74,72,1,2,conv,"[""conv"", ""prox_tv""]","[-9.465485572814941, -9.912773132324219]","[0.00011827593698399141, 0.00015069887740537524]"
evc,chunk_70_74,72,1,3,prox_tv,"[""conv"", ""prox_tv""]","[-9.753750801086426, -9.390944480895996]","[0.00013033959839958698, 9.874883107841015e-05]"
evc,chunk_70_74,72,1,4,prox_tv,"[""conv"", ""prox_tv""]","[-9.539689064025879, -9.393942832946777]","[0.00010499924246687442, 9.18017904041335e-05]"
evc,chunk_70_74,72,1,5,conv,"[""conv"", ""prox_tv""]","[-9.265785217285156, -9.80982494354248]","[9.098339069169015e-05, 0.00010387416841695085]"
evc,chunk_70_74,72,1,6,conv,"[""conv"", ""prox_tv""]","[-9.44295597076416, -9.873473167419434]","[0.00010760485747596249, 0.00012890651123598218]"
evc,chunk_70_74,72,1,7,prox_tv,"[""conv"", ""prox_tv""]","[-9.643780708312988, -9.453473091125488]","[9.268971916753799e-05, 8.432402682956308e-05]"
evc,chunk_70_74,72,1,8,conv,"[""conv"", ""prox_tv""]","[-9.178911209106445, -10.784005165100098]","[8.888049342203885e-05, 0.0005403179675340652]"
evc,chunk_70_74,72,2,1,conv_lowtv,"[""conv_lowtv"", ""wavelet"", ""inr""]","[-9.331236839294434, -10.207586288452148, -11.9213285446167]","[9.663971286499873e-05, 0.0007361727184616029, 0.11065158247947693]"
evc,chunk_70_74,72,2,2,conv_lowtv,"[""conv_lowtv"", ""wavelet"", ""inr""]","[-9.018187522888184, -10.1950101852417, -11.966296195983887]","[8.491246262565255e-05, 0.0007356070564128458, 0.11382461339235306]"
evc,chunk_70_74,72,2,3,conv_lowtv,"[""conv_lowtv"", ""wavelet"", ""inr""]","[-9.004288673400879, -10.228728294372559, -12.146458625793457]","[6.82822210364975e-05, 0.0007703908486291766, 0.1088171973824501]"
evc,chunk_70_74,72,2,4,conv_lowtv,"[""conv_lowtv"", ""wavelet"", ""inr""]","[-9.080547332763672, -10.055207252502441, -12.173852920532227]","[7.503630331484601e-05, 0.000704164442140609, 0.11089213192462921]"
evc,chunk_70_74,72,2,5,conv_lowtv,"[""conv_lowtv"", ""wavelet"", ""inr""]","[-9.00916576385498, -10.220973014831543, -12.186336517333984]","[7.702307630097494e-05, 0.0006751668988727033, 0.11219647526741028]"
evc,chunk_70_74,72,2,6,conv_lowtv,"[""conv_lowtv"", ""wavelet"", ""inr""]","[-8.998745918273926, -10.1902437210083, -12.278862953186035]","[6.154795846669003e-05, 0.0006526535144075751, 0.11131145805120468]"
evc,chunk_70_74,72,2,7,conv_lowtv,"[""conv_lowtv"", ""wavelet"", ""inr""]","[-8.954473495483398, -10.247942924499512, -12.342350006103516]","[4.8121048166649416e-05, 0.0007257199031300843, 0.10828233510255814]"
evc,chunk_70_74,72,2,8,conv_lowtv,"[""conv_lowtv"", ""wavelet"", ""inr""]","[-8.952485084533691, -10.29603099822998, -12.344559669494629]","[6.853255035821348e-05, 0.0006358834798447788, 0.11570693552494049]"
evc,chunk_70_74,72,3,1,had,"[""dct"", ""had""]","[-9.814802169799805, -9.632908821105957]","[0.00012293974577914923, 9.943603799911216e-05]"
evc,chunk_70_74,72,3,2,dct,"[""dct"", ""had""]","[-9.4194974899292, -9.94239330291748]","[0.00012879451969638467, 0.000161232499522157]"
evc,chunk_70_74,72,3,3,had,"[""dct"", ""had""]","[-9.515600204467773, -9.288424491882324]","[0.0001081625887309201, 8.562567381886765e-05]"
evc,chunk_70_74,72,3,4,had,"[""dct"", ""had""]","[-9.811844825744629, -9.309155464172363]","[0.00016363992472179234, 9.896661504171789e-05]"
evc,chunk_70_74,72,3,5,had,"[""dct"", ""had""]","[-9.592079162597656, -9.249942779541016]","[7.930475112516433e-05, 6.660763756372035e-05]"
evc,chunk_70_74,72,3,6,had,"[""dct"", ""had""]","[-9.853510856628418, -9.367653846740723]","[0.00010837909212568775, 6.958498124731705e-05]"
evc,chunk_70_74,72,3,7,had,"[""dct"", ""had""]","[-9.862953186035156, -9.486446380615234]","[0.00010741077858256176, 9.340413089375943e-05]"
evc,chunk_70_74,72,3,8,dct,"[""dct"", ""had""]","[-9.438179016113281, -10.036972999572754]","[0.00011469024320831522, 0.0001381623005727306]"
evc,chunk_70_74,72,4,1,huber,"[""tv2"", ""huber""]","[-9.9072904586792, -9.610549926757812]","[0.0007052029832266271, 0.0003678266948554665]"
evc,chunk_70_74,72,4,2,huber,"[""tv2"", ""huber""]","[-9.373513221740723, -9.190657615661621]","[0.0006694315816275775, 0.0004605732101481408]"
evc,chunk_70_74,72,4,3,huber,"[""tv2"", ""huber""]","[-9.495931625366211, -9.247443199157715]","[0.0006908741779625416, 0.0002887305454351008]"
evc,chunk_70_74,72,4,4,tv2,"[""tv2"", ""huber""]","[-9.460477828979492, -9.507615089416504]","[0.0006478829309344292, 0.0006145577062852681]"
evc,chunk_70_74,72,4,5,tv2,"[""tv2"", ""huber""]","[-9.238322257995605, -9.410079956054688]","[0.0005316103924997151, 0.0003076590073760599]"
evc,chunk_70_74,72,4,6,tv2,"[""tv2"", ""huber""]","[-9.368829727172852, -9.646321296691895]","[0.0006998591125011444, 0.0003691460588015616]"
evc,chunk_70_74,72,4,7,tv2,"[""tv2"", ""huber""]","[-9.125706672668457, -9.47858715057373]","[0.0004946845001541078, 0.000276890117675066]"
evc,chunk_70_74,72,4,8,tv2,"[""tv2"", ""huber""]","[-9.555136680603027, -9.742615699768066]","[0.0007291067158803344, 0.0002900742110796273]"
evc,chunk_70_74,72,5,1,dct,"[""dct"", ""tv2""]","[-9.685786247253418, -9.863032341003418]","[0.00012094284466002136, 0.0006391511997207999]"
evc,chunk_70_74,72,5,2,dct,"[""dct"", ""tv2""]","[-9.147692680358887, -9.520127296447754]","[0.00013541341468226165, 0.0006841124268248677]"
evc,chunk_70_74,72,5,3,dct,"[""dct"", ""tv2""]","[-9.226085662841797, -9.783303260803223]","[8.655322017148137e-05, 0.0006858627893961966]"
evc,chunk_70_74,72,5,4,dct,"[""dct"", ""tv2""]","[-9.519265174865723, -9.765406608581543]","[0.00022160854132380337, 0.0008024377748370171]"
evc,chunk_70_74,72,5,5,dct,"[""dct"", ""tv2""]","[-9.135584831237793, -9.774006843566895]","[7.7008742664475e-05, 0.0007495912141166627]"
evc,chunk_70_74,72,5,6,dct,"[""dct"", ""tv2""]","[-9.002402305603027, -9.878071784973145]","[6.889063661219552e-05, 0.0007652707863599062]"
evc,chunk_70_74,72,5,7,dct,"[""dct"", ""tv2""]","[-9.195423126220703, -9.984187126159668]","[7.729233766440302e-05, 0.0006893424433656037]"
evc,chunk_70_74,72,5,8,dct,"[""dct"", ""tv2""]","[-9.215505599975586, -10.021574974060059]","[0.00011337808973621577, 0.0007780325249768794]"
evc,chunk_70_74,73,0,1,phys,"[""phys"", ""robust""]","[-11.98422908782959, -12.088862419128418]","[8.1444981333334e-05, 0.002767360769212246]"
evc,chunk_70_74,73,0,2,phys,"[""phys"", ""robust""]","[-11.555272102355957, -11.989001274108887]","[0.00010217315866611898, 0.0019797752611339092]"
evc,chunk_70_74,73,0,3,phys,"[""phys"", ""robust""]","[-11.526469230651855, -12.986422538757324]","[6.507662328658625e-05, 0.008388591930270195]"
evc,chunk_70_74,73,0,4,phys,"[""phys"", ""robust""]","[-11.158864974975586, -12.433587074279785]","[4.970696318196133e-05, 0.010707001201808453]"
evc,chunk_70_74,73,0,5,robust,"[""phys"", ""robust""]","[-11.730411529541016, -11.695796012878418]","[0.00012070863886037841, 0.0006205026875250041]"
evc,chunk_70_74,73,0,6,robust,"[""phys"", ""robust""]","[-11.692442893981934, -11.043741226196289]","[6.66594787617214e-05, 0.0023363162763416767]"
evc,chunk_70_74,73,0,7,robust,"[""phys"", ""robust""]","[-13.1641263961792, -11.574244499206543]","[0.00015943731705192477, 0.007097266148775816]"
evc,chunk_70_74,73,0,8,robust,"[""phys"", ""robust""]","[-14.358752250671387, -11.69739055633545]","[0.00033324651303701103, 0.013683196157217026]"
evc,chunk_70_74,73,1,1,prox_tv,"[""conv"", ""prox_tv""]","[-12.19728946685791, -11.55665111541748]","[0.00012937364226672798, 5.786054680356756e-05]"
evc,chunk_70_74,73,1,2,conv,"[""conv"", ""prox_tv""]","[-12.117086410522461, -12.360323905944824]","[8.158344280673191e-05, 0.00013596346252597868]"
evc,chunk_70_74,73,1,3,conv,"[""conv"", ""prox_tv""]","[-11.730086326599121, -12.686124801635742]","[6.947392830625176e-05, 0.00011802064545918256]"
evc,chunk_70_74,73,1,4,conv,"[""conv"", ""prox_tv""]","[-11.21260929107666, -11.586810111999512]","[7.336848648265004e-05, 8.262485062004998e-05]"
evc,chunk_70_74,73,1,5,prox_tv,"[""conv"", ""prox_tv""]","[-11.590563774108887, -10.690725326538086]","[0.0001166375441243872, 4.5314063754631206e-05]"
evc,chunk_70_74,73,1,6,prox_tv,"[""conv"", ""prox_tv""]","[-12.197331428527832, -11.000473022460938]","[0.0002542011789046228, 4.720587094197981e-05]"
evc,chunk_70_74,73,1,7,conv,"[""conv"", ""prox_tv""]","[-10.933942794799805, -12.7770357131958]","[4.647047535399906e-05, 0.00017489200399722904]"
evc,chunk_70_74,73,1,8,prox_tv,"[""conv"", ""prox_tv""]","[-16.637792587280273, -11.792360305786133]","[0.0015647917753085494, 0.00011914772767340764]"
evc,chunk_70_74,73,2,1,conv_lowtv,"[""conv_lowtv"", ""wavelet"", ""inr""]","[-11.71960735321045, -12.700867652893066, -15.81972599029541]","[7.523989188484848e-05, 0.00013200762623455375, 0.17029987275600433]"
evc,chunk_70_74,73,2,2,conv_lowtv,"[""conv_lowtv"", ""wavelet"", ""inr""]","[-11.836983680725098, -12.500792503356934, -14.879652976989746]","[6.256610504351556e-05, 0.0001354598207399249, 0.09049917757511139]"
evc,chunk_70_74,73,2,3,conv_lowtv,"[""conv_lowtv"", ""wavelet"", ""inr""]","[-12.828841209411621, -13.983073234558105, -16.274660110473633]","[0.00015620065096300095, 0.00032294043921865523, 0.14120188355445862]"
evc,chunk_70_74,73,2,4,wavelet,"[""conv_lowtv"", ""wavelet"", ""inr""]","[-13.114754676818848, -12.133723258972168, -16.215486526489258]","[0.0002059558464679867, 0.0001398864114889875, 0.16047948598861694]"
evc,chunk_70_74,73,2,5,wavelet,"[""conv_lowtv"", ""wavelet"", ""inr""]","[-14.229506492614746, -11.706425666809082, -18.533248901367188]","[0.0004887859104201198, 0.0002012918412219733, 0.2186918556690216]"
evc,chunk_70_74,73,2,6,wavelet,"[""conv_lowtv"", ""wavelet"", ""inr""]","[-12.898734092712402, -11.34067440032959, -18.388965606689453]","[0.0018341107061132789, 0.00012194668670417741, 0.18063530325889587]"
evc,chunk_70_74,73,2,7,wavelet,"[""conv_lowtv"", ""wavelet"", ""inr""]","[-12.316372871398926, -11.368736267089844, -18.359500885009766]","[0.00015345698921009898, 0.0001438913168385625, 0.16208535432815552]"
evc,chunk_70_74,73,2,8,wavelet,"[""conv_lowtv"", ""wavelet"", ""inr""]","[-12.963881492614746, -12.066570281982422, -17.769968032836914]","[0.00022339023416861892, 0.00010502425720915198, 0.1762322038412094]"
evc,chunk_70_74,73,3,1,had,"[""dct"", ""had""]","[-12.711650848388672, -12.068669319152832]","[8.103457366814837e-05, 6.204150849953294e-05]"
evc,chunk_70_74,73,3,2,had,"[""dct"", ""had""]","[-12.774968147277832, -12.141270637512207]","[0.0001280025317100808, 0.0001225725864060223]"
evc,chunk_70_74,73,3,3,dct,"[""dct"", ""had""]","[-10.894038200378418, -11.511123657226562]","[6.168067920953035e-05, 8.409783913521096e-05]"
evc,chunk_70_74,73,3,4,dct,"[""dct"", ""had""]","[-11.367807388305664, -11.619671821594238]","[9.883438906399533e-05, 6.840914284111932e-05]"
evc,chunk_70_74,73,3,5,dct,"[""dct"", ""had""]","[-11.553278923034668, -11.724343299865723]","[7.797058060532436e-05, 0.00012805093138013035]"
evc,chunk_70_74,73,3,6,had,"[""dct"", ""had""]","[-11.151310920715332, -11.086934089660645]","[5.409368532127701e-05, 7.68063691793941e-05]"
evc,chunk_75_79,75,0,1,phys,"[""phys"", ""robust""]","[-12.691885948181152, -13.02077579498291]","[0.00047621229896321893, 0.0027358043007552624]"
evc,chunk_75_79,75,0,2,phys,"[""phys"", ""robust""]","[-12.052844047546387, -12.453837394714355]","[0.0003986441297456622, 0.0028960425406694412]"
evc,chunk_75_79,75,0,3,phys,"[""phys"", ""robust""]","[-12.237593650817871, -12.516169548034668]","[0.00040338802500627935, 0.007470083422958851]"
evc,chunk_75_79,75,0,4,phys,"[""phys"", ""robust""]","[-12.909174919128418, -12.982697486877441]","[0.0009425115422345698, 0.010521361604332924]"
evc,chunk_75_79,75,0,5,phys,"[""phys"", ""robust""]","[-12.576800346374512, -12.953359603881836]","[0.00030638015596196055, 0.0032889791764318943]"
evc,chunk_75_79,75,0,6,robust,"[""phys"", ""robust""]","[-13.31747055053711, -12.855710983276367]","[0.0004074656462762505, 0.0010413761483505368]"
evc,chunk_75_79,75,0,7,phys,"[""phys"", ""robust""]","[-13.46519947052002, -13.838704109191895]","[0.00045259439502842724, 0.01297339703887701]"
evc,chunk_75_79,75,0,8,phys,"[""phys"", ""robust""]","[-13.555021286010742, -13.900444984436035]","[0.0004955018521286547, 0.012244898825883865]"
evc,chunk_75_79,75,1,1,conv,"[""conv"", ""prox_tv""]","[-12.121987342834473, -12.599504470825195]","[0.00039981945883482695, 0.0006025822949595749]"
evc,chunk_75_79,75,1,2,prox_tv,"[""conv"", ""prox_tv""]","[-13.5066499710083, -12.603535652160645]","[0.0008774641901254654, 0.0007841070182621479]"
evc,chunk_75_79,75,1,3,conv,"[""conv"", ""prox_tv""]","[-12.71013355255127, -13.199549674987793]","[0.00045526979374699295, 0.0005420009256340563]"
evc,chunk_75_79,75,1,4,prox_tv,"[""conv"", ""prox_tv""]","[-13.99865436553955, -13.51941204071045]","[0.0006175132002681494, 0.0004138510557822883]"
evc,chunk_75_79,75,1,5,prox_tv,"[""conv"", ""prox_tv""]","[-14.16489315032959, -13.71651554107666]","[0.0005366247496567667, 0.00043332911445759237]"
evc,chunk_75_79,75,1,6,prox_tv,"[""conv"", ""prox_tv""]","[-15.071020126342773, -15.033038139343262]","[0.0004708296328317374, 0.0007085793185979128]"
evc,chunk_75_79,75,1,7,prox_tv,"[""conv"", ""prox_tv""]","[-14.818724632263184, -14.20289421081543]","[0.0008736176532693207, 0.00047876962344162166]"
evc,chunk_75_79,75,1,8,prox_tv,"[""conv"", ""prox_tv""]","[-15.204082489013672, -14.461631774902344]","[0.001346375560387969, 0.0003933891421183944]"
evc,chunk_75_79,75,2,1,conv_lowtv,"[""conv_lowtv"", ""wavelet"", ""inr""]","[-11.606884956359863, -13.10703182220459, -15.081316947937012]","[0.00039963991730473936, 0.0016479508485645056, 0.6743850708007812]"
evc,chunk_75_79,75,2,2,conv_lowtv,"[""conv_lowtv"", ""wavelet"", ""inr""]","[-13.033734321594238, -14.706109046936035, -17.455583572387695]","[0.000373153859982267, 0.0012599097099155188, 0.6511270403862]"
evc,chunk_75_79,75,2,3,conv_lowtv,"[""conv_lowtv"", ""wavelet"", ""inr""]","[-13.184377670288086, -14.730916023254395, -17.417692184448242]","[0.00042008678428828716, 0.0012127476511523128, 0.5817101001739502]"
evc,chunk_75_79,75,2,4,conv_lowtv,"[""conv_lowtv"", ""wavelet"", ""inr""]","[-14.007060050964355, -14.799429893493652, -17.852760314941406]","[0.000514249608386308, 0.0013631581095978618, 0.6980392336845398]"
evc,chunk_75_79,75,2,5,conv_lowtv,"[""conv_lowtv"", ""wavelet"", ""inr""]","[-13.431772232055664, -14.860201835632324, -17.7211856842041]","[0.00033051084028556943, 0.001460633589886129, 0.5702256560325623]"
evc,chunk_75_79,75,2,6,conv_lowtv,"[""conv_lowtv"", ""wavelet"", ""inr""]","[-14.065035820007324, -15.097782135009766, -18.607654571533203]","[0.00033225485822185874, 0.0018658398184925318, 0.738785445690155]"
evc,chunk_75_79,75,2,7,conv_lowtv,"[""conv_lowtv"", ""wavelet"", ""inr""]","[-14.283685684204102, -15.168469429016113, -18.821247100830078]","[0.000552517652977258, 0.0016095290193334222, 0.7030619978904724]"
evc,chunk_75_79,75,2,8,conv_lowtv,"[""conv_lowtv"", ""wavelet"", ""inr""]","[-13.966670989990234, -15.327345848083496, -18.513734817504883]","[0.000368075241567567, 0.0018855335656553507, 0.5669665932655334]"
evc,chunk_75_79,75,3,1,dct,"[""dct"", ""had""]","[-12.311189651489258, -12.711540222167969]","[0.00045991555089131, 0.0007027728133834898]"
evc,chunk_75_79,75,3,2,had,"[""dct"", ""had""]","[-13.196125030517578, -12.583152770996094]","[0.0005813287571072578, 0.00026471953606233]"
evc,chunk_75_79,75,3,3,had,"[""dct"", ""had""]","[-16.75489044189453, -16.18500328063965]","[0.0020712530240416527, 0.000995356123894453]"
evc,chunk_75_79,75,3,4,had,"[""dct"", ""had""]","[-17.662857055664062, -15.899943351745605]","[0.0011852546595036983, 0.00038323536864481866]"
evc,chunk_75_79,75,3,5,had,"[""dct"", ""had""]","[-19.622974395751953, -17.899757385253906]","[0.015548484399914742, 0.001498035853728652]"
evc,chunk_75_79,75,3,6,dct,"[""dct"", ""had""]","[-19.552989959716797, -19.71406364440918]","[0.003836868330836296, 0.0025996235199272633]"
evc,chunk_75_79,75,3,7,dct,"[""dct"", ""had""]","[-16.713401794433594, -17.716106414794922]","[0.00047263651504181325, 0.0009727451833896339]"
evc,chunk_75_79,75,3,8,dct,"[""dct"", ""had""]","[-16.940046310424805, -18.019428253173828]","[0.0008682571933604777, 0.0017108869506046176]"
evc,chunk_75_79,75,4,1,huber,"[""tv2"", ""huber""]","[-12.789860725402832, -12.316475868225098]","[0.0016409903764724731, 0.0011019553057849407]"
evc,chunk_75_79,75,4,2,tv2,"[""tv2"", ""huber""]","[-16.685136795043945, -17.404037475585938]","[0.0024628008250147104, 0.0024564750492572784]"
evc,chunk_75_79,75,4,3,huber,"[""tv2"", ""huber""]","[-16.676485061645508, -16.53507423400879]","[0.0026035350747406483, 0.0011138322297483683]"
evc,chunk_75_79,75,4,4,huber,"[""tv2"", ""huber""]","[-17.425994873046875, -16.668222427368164]","[0.0044944374822080135, 0.0015381256816908717]"
evc,chunk_75_79,75,4,5,huber,"[""tv2"", ""huber""]","[-16.46898078918457, -16.260974884033203]","[0.003296630224213004, 0.0016469686524942517]"
evc,chunk_75_79,75,4,6,huber,"[""tv2"", ""huber""]","[-17.18457794189453, -16.809669494628906]","[0.002886979840695858, 0.0017421441152691841]"
evc,chunk_75_79,75,4,7,tv2,"[""tv2"", ""huber""]","[-16.068588256835938, -16.0737361907959]","[0.002666347660124302, 0.001319716451689601]"
evc,chunk_75_79,75,4,8,tv2,"[""tv2"", ""huber""]","[-16.220972061157227, -16.69101905822754]","[0.002267444273456931, 0.0012547533260658383]"
evc,chunk_75_79,75,5,1,dct,"[""dct"", ""tv2""]","[-12.358656883239746, -12.895919799804688]","[0.0004889903357252479, 0.001985978800803423]"
evc,chunk_75_79,75,5,2,tv2,"[""dct"", ""tv2""]","[-13.217806816101074, -12.956475257873535]","[0.0008619416039437056, 0.00136088696308434]"
evc,chunk_75_79,75,5,3,dct,"[""dct"", ""tv2""]","[-17.660564422607422, -19.794116973876953]","[0.00068815634585917, 0.05605930835008621]"
evc,chunk_75_79,75,5,4,dct,"[""dct"", ""tv2""]","[-17.27159881591797, -17.546405792236328]","[0.000544210895895958, 0.0030479631386697292]"
evc,chunk_75_79,75,5,5,tv2,"[""dct"", ""tv2""]","[-17.5991268157959, -17.26795196533203]","[0.0009023290476761758, 0.0024605339858680964]"
evc,chunk_75_79,75,5,6,tv2,"[""dct"", ""tv2""]","[-18.703344345092773, -16.334346771240234]","[0.004341034684330225, 0.0017106527229771018]"
evc,chunk_75_79,75,5,7,tv2,"[""dct"", ""tv2""]","[-18.470104217529297, -17.162776947021484]","[0.0013332752278074622, 0.002105971798300743]"
evc,chunk_75_79,75,5,8,dct,"[""dct"", ""tv2""]","[-16.884523391723633, -17.260095596313477]","[0.0009730203892104328, 0.003734035650268197]"
evc,chunk_75_79,76,0,1,phys,"[""phys"", ""robust""]","[-12.96613597869873, -13.441886901855469]","[0.0005560932331718504, 0.005995204672217369]"
evc,chunk_75_79,76,0,2,phys,"[""phys"", ""robust""]","[-12.697632789611816, -13.303060531616211]","[0.001605139346793294, 0.01281790342181921]"
evc,chunk_75_79,76,0,3,phys,"[""phys"", ""robust""]","[-12.652800559997559, -13.345324516296387]","[0.0017207551281899214, 0.010628152638673782]"
evc,chunk_75_79,76,0,4,phys,"[""phys"", ""robust""]","[-12.541839599609375, -13.536953926086426]","[0.0028079026378691196, 0.017346296459436417]"
evc,chunk_75_79,76,0,5,phys,"[""phys"", ""robust""]","[-12.699877738952637, -12.844649314880371]","[0.002519215689972043, 0.007289958652108908]"
evc,chunk_75_79,76,0,6,phys,"[""phys"", ""robust""]","[-12.501812934875488, -12.643588066101074]","[0.002774147316813469, 0.0053595989011228085]"
evc,chunk_75_79,76,0,7,phys,"[""phys"", ""robust""]","[-12.754568099975586, -13.276466369628906]","[0.0018823407590389252, 0.010628423653542995]"
evc,chunk_75_79,76,0,8,phys,"[""phys"", ""robust""]","[-12.749029159545898, -13.311543464660645]","[0.0033337390050292015, 0.010523124597966671]"
evc,chunk_75_79,76,1,1,conv,"[""conv"", ""prox_tv""]","[-12.782124519348145, -12.910518646240234]","[0.0002695345610845834, 0.0002653758565429598]"
evc,chunk_75_79,76,1,2,conv,"[""conv"", ""prox_tv""]","[-12.149136543273926, -12.76326847076416]","[0.0014669246738776565, 0.00152649509254843]"
evc,chunk_75_79,76,1,3,conv,"[""conv"", ""prox_tv""]","[-12.607239723205566, -12.9629487991333]","[0.0027325560804456472, 0.002891744952648878]"
evc,chunk_75_79,76,1,4,prox_tv,"[""conv"", ""prox_tv""]","[-13.849452018737793, -13.570432662963867]","[0.004447484854608774, 0.004273834638297558]"
evc,chunk_75_79,76,1,5,conv,"[""conv"", ""prox_tv""]","[-13.064827919006348, -15.53148365020752]","[0.002805521711707115, 0.025393836200237274]"
evc,chunk_75_79,76,1,6,prox_tv,"[""conv"", ""prox_tv""]","[-13.060185432434082, -12.938397407531738]","[0.001810546382330358, 0.00167508062440902]"
evc,chunk_75_79,76,1,7,prox_tv,"[""conv"", ""prox_tv""]","[-13.386422157287598, -13.161911964416504]","[0.0014646430499851704, 0.0026607417967170477]"
evc,chunk_75_79,76,1,8,prox_tv,"[""conv"", ""prox_tv""]","[-15.167581558227539, -12.936139106750488]","[0.031163761392235756, 0.005290456116199493]"
evc,chunk_75_79,76,2,1,conv_lowtv,"[""conv_lowtv"", ""wavelet"", ""inr""]","[-13.598361015319824, -14.621399879455566, -18.976791381835938]","[0.00037750499905087054, 0.0008899029926396906, 0.3111593723297119]"
evc,chunk_75_79,76,2,2,conv_lowtv,"[""conv_lowtv"", ""wavelet"", ""inr""]","[-13.298630714416504, -14.478903770446777, -20.415908813476562]","[0.0008121523424051702, 0.0014245345955714583, 0.33450061082839966]"
evc,chunk_75_79,76,2,3,conv_lowtv,"[""conv_lowtv"", ""wavelet"", ""inr""]","[-13.586441040039062, -14.131667137145996, -21.44300079345703]","[0.004506457131356001, 0.004215213470160961, 0.33004671335220337]"
evc,chunk_75_79,76,2,4,conv_lowtv,"[""conv_lowtv"", ""wavelet"", ""inr""]","[-13.750065803527832, -13.968815803527832, -21.201557159423828]","[0.0016198583180084825, 0.0034766478929668665, 0.31799978017807007]"
evc,chunk_75_79,76,2,5,conv_lowtv,"[""conv_lowtv"", ""wavelet"", ""inr""]","[-13.755066871643066, -14.46311092376709, -21.122127532958984]","[0.00044777547009289265, 0.00206935522146523, 0.2933250069618225]"
evc,chunk_75_79,76,2,6,conv_lowtv,"[""conv_lowtv"", ""wavelet"", ""inr""]","[-13.644750595092773, -14.276284217834473, -21.567481994628906]","[0.0021667638793587685, 0.0012666151160374284, 0.2999608516693115]"
evc,chunk_75_79,76,2,7,conv_lowtv,"[""conv_lowtv"", ""wavelet"", ""inr""]","[-13.807246208190918, -14.653244972229004, -21.91058349609375]","[0.0015691857552155852, 0.0023451950401067734, 0.32363295555114746]"
evc,chunk_75_79,76,2,8,conv_lowtv,"[""conv_lowtv"", ""wavelet"", ""inr""]","[-13.505635261535645, -14.569649696350098, -22.28756332397461]","[0.0010035978630185127, 0.004778737667948008, 0.3142376244068146]"
evc,chunk_75_79,76,3,1,had,"[""dct"", ""had""]","[-13.788952827453613, -13.46191120147705]","[0.001199017628096044, 0.0009498399449512362]"
evc,chunk_75_79,76,3,2,dct,"[""dct"", ""had""]","[-12.545699119567871, -12.69580364227295]","[0.002544474322348833, 0.001740970998071134]"
evc,chunk_75_79,76,3,3,dct,"[""dct"", ""had""]","[-12.97154426574707, -13.667764663696289]","[0.002243724884465337, 0.002553118858486414]"
evc,chunk_75_79,76,3,4,dct,"[""dct"", ""had""]","[-14.308784484863281, -15.049389839172363]","[0.005190494004637003, 0.016516951844096184]"
evc,chunk_75_79,76,3,5,had,"[""dct"", ""had""]","[-14.33736801147461, -12.929817199707031]","[0.007026186212897301, 0.003895217552781105]"
evc,chunk_75_79,76,3,6,dct,"[""dct"", ""had""]","[-14.558974266052246, -14.607259750366211]","[0.00430891290307045, 0.00823634397238493]"
evc,chunk_75_79,76,3,7,dct,"[""dct"", ""had""]","[-13.115687370300293, -15.228495597839355]","[0.003919623792171478, 0.01139927189797163]"
evc,chunk_75_79,76,3,8,dct,"[""dct"", ""had""]","[-12.665818214416504, -14.044232368469238]","[0.00290047749876976, 0.005616859532892704]"
evc,chunk_75_79,76,4,1,tv2,"[""tv2"", ""huber""]","[-13.426825523376465, -13.487935066223145]","[0.0011749230325222015, 0.0008331228164024651]"
evc,chunk_75_79,76,4,2,tv2,"[""tv2"", ""huber""]","[-14.295465469360352, -15.48624324798584]","[0.0044931890442967415, 0.004307185765355825]"
evc,chunk_75_79,76,4,3,huber,"[""tv2"", ""huber""]","[-15.110559463500977, -14.347264289855957]","[0.007814573124051094, 0.007604243699461222]"
evc,chunk_75_79,76,4,4,huber,"[""tv2"", ""huber""]","[-15.176741600036621, -13.427361488342285]","[0.014709259383380413, 0.004189572297036648]"
evc,chunk_75_79,76,4,5,huber,"[""tv2"", ""huber""]","[-15.169333457946777, -13.038433074951172]","[0.014193023554980755, 0.004329167306423187]"
evc,chunk_75_79,76,4,6,huber,"[""tv2"", ""huber""]","[-14.539163589477539, -13.296687126159668]","[0.015062576159834862, 0.004198029637336731]"
evc,chunk_75_79,76,4,7,huber,"[""tv2"", ""huber""]","[-13.465191841125488, -13.330560684204102]","[0.0051366230472922325, 0.004611804150044918]"
evc,chunk_75_79,76,4,8,tv2,"[""tv2"", ""huber""]","[-13.352577209472656, -14.628342628479004]","[0.004965726751834154, 0.005241946782916784]"
evc,chunk_75_79,76,5,1,tv2,"[""dct"", ""tv2""]","[-12.98132038116455, -12.094220161437988]","[0.0008837550994940102, 0.0015432483050972223]"
evc,chunk_75_79,76,5,2,tv2,"[""dct"", ""tv2""]","[-14.818499565124512, -12.64240837097168]","[0.006941420957446098, 0.0035365817602723837]"
evc,chunk_75_79,76,5,3,tv2,"[""dct"", ""tv2""]","[-14.010199546813965, -13.059054374694824]","[0.006591191049665213, 0.0061101787723600864]"
evc,chunk_75_79,76,5,4,dct,"[""dct"", ""tv2""]","[-13.181796073913574, -13.540757179260254]","[0.003688282798975706, 0.004460127558559179]"
evc,chunk_75_79,76,5,5,dct,"[""dct"", ""tv2""]","[-12.348876953125, -12.385590553283691]","[0.0028901342302560806, 0.0034033653791993856]"
evc,chunk_75_79,76,5,6,tv2,"[""dct"", ""tv2""]","[-14.933297157287598, -12.581009864807129]","[0.008911913260817528, 0.005528199020773172]"
evc,chunk_75_79,76,5,7,tv2,"[""dct"", ""tv2""]","[-14.603632926940918, -13.032262802124023]","[0.005997660104185343, 0.004375512711703777]"
evc,chunk_75_79,76,5,8,dct,"[""dct"", ""tv2""]","[-13.614575386047363, -14.207938194274902]","[0.0028916457667946815, 0.00525722885504365]"
evc,chunk_75_79,77,0,1,robust,"[""phys"", ""robust""]","[-12.542830467224121, -12.045271873474121]","[0.0013230490731075406, 0.00303006824105978]"
evc,chunk_75_79,77,0,2,phys,"[""phys"", ""robust""]","[-12.987723350524902, -13.671826362609863]","[0.0011493354104459286, 0.026866929605603218]"
evc,chunk_75_79,77,0,3,robust,"[""phys"", ""robust""]","[-12.115407943725586, -12.085515022277832]","[0.00030942485318519175, 0.008038191124796867]"
evc,chunk_75_79,77,0,4,phys,"[""phys"", ""robust""]","[-12.238333702087402, -12.47358512878418]","[0.0006273625767789781, 0.017373275011777878]"
evc,chunk_75_79,77,0,5,robust,"[""phys"", ""robust""]","[-13.584517478942871, -13.344477653503418]","[0.001032943488098681, 0.01984136737883091]"
evc,chunk_75_79,77,0,6,robust,"[""phys"", ""robust""]","[-15.582108497619629, -13.483187675476074]","[0.0022945068776607513, 0.00790009181946516]"
evc,chunk_75_79,77,0,7,robust,"[""phys"", ""robust""]","[-13.798504829406738, -13.32285213470459]","[0.0012632585130631924, 0.013145850971341133]"
evc,chunk_75_79,77,0,8,phys,"[""phys"", ""robust""]","[-13.641192436218262, -14.147123336791992]","[0.0006825484451837838, 0.08304956555366516]"
evc,chunk_75_79,77,1,1,prox_tv,"[""conv"", ""prox_tv""]","[-13.928604125976562, -12.79538631439209]","[0.0012439860729500651, 0.0004986660205759108]"
evc,chunk_75_79,77,1,2,conv,"[""conv"", ""prox_tv""]","[-12.476122856140137, -12.933635711669922]","[0.0007881220662966371, 0.0009380180854350328]"
evc,chunk_75_79,77,1,3,prox_tv,"[""conv"", ""prox_tv""]","[-13.116072654724121, -12.963044166564941]","[0.0008157769334502518, 0.0008105228771455586]"
evc,chunk_75_79,77,1,4,prox_tv,"[""conv"", ""prox_tv""]","[-14.989449501037598, -13.094759941101074]","[0.0013748379424214363, 0.00043655626359395683]"
evc,chunk_75_79,77,1,5,conv,"[""conv"", ""prox_tv""]","[-12.322759628295898, -13.109381675720215]","[0.00046714648487977684, 0.0005687449593096972]"
evc,chunk_75_79,77,1,6,prox_tv,"[""conv"", ""prox_tv""]","[-14.531327247619629, -12.784866333007812]","[0.0023447037674486637, 0.0005005041602998972]"
evc,chunk_75_79,77,1,7,conv,"[""conv"", ""prox_tv""]","[-13.746296882629395, -15.935229301452637]","[0.0007794098928570747, 0.0014748970279470086]"
evc,chunk_75_79,77,1,8,prox_tv,"[""conv"", ""prox_tv""]","[-12.893231391906738, -12.460219383239746]","[0.0006756826187483966, 0.00031054363353177905]"
evc,chunk_75_79,77,2,1,conv_lowtv,"[""conv_lowtv"", ""wavelet"", ""inr""]","[-13.333281517028809, -13.425444602966309, -17.761863708496094]","[0.0009474819526076317, 0.0011752087157219648, 1.1993523836135864]"
evc,chunk_75_79,77,2,2,conv_lowtv,"[""conv_lowtv"", ""wavelet"", ""inr""]","[-13.505424499511719, -14.111811637878418, -19.02829933166504]","[0.0009188377880491316, 0.0013968194834887981, 1.4598791599273682]"
evc,chunk_75_79,77,2,3,conv_lowtv,"[""conv_lowtv"", ""wavelet"", ""inr""]","[-12.908004760742188, -13.68071460723877, -18.68581771850586]","[0.00032567657763138413, 0.000815551436971873, 1.176026463508606]"
evc,chunk_75_79,77,2,4,wavelet,"[""conv_lowtv"", ""wavelet"", ""inr""]","[-14.093873023986816, -14.039102554321289, -19.719039916992188]","[0.0011266765650361776, 0.0012521403841674328, 1.4667176008224487]"
evc,chunk_75_79,77,2,5,conv_lowtv,"[""conv_lowtv"", ""wavelet"", ""inr""]","[-16.417129516601562, -17.729251861572266, -23.363933563232422]","[0.0014989332994446158, 0.001986294286325574, 1.4440295696258545]"
evc,chunk_75_79,77,2,6,wavelet,"[""conv_lowtv"", ""wavelet"", ""inr""]","[-15.225164413452148, -14.354992866516113, -20.52248764038086]","[0.0018612835556268692, 0.0009442121954634786, 1.4516113996505737]"
evc,chunk_75_79,77,2,7,conv_lowtv,"[""conv_lowtv"", ""wavelet"", ""inr""]","[-15.061775207519531, -15.367142677307129, -22.383136749267578]","[0.0007294025854207575, 0.001116929342970252, 1.4789385795593262]"
evc,chunk_75_79,77,2,8,conv_lowtv,"[""conv_lowtv"", ""wavelet"", ""inr""]","[-14.81161117553711, -15.026320457458496, -22.216371536254883]","[0.0006653965101577342, 0.000766322948038578, 1.4780819416046143]"
evc,chunk_75_79,77,3,1,dct,"[""dct"", ""had""]","[-12.132740020751953, -12.844853401184082]","[0.0005591273074969649, 0.0007106891716830432]"
evc,chunk_75_79,77,3,2,had,"[""dct"", ""had""]","[-12.40845012664795, -12.384389877319336]","[0.00259993108920753, 0.0007727798074483871]"
evc,chunk_75_79,77,3,3,dct,"[""dct"", ""had""]","[-12.68134593963623, -13.19393253326416]","[0.00045266878441907465, 0.0009434752282686532]"
evc,chunk_75_79,77,3,4,dct,"[""dct"", ""had""]","[-13.153315544128418, -14.198586463928223]","[0.00042739580385386944, 0.0010217749513685703]"
evc,chunk_75_79,77,3,5,had,"[""dct"", ""had""]","[-13.718433380126953, -13.357028007507324]","[0.0010965376859530807, 0.0006148507818579674]"
evc,chunk_75_79,77,3,6,dct,"[""dct"", ""had""]","[-13.233738899230957, -13.746156692504883]","[0.0007962236413732171, 0.0012137606972828507]"
evc,chunk_75_79,77,3,7,dct,"[""dct"", ""had""]","[-13.283598899841309, -13.849590301513672]","[0.0005646360805258155, 0.0009908423526212573]"
evc,chunk_75_79,77,3,8,dct,"[""dct"", ""had""]","[-13.317947387695312, -13.80507755279541]","[0.00038875945028848946, 0.0005532656796276569]"
evc,chunk_75_79,77,4,1,huber,"[""tv2"", ""huber""]","[-12.003512382507324, -11.905933380126953]","[0.001490026363171637, 0.00045858375960960984]"
evc,chunk_75_79,77,4,2,huber,"[""tv2"", ""huber""]","[-14.503686904907227, -13.417597770690918]","[0.0020160723943263292, 0.0006640033680014312]"
evc,chunk_75_79,77,4,3,tv2,"[""tv2"", ""huber""]","[-12.979288101196289, -14.59168529510498]","[0.0010658750543370843, 0.0012340208049863577]"
evc,chunk_75_79,77,4,4,huber,"[""tv2"", ""huber""]","[-15.615559577941895, -15.333362579345703]","[0.002409266075119376, 0.0013748640194535255]"
evc,chunk_75_79,77,4,5,tv2,"[""tv2"", ""huber""]","[-15.570943832397461, -16.514726638793945]","[0.0034103139769285917, 0.002939679194241762]"
evc,chunk_75_79,77,4,6,tv2,"[""tv2"", ""huber""]","[-13.078107833862305, -13.357548713684082]","[0.0008812492596916854, 0.0007124663097783923]"
evc,chunk_75_79,77,4,7,tv2,"[""tv2"", ""huber""]","[-13.972397804260254, -14.210738182067871]","[0.0009741612593643367, 0.0008882161346264184]"
evc,chunk_75_79,77,4,8,huber,"[""tv2"", ""huber""]","[-14.729031562805176, -14.170317649841309]","[0.00144214928150177, 0.0006862087175250053]"
evc,chunk_75_79,77,5,1,tv2,"[""dct"", ""tv2""]","[-12.420714378356934, -11.966314315795898]","[0.0009819542756304145, 0.0010242441203445196]"
evc,chunk_75_79,77,5,2,tv2,"[""dct"", ""tv2""]","[-16.211469650268555, -14.881484031677246]","[0.002982738893479109, 0.004825879354029894]"
evc,chunk_75_79,77,5,3,tv2,"[""dct"", ""tv2""]","[-18.19713592529297, -14.422396659851074]","[0.002198639791458845, 0.0008757286705076694]"
evc,chunk_75_79,77,5,4,dct,"[""dct"", ""tv2""]","[-15.963862419128418, -16.529647827148438]","[0.0016283959848806262, 0.0034406217746436596]"
evc,chunk_75_79,77,5,5,dct,"[""dct"", ""tv2""]","[-13.912981986999512, -14.925145149230957]","[0.000880260718986392, 0.00183833425398916]"
evc,chunk_75_79,77,5,6,dct,"[""dct"", ""tv2""]","[-12.171788215637207, -12.526446342468262]","[0.00041845935629680753, 0.0012856228277087212]"
evc,chunk_75_79,77,5,7,tv2,"[""dct"", ""tv2""]","[-15.901503562927246, -13.453838348388672]","[0.0021045696921646595, 0.0015004995511844754]"
evc,chunk_75_79,77,5,8,tv2,"[""dct"", ""tv2""]","[-19.82086944580078, -15.240485191345215]","[0.004744747653603554, 0.0008863478433340788]"
evc,chunk_75_79,78,0,1,phys,"[""phys"", ""robust""]","[-11.564163208007812, -11.845890998840332]","[0.0002067086606984958, 0.0027122963219881058]"
evc,chunk_75_79,78,0,2,phys,"[""phys"", ""robust""]","[-11.560858726501465, -11.985288619995117]","[0.00016553382738493383, 0.0027176574803888798]"
evc,chunk_75_79,78,0,3,phys,"[""phys"", ""robust""]","[-12.057355880737305, -12.720463752746582]","[0.00020494982891250402, 0.005553944036364555]"
evc,chunk_75_79,78,0,4,phys,"[""phys"", ""robust""]","[-11.60705852508545, -11.83200740814209]","[0.00025339637068100274, 0.0034669823944568634]"
evc,chunk_75_79,78,0,5,phys,"[""phys"", ""robust""]","[-11.894610404968262, -12.054205894470215]","[0.0002316954341949895, 0.005066763609647751]"
evc,chunk_75_79,78,0,6,phys,"[""phys"", ""robust""]","[-11.483166694641113, -11.749268531799316]","[0.00012867344776168466, 0.002451561624184251]"
evc,chunk_75_79,78,0,7,phys,"[""phys"", ""robust""]","[-11.581268310546875, -11.767763137817383]","[0.00013997734640724957, 0.0015190131962299347]"
evc,chunk_75_79,78,0,8,phys,"[""phys"", ""robust""]","[-11.235716819763184, -11.9225435256958]","[0.0001528240682091564, 0.003065921366214752]"
evc,chunk_75_79,78,1,1,prox_tv,"[""conv"", ""prox_tv""]","[-12.186934471130371, -11.852530479431152]","[0.0003410618519410491, 0.0002257922024000436]"
evc,chunk_75_79,78,1,2,conv,"[""conv"", ""prox_tv""]","[-11.644867897033691, -12.016291618347168]","[0.00017895027121994644, 0.00037300208350643516]"
evc,chunk_75_79,78,1,3,conv,"[""conv"", ""prox_tv""]","[-11.537454605102539, -12.03945255279541]","[0.0002612269890960306, 0.00027378322556614876]"
evc,chunk_75_79,78,1,4,conv,"[""conv"", ""prox_tv""]","[-11.377228736877441, -11.765451431274414]","[0.00019032850104849786, 0.0002214433188783005]"
evc,chunk_75_79,78,1,5,conv,"[""conv"", ""prox_tv""]","[-11.518771171569824, -13.86845874786377]","[0.0003758712555281818, 0.004569335374981165]"
evc,chunk_75_79,78,1,6,prox_tv,"[""conv"", ""prox_tv""]","[-11.384099960327148, -10.923871994018555]","[0.00015962561883497983, 8.864203846314922e-05]"
evc,chunk_75_79,78,1,7,conv,"[""conv"", ""prox_tv""]","[-11.446000099182129, -11.966924667358398]","[0.000248724187258631, 0.0002513641375117004]"
evc,chunk_75_79,78,1,8,prox_tv,"[""conv"", ""prox_tv""]","[-11.602797508239746, -11.422948837280273]","[0.00020024202240165323, 0.00016254460206255317]"
evc,chunk_75_79,78,2,1,conv_lowtv,"[""conv_lowtv"", ""wavelet"", ""inr""]","[-11.916086196899414, -12.568097114562988, -14.805623054504395]","[0.00018933048704639077, 0.0005068521131761372, 0.16190502047538757]"
evc,chunk_75_79,78,2,2,conv_lowtv,"[""conv_lowtv"", ""wavelet"", ""inr""]","[-12.153605461120605, -12.725014686584473, -15.475798606872559]","[0.00023254136613104492, 0.0005263344501145184, 0.1517288237810135]"
evc,chunk_75_79,78,2,3,conv_lowtv,"[""conv_lowtv"", ""wavelet"", ""inr""]","[-12.228842735290527, -12.788107872009277, -15.633210182189941]","[0.0001894073939183727, 0.0005684738862328231, 0.1515214741230011]"
evc,chunk_75_79,78,2,4,conv_lowtv,"[""conv_lowtv"", ""wavelet"", ""inr""]","[-12.281453132629395, -12.723875999450684, -15.558762550354004]","[0.00027119714650325477, 0.0004915192257612944, 0.16044290363788605]"
evc,chunk_75_79,78,2,5,conv_lowtv,"[""conv_lowtv"", ""wavelet"", ""inr""]","[-12.206788063049316, -12.757234573364258, -15.94490909576416]","[0.0003548853565007448, 0.0005632266402244568, 0.16387829184532166]"
evc,chunk_75_79,78,2,6,conv_lowtv,"[""conv_lowtv"", ""wavelet"", ""inr""]","[-11.549622535705566, -12.569923400878906, -15.93580150604248]","[0.0001304092293139547, 0.0005226861103437841, 0.17254316806793213]"
evc,chunk_75_79,78,2,7,conv_lowtv,"[""conv_lowtv"", ""wavelet"", ""inr""]","[-11.57628345489502, -12.735836029052734, -15.991927146911621]","[0.00011763114162022248, 0.00044368667295202613, 0.16507282853126526]"
evc,chunk_75_79,78,2,8,conv_lowtv,"[""conv_lowtv"", ""wavelet"", ""inr""]","[-11.789369583129883, -12.943650245666504, -16.324951171875]","[0.00011411782179493457, 0.0007004376384429634, 0.16765661537647247]"
evc,chunk_75_79,78,3,1,had,"[""dct"", ""had""]","[-12.214102745056152, -12.073248863220215]","[0.00034803146263584495, 0.00022407462529372424]"
evc,chunk_75_79,78,3,2,dct,"[""dct"", ""had""]","[-11.090691566467285, -11.782082557678223]","[0.00020271875837352127, 0.0002564404276199639]"
evc,chunk_75_79,78,3,3,had,"[""dct"", ""had""]","[-11.434120178222656, -11.238717079162598]","[0.00022329918283503503, 0.00020115342340432107]"
evc,chunk_75_79,78,3,4,dct,"[""dct"", ""had""]","[-11.141047477722168, -11.815926551818848]","[0.00022045215882826596, 0.00024144993221852928]"
evc,chunk_75_79,78,3,5,dct,"[""dct"", ""had""]","[-10.932469367980957, -11.461356163024902]","[0.00011779762280639261, 0.0002173184184357524]"
evc,chunk_75_79,78,3,6,dct,"[""dct"", ""had""]","[-11.166399002075195, -12.106520652770996]","[0.00019434053683653474, 0.00028549355920404196]"
evc,chunk_80_84,80,0,1,phys,"[""phys"", ""robust""]","[-10.027057647705078, -10.211041450500488]","[0.0004127206630073488, 0.002653749193996191]"
evc,chunk_80_84,80,0,2,phys,"[""phys"", ""robust""]","[-9.568705558776855, -9.929438591003418]","[0.0004601878463290632, 0.0015185014344751835]"
evc,chunk_80_84,80,0,3,phys,"[""phys"", ""robust""]","[-9.433106422424316, -9.836860656738281]","[0.00039648773963563144, 0.001647945842705667]"
evc,chunk_80_84,80,0,4,phys,"[""phys"", ""robust""]","[-9.383500099182129, -9.828364372253418]","[0.0004055739555042237, 0.0013693002983927727]"
evc,chunk_80_84,80,0,5,phys,"[""phys"", ""robust""]","[-9.355496406555176, -9.78575325012207]","[0.0003542794147506356, 0.0010363940382376313]"
evc,chunk_80_84,80,0,6,phys,"[""phys"", ""robust""]","[-9.40706729888916, -9.871556282043457]","[0.00025734578957781196, 0.0010756895644590259]"
evc,chunk_80_84,80,0,7,phys,"[""phys"", ""robust""]","[-9.386221885681152, -9.982030868530273]","[0.00024523583124391735, 0.0013863503700122237]"
evc,chunk_80_84,80,0,8,phys,"[""phys"", ""robust""]","[-9.457748413085938, -9.920668601989746]","[0.00024974142434075475, 0.0013316841796040535]"
evc,chunk_80_84,80,1,1,prox_tv,"[""conv"", ""prox_tv""]","[-10.196627616882324, -9.949860572814941]","[0.0003902353928424418, 0.00037591109867207706]"
evc,chunk_80_84,80,1,2,prox_tv,"[""conv"", ""prox_tv""]","[-9.5990571975708, -9.4749116897583]","[0.0002870475291274488, 0.0002612733806017786]"
evc,chunk_80_84,80,1,3,conv,"[""conv"", ""prox_tv""]","[-9.176091194152832, -10.296528816223145]","[0.000364560866728425, 0.0006130753899924457]"
evc,chunk_80_84,80,1,4,conv,"[""conv"", ""prox_tv""]","[-9.219618797302246, -9.653586387634277]","[0.0003222583909519017, 0.00044598954264074564]"
evc,chunk_80_84,80,1,5,conv,"[""conv"", ""prox_tv""]","[-9.242297172546387, -9.786713600158691]","[0.0005034620990045369, 0.0006544532952830195]"
evc,chunk_80_84,80,1,6,prox_tv,"[""conv"", ""prox_tv""]","[-9.795040130615234, -9.41542911529541]","[0.0003521400212775916, 0.00032962922705337405]"
evc,chunk_80_84,80,1,7,prox_tv,"[""conv"", ""prox_tv""]","[-9.998902320861816, -9.558731079101562]","[0.0007427511154673994, 0.00035590690094977617]"
evc,chunk_80_84,80,1,8,prox_tv,"[""conv"", ""prox_tv""]","[-9.640498161315918, -9.462102890014648]","[0.00030045784660615027, 0.00016163715918082744]"
evc,chunk_80_84,80,2,1,conv_lowtv,"[""conv_lowtv"", ""wavelet"", ""inr""]","[-10.171796798706055, -10.982820510864258, -14.866089820861816]","[0.00025482341879978776, 0.0009794023353606462, 0.1803550124168396]"
evc,chunk_80_84,80,2,2,conv_lowtv,"[""conv_lowtv"", ""wavelet"", ""inr""]","[-9.753273963928223, -10.66643238067627, -15.691622734069824]","[0.0003560597251635045, 0.0011820216896012425, 0.180193692445755]"
evc,chunk_80_84,80,2,3,conv_lowtv,"[""conv_lowtv"", ""wavelet"", ""inr""]","[-9.595114707946777, -10.724677085876465, -16.03731918334961]","[0.0002781181246973574, 0.0011691779363900423, 0.18756859004497528]"
evc,chunk_80_84,80,2,4,conv_lowtv,"[""conv_lowtv"", ""wavelet"", ""inr""]","[-9.58484172821045, -10.563343048095703, -16.487140655517578]","[0.00024077553825918585, 0.0010392112890258431, 0.2136450558900833]"
evc,chunk_80_84,80,2,5,conv_lowtv,"[""conv_lowtv"", ""wavelet"", ""inr""]","[-9.625452041625977, -10.668298721313477, -16.557823181152344]","[0.00020829691493418068, 0.0010470307897776365, 0.20750637352466583]"
evc,chunk_80_84,80,2,6,conv_lowtv,"[""conv_lowtv"", ""wavelet"", ""inr""]","[-9.573075294494629, -10.842494010925293, -16.553606033325195]","[0.00026827360852621496, 0.0010257571702823043, 0.19733162224292755]"
evc,chunk_80_84,80,2,7,conv_lowtv,"[""conv_lowtv"", ""wavelet"", ""inr""]","[-9.848912239074707, -10.74384880065918, -16.718997955322266]","[0.0005225467612035573, 0.001354291569441557, 0.18365471065044403]"
evc,chunk_80_84,80,2,8,conv_lowtv,"[""conv_lowtv"", ""wavelet"", ""inr""]","[-9.612318992614746, -10.89710521697998, -16.94528579711914]","[0.0002897481026593596, 0.001075493055395782, 0.20385412871837616]"
evc,chunk_80_84,80,3,1,dct,"[""dct"", ""had""]","[-9.985566139221191, -10.533947944641113]","[0.000250121665885672, 0.0004766187921632081]"
evc,chunk_80_84,80,3,2,dct,"[""dct"", ""had""]","[-9.454682350158691, -9.854452133178711]","[0.0002897279046010226, 0.00043501233449205756]"
evc,chunk_80_84,80,3,3,had,"[""dct"", ""had""]","[-9.559679985046387, -9.407556533813477]","[0.0003718603402376175, 0.0003683788818307221]"
evc,chunk_80_84,80,3,4,dct,"[""dct"", ""had""]","[-9.406963348388672, -9.881985664367676]","[0.00027923984453082085, 0.0005205003544688225]"
evc,chunk_80_84,80,3,5,dct,"[""dct"", ""had""]","[-9.294465065002441, -9.76266860961914]","[0.0003069721278734505, 0.0004013052675873041]"
evc,chunk_80_84,80,3,6,had,"[""dct"", ""had""]","[-9.68042278289795, -9.530406951904297]","[0.0004021063505206257, 0.00027046515606343746]"
evc,chunk_80_84,80,3,7,dct,"[""dct"", ""had""]","[-9.46524715423584, -10.013236045837402]","[0.0003420733264647424, 0.0004172584740445018]"
evc,chunk_80_84,80,3,8,had,"[""dct"", ""had""]","[-9.787132263183594, -9.60997200012207]","[0.0004056797770317644, 0.00029937250656075776]"
evc,chunk_80_84,80,4,1,huber,"[""tv2"", ""huber""]","[-10.002572059631348, -9.890069007873535]","[0.00042971884249709547, 0.0003903750330209732]"
evc,chunk_80_84,80,4,2,huber,"[""tv2"", ""huber""]","[-10.229775428771973, -9.931259155273438]","[0.000577288621570915, 0.00037019478622823954]"
evc,chunk_80_84,80,4,3,huber,"[""tv2"", ""huber""]","[-10.195916175842285, -9.957274436950684]","[0.00041475839680060744, 0.00032600361737422645]"
evc,chunk_80_84,80,4,4,huber,"[""tv2"", ""huber""]","[-10.270980834960938, -10.132590293884277]","[0.0004263730952516198, 0.00034278209204785526]"
evc,chunk_80_84,80,4,5,huber,"[""tv2"", ""huber""]","[-10.49804973602295, -10.108368873596191]","[0.00045039720134809613, 0.00025125459069386125]"
evc,chunk_80_84,80,4,6,tv2,"[""tv2"", ""huber""]","[-9.974194526672363, -10.755403518676758]","[0.0003929984231945127, 0.00042074144585058093]"
evc,chunk_80_84,80,4,7,tv2,"[""tv2"", ""huber""]","[-9.605467796325684, -9.615463256835938]","[0.0005352732841856778, 0.00044741510646417737]"
evc,chunk_80_84,80,4,8,tv2,"[""tv2"", ""huber""]","[-9.632283210754395, -9.718352317810059]","[0.0005110401543788612, 0.00043898317380808294]"
evc,chunk_80_84,80,5,1,dct,"[""dct"", ""tv2""]","[-9.929326057434082, -10.151616096496582]","[0.0002558142878115177, 0.000857185514178127]"
evc,chunk_80_84,80,5,2,dct,"[""dct"", ""tv2""]","[-9.429387092590332, -9.50810718536377]","[0.00028245255816727877, 0.0005705035291612148]"
evc,chunk_80_84,80,5,3,tv2,"[""dct"", ""tv2""]","[-9.398186683654785, -9.397245407104492]","[0.0003713651676662266, 0.0006195322494022548]"
evc,chunk_80_84,80,5,4,tv2,"[""dct"", ""tv2""]","[-9.492779731750488, -9.434021949768066]","[0.0003872726811096072, 0.0005186383496038616]"
evc,chunk_80_84,80,5,5,tv2,"[""dct"", ""tv2""]","[-10.015775680541992, -9.111970901489258]","[0.0006315653445199132, 0.0004165879508946091]"
evc,chunk_80_84,80,5,6,tv2,"[""dct"", ""tv2""]","[-9.935025215148926, -9.166363716125488]","[0.0005527428584173322, 0.0005253477720543742]"
evc,chunk_80_84,80,5,7,tv2,"[""dct"", ""tv2""]","[-9.976700782775879, -9.171442031860352]","[0.0006411655922420323, 0.0004820951435249299]"
evc,chunk_80_84,80,5,8,dct,"[""dct"", ""tv2""]","[-9.524117469787598, -9.533970832824707]","[0.0003027522179763764, 0.000581841915845871]"
evc,chunk_80_84,81,0,1,phys,"[""phys"", ""robust""]","[-9.87519645690918, -10.196492195129395]","[0.0001593775232322514, 0.000869475828949362]"
evc,chunk_80_84,81,0,2,phys,"[""phys"", ""robust""]","[-9.529399871826172, -9.730940818786621]","[0.00011282836203463376, 0.0011386580299586058]"
evc,chunk_80_84,81,0,3,phys,"[""phys"", ""robust""]","[-9.395363807678223, -9.680079460144043]","[7.283956074388698e-05, 0.0008663379703648388]"
evc,chunk_80_84,81,0,4,robust,"[""phys"", ""robust""]","[-9.836342811584473, -9.745875358581543]","[0.00014707949594594538, 0.0006197845214046538]"
evc,chunk_80_84,81,0,5,phys,"[""phys"", ""robust""]","[-10.153138160705566, -10.199270248413086]","[0.00017276253493037075, 0.0006830867496319115]"
evc,chunk_80_84,81,0,6,phys,"[""phys"", ""robust""]","[-9.389643669128418, -9.844133377075195]","[4.130051820538938e-05, 0.0008634576224721968]"
evc,chunk_80_84,81,0,7,phys,"[""phys"", ""robust""]","[-9.471622467041016, -9.805471420288086]","[6.494118133559823e-05, 0.00017422906239517033]"
evc,chunk_80_84,81,0,8,phys,"[""phys"", ""robust""]","[-9.317636489868164, -9.735389709472656]","[4.4390726543497294e-05, 0.0001518694480182603]"
evc,chunk_80_84,81,1,1,prox_tv,"[""conv"", ""prox_tv""]","[-10.285676002502441, -9.671765327453613]","[0.00014415851910598576, 0.00011722230556188151]"
evc,chunk_80_84,81,1,2,conv,"[""conv"", ""prox_tv""]","[-9.414917945861816, -9.840998649597168]","[0.00011053867638111115, 0.00015405013982672244]"
evc,chunk_80_84,81,1,3,prox_tv,"[""conv"", ""prox_tv""]","[-10.301196098327637, -9.711384773254395]","[0.0003459974250290543, 0.00012409048213157803]"
evc,chunk_80_84,81,1,4,prox_tv,"[""conv"", ""prox_tv""]","[-9.763785362243652, -9.355875968933105]","[0.00016178155783563852, 8.020520181162283e-05]"
evc,chunk_80_84,81,1,5,conv,"[""conv"", ""prox_tv""]","[-9.634634971618652, -10.139554023742676]","[8.919694664655253e-05, 0.0001368886441923678]"
evc,chunk_80_84,81,1,6,conv,"[""conv"", ""prox_tv""]","[-9.320502281188965, -9.861835479736328]","[5.411612437455915e-05, 7.663452561246231e-05]"
evc,chunk_80_84,81,1,7,prox_tv,"[""conv"", ""prox_tv""]","[-9.994406700134277, -9.461590766906738]","[0.00011781450302805752, 5.952498031547293e-05]"
evc,chunk_80_84,81,1,8,conv,"[""conv"", ""prox_tv""]","[-9.301165580749512, -9.969307899475098]","[3.156944876536727e-05, 5.8517336583463475e-05]"
evc,chunk_80_84,81,2,1,conv_lowtv,"[""conv_lowtv"", ""wavelet"", ""inr""]","[-9.705313682556152, -10.253957748413086, -12.290909767150879]","[0.00016211210459005088, 0.00032746398937888443, 0.1417604237794876]"
evc,chunk_80_84,81,2,2,conv_lowtv,"[""conv_lowtv"", ""wavelet"", ""inr""]","[-9.616016387939453, -10.422167778015137, -12.622186660766602]","[0.00010500975622562692, 0.0003590263659134507, 0.14205171167850494]"
evc,chunk_80_84,81,2,3,conv_lowtv,"[""conv_lowtv"", ""wavelet"", ""inr""]","[-9.862608909606934, -10.690528869628906, -13.484912872314453]","[0.00010794423724291846, 0.0003021146694663912, 0.1363758146762848]"
evc,chunk_80_84,81,2,4,conv_lowtv,"[""conv_lowtv"", ""wavelet"", ""inr""]","[-9.827106475830078, -10.8711519241333, -13.725394248962402]","[0.00012059457367286086, 0.0003825441235676408, 0.14212723076343536]"
evc,chunk_80_84,81,2,5,conv_lowtv,"[""conv_lowtv"", ""wavelet"", ""inr""]","[-9.86225414276123, -10.96667766571045, -14.203495979309082]","[8.895196515368298e-05, 0.0004446828388608992, 0.1433887779712677]"
evc,chunk_80_84,81,2,6,conv_lowtv,"[""conv_lowtv"", ""wavelet"", ""inr""]","[-9.753350257873535, -11.123368263244629, -14.563383102416992]","[4.5841545215807855e-05, 0.0006021081353537738, 0.1497446447610855]"
evc,chunk_80_84,81,2,7,conv_lowtv,"[""conv_lowtv"", ""wavelet"", ""inr""]","[-9.784539222717285, -11.194535255432129, -14.510141372680664]","[7.768838986521587e-05, 0.0004354295087978244, 0.14063110947608948]"
evc,chunk_80_84,81,2,8,conv_lowtv,"[""conv_lowtv"", ""wavelet"", ""inr""]","[-9.498163223266602, -11.221935272216797, -14.1884126663208]","[2.789677273540292e-05, 0.0005490256589837372, 0.1449938863515854]"
evc,chunk_80_84,81,3,1,dct,"[""dct"", ""had""]","[-9.801831245422363, -10.462128639221191]","[0.00011493538477225229, 0.00019975911709479988]"
evc,chunk_80_84,81,3,2,dct,"[""dct"", ""had""]","[-9.321184158325195, -10.065912246704102]","[0.00015278234786819667, 0.00015796766092535108]"
evc,chunk_80_84,81,3,3,dct,"[""dct"", ""had""]","[-9.139115333557129, -9.853703498840332]","[9.422339644515887e-05, 0.0002523518924135715]"
evc,chunk_80_84,81,3,4,had,"[""dct"", ""had""]","[-9.524544715881348, -9.322197914123535]","[6.655240576947108e-05, 5.9323818277334794e-05]"
evc,chunk_80_84,81,3,5,had,"[""dct"", ""had""]","[-9.779276847839355, -9.49838924407959]","[0.00011119939154013991, 9.845814201980829e-05]"
evc,chunk_80_84,81,3,6,had,"[""dct"", ""had""]","[-10.181344985961914, -9.817371368408203]","[0.0001686328905634582, 0.0001555722119519487]"
evc,chunk_80_84,81,3,7,had,"[""dct"", ""had""]","[-9.897017478942871, -9.738434791564941]","[9.499948646407574e-05, 8.403786341659725e-05]"
evc,chunk_80_84,81,3,8,dct,"[""dct"", ""had""]","[-9.606566429138184, -10.107647895812988]","[8.888915908755735e-05, 0.0001078937275451608]"
evc,chunk_80_84,81,4,1,huber,"[""tv2"", ""huber""]","[-9.936629295349121, -9.645334243774414]","[0.00019657739903777838, 0.0001793067785911262]"
evc,chunk_80_84,81,4,2,huber,"[""tv2"", ""huber""]","[-9.92294979095459, -9.518592834472656]","[0.0003842730657197535, 0.0002486460725776851]"
evc,chunk_80_84,81,4,3,tv2,"[""tv2"", ""huber""]","[-9.793904304504395, -9.866314888000488]","[0.0003450305375736207, 0.0002777064510155469]"
evc,chunk_80_84,81,4,4,tv2,"[""tv2"", ""huber""]","[-9.206473350524902, -10.062826156616211]","[0.00013847135414835066, 0.00020076586224604398]"
evc,chunk_80_84,81,4,5,huber,"[""tv2"", ""huber""]","[-10.088353157043457, -9.88395881652832]","[0.00025633801124058664, 0.0001941556838573888]"
evc,chunk_80_84,81,4,6,huber,"[""tv2"", ""huber""]","[-9.937995910644531, -9.793313026428223]","[0.0002186569618061185, 0.00013870472321286798]"
evc,chunk_80_84,81,4,7,huber,"[""tv2"", ""huber""]","[-10.197348594665527, -9.99535083770752]","[0.00020627028425224125, 0.00018703586829360574]"
evc,chunk_80_84,81,4,8,huber,"[""tv2"", ""huber""]","[-10.465815544128418, -10.185074806213379]","[0.000277574872598052, 0.00024743800167925656]"
evc,chunk_80_84,81,5,1,tv2,"[""dct"", ""tv2""]","[-10.323549270629883, -9.798264503479004]","[0.0001887391263153404, 0.00017565304005984217]"
evc,chunk_80_84,81,5,2,dct,"[""dct"", ""tv2""]","[-9.675026893615723, -9.736372947692871]","[0.00018258823547512293, 0.00034567638067528605]"
evc,chunk_80_84,81,5,3,tv2,"[""dct"", ""tv2""]","[-9.470023155212402, -9.433581352233887]","[7.522548548877239e-05, 0.00016221756231971085]"
evc,chunk_80_84,81,5,4,tv2,"[""dct"", ""tv2""]","[-9.847496032714844, -9.78674602508545]","[0.00011452821490820497, 0.00022381548478733748]"
evc,chunk_80_84,81,5,5,tv2,"[""dct"", ""tv2""]","[-9.844388008117676, -9.725652694702148]","[0.00011425631964812055, 0.00016846555809024721]"
evc,chunk_80_84,81,5,6,dct,"[""dct"", ""tv2""]","[-9.648399353027344, -9.837929725646973]","[6.628881965298206e-05, 0.0001487729896325618]"
evc,chunk_80_84,81,5,7,tv2,"[""dct"", ""tv2""]","[-9.7979736328125, -9.621829986572266]","[0.00011459756206022575, 0.00018912558152806014]"
evc,chunk_80_84,81,5,8,tv2,"[""dct"", ""tv2""]","[-9.949531555175781, -9.718987464904785]","[0.00011443126277299598, 0.00018149791867472231]"
evc,chunk_80_84,82,0,1,phys,"[""phys"", ""robust""]","[-8.993391036987305, -9.257523536682129]","[0.00010696229583118111, 0.0029604157898575068]"
evc,chunk_80_84,82,0,2,phys,"[""phys"", ""robust""]","[-8.943172454833984, -9.299378395080566]","[0.00013336601841729134, 0.005685905925929546]"
evc,chunk_80_84,82,0,3,phys,"[""phys"", ""robust""]","[-8.934853553771973, -9.209362983703613]","[0.00015181097842287272, 0.0036096638068556786]"
evc,chunk_80_84,82,0,4,phys,"[""phys"", ""robust""]","[-8.915335655212402, -9.073653221130371]","[0.00021367114095482975, 0.0009846702450886369]"
evc,chunk_80_84,82,0,5,phys,"[""phys"", ""robust""]","[-8.748276710510254, -9.087969779968262]","[0.00011086663289461285, 0.0013070108834654093]"
evc,chunk_80_84,82,0,6,phys,"[""phys"", ""robust""]","[-8.716621398925781, -9.157628059387207]","[7.980739610502496e-05, 0.0012462114682421088]"
evc,chunk_80_84,82,0,7,phys,"[""phys"", ""robust""]","[-8.840702056884766, -9.327174186706543]","[7.663322321604937e-05, 0.002398712793365121]"
evc,chunk_80_84,82,0,8,phys,"[""phys"", ""robust""]","[-8.842863082885742, -9.29190731048584]","[0.000107104642665945, 0.0007804880733601749]"
evc,chunk_80_84,82,1,1,conv,"[""conv"", ""prox_tv""]","[-8.816741943359375, -9.372017860412598]","[0.00015676795737817883, 0.00016945067909546196]"
evc,chunk_80_84,82,1,2,prox_tv,"[""conv"", ""prox_tv""]","[-8.954439163208008, -8.784186363220215]","[0.0001568692096043378, 0.00015110583626665175]"
evc,chunk_80_84,82,1,3,conv,"[""conv"", ""prox_tv""]","[-8.68298053741455, -9.168438911437988]","[0.00013749056961387396, 0.0003223004750907421]"
evc,chunk_80_84,82,1,4,conv,"[""conv"", ""prox_tv""]","[-8.47874927520752, -9.101494789123535]","[9.40623358474113e-05, 0.0001402311318088323]"
evc,chunk_80_84,82,1,5,conv,"[""conv"", ""prox_tv""]","[-8.462542533874512, -9.173227310180664]","[7.479696068912745e-05, 0.00015891816292423755]"
evc,chunk_80_84,82,1,6,conv,"[""conv"", ""prox_tv""]","[-8.521936416625977, -9.080248832702637]","[7.291032670764253e-05, 8.030192111618817e-05]"
evc,chunk_80_84,82,1,7,conv,"[""conv"", ""prox_tv""]","[-8.792854309082031, -9.909485816955566]","[0.00012362033885437995, 0.000615517667029053]"
evc,chunk_80_84,82,1,8,conv,"[""conv"", ""prox_tv""]","[-8.577957153320312, -9.119876861572266]","[9.050517837749794e-05, 0.00011516819358803332]"
evc,chunk_80_84,82,2,1,conv_lowtv,"[""conv_lowtv"", ""wavelet"", ""inr""]","[-8.624005317687988, -9.400824546813965, -11.15965461730957]","[0.00011052201443817466, 0.00042201249743811786, 0.08358263969421387]"
evc,chunk_80_84,82,2,2,conv_lowtv,"[""conv_lowtv"", ""wavelet"", ""inr""]","[-8.58993148803711, -9.317100524902344, -11.493894577026367]","[0.00015145073120947927, 0.0004772166721522808, 0.0869368314743042]"
evc,chunk_80_84,82,2,3,conv_lowtv,"[""conv_lowtv"", ""wavelet"", ""inr""]","[-8.635570526123047, -9.356785774230957, -11.422919273376465]","[0.00012650317512452602, 0.0006455480470322073, 0.0804641917347908]"
evc,chunk_80_84,82,2,4,conv_lowtv,"[""conv_lowtv"", ""wavelet"", ""inr""]","[-8.568242073059082, -9.459297180175781, -11.616623878479004]","[8.961241837823763e-05, 0.00045758235501125455, 0.08074849098920822]"
evc,chunk_80_84,82,2,5,conv_lowtv,"[""conv_lowtv"", ""wavelet"", ""inr""]","[-8.454874992370605, -9.402748107910156, -11.684439659118652]","[9.329702879767865e-05, 0.0004838136082980782, 0.07817502319812775]"
evc,chunk_80_84,82,2,6,conv_lowtv,"[""conv_lowtv"", ""wavelet"", ""inr""]","[-8.4546537399292, -9.331603050231934, -11.816149711608887]","[4.935489050694741e-05, 0.0005645726341754198, 0.08091066777706146]"
evc,chunk_80_84,82,2,7,conv_lowtv,"[""conv_lowtv"", ""wavelet"", ""inr""]","[-8.512107849121094, -9.394843101501465, -11.89526653289795]","[0.0001043781012413092, 0.000476966641144827, 0.08126369118690491]"
evc,chunk_80_84,82,2,8,conv_lowtv,"[""conv_lowtv"", ""wavelet"", ""inr""]","[-8.478238105773926, -9.513802528381348, -11.874423027038574]","[6.341715925373137e-05, 0.0005611618398688734, 0.0821693167090416]"
evc,chunk_80_84,82,3,1,had,"[""dct"", ""had""]","[-9.215672492980957, -9.051337242126465]","[0.00019652137416414917, 0.0001379370514769107]"
evc,chunk_80_84,82,3,2,dct,"[""dct"", ""had""]","[-8.909327507019043, -9.394728660583496]","[0.00013839337043464184, 0.0002214588748756796]"
evc,chunk_80_84,82,3,3,had,"[""dct"", ""had""]","[-9.084695816040039, -8.92584228515625]","[0.0001700644352240488, 0.00014695615391246974]"
evc,chunk_80_84,82,3,4,had,"[""dct"", ""had""]","[-9.059285163879395, -8.860819816589355]","[9.796750237001106e-05, 9.26526336115785e-05]"
evc,chunk_80_84,82,3,5,had,"[""dct"", ""had""]","[-9.421961784362793, -8.94921588897705]","[0.00021929640206508338, 9.773386409506202e-05]"
evc,chunk_80_84,82,3,6,had,"[""dct"", ""had""]","[-9.368268966674805, -8.900110244750977]","[0.000230821140576154, 0.0001802775077521801]"
evc,chunk_80_84,82,3,7,dct,"[""dct"", ""had""]","[-9.044646263122559, -9.470246315002441]","[9.996317385230213e-05, 0.00018561480101197958]"
evc,chunk_80_84,82,3,8,had,"[""dct"", ""had""]","[-9.07360553741455, -8.880069732666016]","[0.00010562330862740055, 8.087745663942769e-05]"
evc,chunk_80_84,82,4,1,tv2,"[""tv2"", ""huber""]","[-8.965117454528809, -9.016156196594238]","[0.0004581983666867018, 0.00029037840431556106]"
evc,chunk_80_84,82,4,2,tv2,"[""tv2"", ""huber""]","[-8.57983684539795, -8.623071670532227]","[0.000681099365465343, 0.00023903789406176656]"
evc,chunk_80_84,82,4,3,tv2,"[""tv2"", ""huber""]","[-8.603843688964844, -8.735708236694336]","[0.0009346292936243117, 0.0002446258149575442]"
evc,chunk_80_84,82,4,4,tv2,"[""tv2"", ""huber""]","[-8.735804557800293, -8.793782234191895]","[0.000568325980566442, 0.0004678084223996848]"
evc,chunk_80_84,82,4,5,tv2,"[""tv2"", ""huber""]","[-8.670557975769043, -8.930609703063965]","[0.0005146150360815227, 0.00035752361873164773]"
evc,chunk_80_84,82,4,6,tv2,"[""tv2"", ""huber""]","[-8.650406837463379, -8.766023635864258]","[0.0004882969078607857, 0.00019812144455499947]"
evc,chunk_80_84,82,4,7,tv2,"[""tv2"", ""huber""]","[-8.595748901367188, -8.86242961883545]","[0.00045762985246255994, 0.00029826481477357447]"
evc,chunk_80_84,82,4,8,tv2,"[""tv2"", ""huber""]","[-8.927892684936523, -8.935845375061035]","[0.000945002946536988, 0.00041461369255557656]"
evc,chunk_80_84,82,5,1,dct,"[""dct"", ""tv2""]","[-8.953171730041504, -8.974053382873535]","[0.00016012864944059402, 0.00040216511115431786]"
evc,chunk_80_84,82,5,2,tv2,"[""dct"", ""tv2""]","[-8.868642807006836, -8.745296478271484]","[0.0003270580491516739, 0.00040242361137643456]"
evc,chunk_80_84,82,5,3,dct,"[""dct"", ""tv2""]","[-8.603930473327637, -8.648221015930176]","[0.00010342404857510701, 0.0010602797847241163]"
evc,chunk_80_84,82,5,4,tv2,"[""dct"", ""tv2""]","[-9.060434341430664, -8.68108081817627]","[0.0002957308606710285, 0.0005265821237117052]"
evc,chunk_80_84,82,5,5,tv2,"[""dct"", ""tv2""]","[-8.729300498962402, -8.607481002807617]","[0.0002643113839440048, 0.0004244894371367991]"
evc,chunk_80_84,82,5,6,dct,"[""dct"", ""tv2""]","[-8.7000150680542, -8.729880332946777]","[0.00012179158511571586, 0.0006959288148209453]"
evc,chunk_80_84,82,5,7,tv2,"[""dct"", ""tv2""]","[-8.852739334106445, -8.748321533203125]","[0.00014696180005557835, 0.0003400784044060856]"
evc,chunk_80_84,82,5,8,tv2,"[""dct"", ""tv2""]","[-8.995649337768555, -8.927812576293945]","[0.0002999407588504255, 0.0009351165499538183]"
evc,chunk_80_84,83,0,1,robust,"[""phys"", ""robust""]","[-13.701438903808594, -13.236936569213867]","[0.012417271733283997, 0.09712379425764084]"
evc,chunk_80_84,83,0,2,robust,"[""phys"", ""robust""]","[-12.58718204498291, -12.41091251373291]","[0.001970179844647646, 0.09291759878396988]"
evc,chunk_80_84,83,0,3,robust,"[""phys"", ""robust""]","[-13.863282203674316, -12.919129371643066]","[0.012140609323978424, 0.14766526222229004]"
evc,chunk_80_84,83,0,4,robust,"[""phys"", ""robust""]","[-14.278600692749023, -13.653326988220215]","[0.005713635124266148, 0.19491919875144958]"
evc,chunk_80_84,83,0,5,robust,"[""phys"", ""robust""]","[-15.656844139099121, -15.62777328491211]","[0.009681586176156998, 0.2931813597679138]"
evc,chunk_80_84,83,0,6,phys,"[""phys"", ""robust""]","[-13.475071907043457, -13.87560749053955]","[0.012362700887024403, 0.26492390036582947]"
evc,chunk_80_84,83,0,7,phys,"[""phys"", ""robust""]","[-13.858637809753418, -14.764796257019043]","[0.0017197607085108757, 0.08563320338726044]"
evc,chunk_80_84,83,0,8,phys,"[""phys"", ""robust""]","[-14.514649391174316, -15.624018669128418]","[0.0026685092598199844, 0.19823133945465088]"
evc,chunk_80_84,83,1,1,conv,"[""conv"", ""prox_tv""]","[-12.046003341674805, -12.407485008239746]","[0.0011009362060576677, 0.002168318722397089]"
evc,chunk_80_84,83,1,2,prox_tv,"[""conv"", ""prox_tv""]","[-13.033534049987793, -12.94355297088623]","[0.0018097502179443836, 0.0016212495975196362]"
evc,chunk_80_84,83,1,3,prox_tv,"[""conv"", ""prox_tv""]","[-14.93518352508545, -14.277989387512207]","[0.0021011570934206247, 0.004411076195538044]"
evc,chunk_80_84,83,1,4,conv,"[""conv"", ""prox_tv""]","[-14.941105842590332, -17.071277618408203]","[0.00198043673299253, 0.0026807140093296766]"
evc,chunk_80_84,83,1,5,conv,"[""conv"", ""prox_tv""]","[-13.438603401184082, -14.276470184326172]","[0.001190056442283094, 0.0019562281668186188]"
evc,chunk_80_84,83,1,6,prox_tv,"[""conv"", ""prox_tv""]","[-15.310612678527832, -13.990503311157227]","[0.0026882034726440907, 0.0015554976416751742]"
evc,chunk_80_84,83,1,7,conv,"[""conv"", ""prox_tv""]","[-13.114716529846191, -14.166194915771484]","[0.001765829510986805, 0.0027903281152248383]"
evc,chunk_80_84,83,1,8,conv,"[""conv"", ""prox_tv""]","[-14.4196195602417, -15.874214172363281]","[0.002096590120345354, 0.010219275951385498]"
evc,chunk_80_84,83,2,1,conv_lowtv,"[""conv_lowtv"", ""wavelet"", ""inr""]","[-12.183740615844727, -12.945429801940918, -17.038570404052734]","[0.001755937235429883, 0.002436485141515732, 0.9208642840385437]"
evc,chunk_80_84,83,2,2,conv_lowtv,"[""conv_lowtv"", ""wavelet"", ""inr""]","[-11.910332679748535, -12.916112899780273, -17.949554443359375]","[0.001146442024037242, 0.00216746237128973, 1.1654530763626099]"
evc,chunk_80_84,83,2,3,conv_lowtv,"[""conv_lowtv"", ""wavelet"", ""inr""]","[-12.236401557922363, -13.934276580810547, -17.054874420166016]","[0.0018390842014923692, 0.0030011150520294905, 0.3133670389652252]"
evc,chunk_80_84,83,2,4,conv_lowtv,"[""conv_lowtv"", ""wavelet"", ""inr""]","[-12.09650707244873, -13.18142318725586, -18.213720321655273]","[0.0010344890179112554, 0.002708695363253355, 1.3348702192306519]"
evc,chunk_80_84,83,2,5,conv_lowtv,"[""conv_lowtv"", ""wavelet"", ""inr""]","[-12.974967002868652, -14.25336742401123, -19.748905181884766]","[0.001415918581187725, 0.0040239631198346615, 1.5790183544158936]"
evc,chunk_80_84,83,2,6,conv_lowtv,"[""conv_lowtv"", ""wavelet"", ""inr""]","[-13.015093803405762, -13.733755111694336, -20.698814392089844]","[0.001238883240148425, 0.0039057456888258457, 1.8543580770492554]"
evc,chunk_80_84,83,2,7,conv_lowtv,"[""conv_lowtv"", ""wavelet"", ""inr""]","[-12.918525695800781, -13.987719535827637, -20.521574020385742]","[0.0011980152921751142, 0.003721700282767415, 1.6279597282409668]"
evc,chunk_80_84,83,2,8,wavelet,"[""conv_lowtv"", ""wavelet"", ""inr""]","[-14.911386489868164, -14.228707313537598, -21.02649688720703]","[0.0037811340298503637, 0.0027783112600445747, 1.8807311058044434]"
evc,chunk_80_84,83,3,1,dct,"[""dct"", ""had""]","[-11.693646430969238, -12.417558670043945]","[0.0007614936330355704, 0.001170507981441915]"
evc,chunk_80_84,83,3,2,dct,"[""dct"", ""had""]","[-14.187439918518066, -14.4238920211792]","[0.00245204521343112, 0.005008095875382423]"
evc,chunk_80_84,83,3,3,had,"[""dct"", ""had""]","[-13.793625831604004, -13.736948013305664]","[0.0030983106698840857, 0.0019841082394123077]"
evc,chunk_80_84,83,3,4,dct,"[""dct"", ""had""]","[-14.054865837097168, -14.784697532653809]","[0.0016092166770249605, 0.008617366664111614]"
evc,chunk_80_84,83,3,5,dct,"[""dct"", ""had""]","[-13.868351936340332, -14.832115173339844]","[0.0024704851675778627, 0.003482930827885866]"
evc,chunk_85_89,85,0,1,phys,"[""phys"", ""robust""]","[-11.545676231384277, -11.645584106445312]","[0.0003178945044055581, 0.003662517061457038]"
evc,chunk_85_89,85,0,2,phys,"[""phys"", ""robust""]","[-11.50495719909668, -11.90670108795166]","[0.00011374434689059854, 0.004447195678949356]"
evc,chunk_85_89,85,0,3,phys,"[""phys"", ""robust""]","[-11.74552059173584, -12.933069229125977]","[0.00010926867980742827, 0.006276921834796667]"
evc,chunk_85_89,85,0,4,phys,"[""phys"", ""robust""]","[-11.592316627502441, -11.765610694885254]","[8.854969200911e-05, 0.0005221737083047628]"
evc,chunk_85_89,85,0,5,phys,"[""phys"", ""robust""]","[-11.549005508422852, -11.891501426696777]","[6.854563253000379e-05, 0.0009949186351150274]"
evc,chunk_85_89,85,0,6,phys,"[""phys"", ""robust""]","[-11.456680297851562, -12.156662940979004]","[7.57764428271912e-05, 0.001532066147774458]"
evc,chunk_85_89,85,0,7,phys,"[""phys"", ""robust""]","[-11.582311630249023, -12.028719902038574]","[7.261285645654425e-05, 0.0008249349193647504]"
evc,chunk_85_89,85,0,8,phys,"[""phys"", ""robust""]","[-11.827569007873535, -11.938392639160156]","[0.0003302292025182396, 0.0005743435467593372]"
evc,chunk_85_89,85,1,1,conv,"[""conv"", ""prox_tv""]","[-11.269475936889648, -11.72440242767334]","[0.00018327809812035412, 0.0002349739515921101]"
evc,chunk_85_89,85,1,2,conv,"[""conv"", ""prox_tv""]","[-11.047157287597656, -11.636534690856934]","[8.785064710536972e-05, 0.00011533712677191943]"
evc,chunk_85_89,85,1,3,prox_tv,"[""conv"", ""prox_tv""]","[-11.527754783630371, -11.289753913879395]","[0.00011510412150528282, 9.268504800274968e-05]"
evc,chunk_85_89,85,1,4,prox_tv,"[""conv"", ""prox_tv""]","[-11.484332084655762, -11.279860496520996]","[0.00016026476805564016, 9.372521890327334e-05]"
evc,chunk_85_89,85,1,5,conv,"[""conv"", ""prox_tv""]","[-11.69394588470459, -12.020655632019043]","[0.00014075399667490274, 0.0004331253585405648]"
evc,chunk_85_89,85,1,6,prox_tv,"[""conv"", ""prox_tv""]","[-11.802350044250488, -11.462660789489746]","[0.0002138420386472717, 9.370243787998334e-05]"
evc,chunk_85_89,85,1,7,conv,"[""conv"", ""prox_tv""]","[-11.629511833190918, -12.238530158996582]","[8.431850437773392e-05, 0.0001693942176643759]"
evc,chunk_85_89,85,1,8,conv,"[""conv"", ""prox_tv""]","[-11.492338180541992, -12.675233840942383]","[0.00016726386093068868, 0.0004416205338202417]"
evc,chunk_85_89,85,2,1,conv_lowtv,"[""conv_lowtv"", ""wavelet"", ""inr""]","[-11.98432731628418, -12.508756637573242, -16.113927841186523]","[0.00019621540559455752, 0.0005811850423924625, 0.1941932737827301]"
evc,chunk_85_89,85,2,2,conv_lowtv,"[""conv_lowtv"", ""wavelet"", ""inr""]","[-12.4439697265625, -13.126869201660156, -17.336978912353516]","[0.00027331156888976693, 0.0006647762493230402, 0.1765788197517395]"
evc,chunk_85_89,85,2,3,conv_lowtv,"[""conv_lowtv"", ""wavelet"", ""inr""]","[-12.54040813446045, -13.121917724609375, -17.630489349365234]","[0.0002154787944164127, 0.0003913698310498148, 0.20723965764045715]"
evc,chunk_85_89,85,2,4,conv_lowtv,"[""conv_lowtv"", ""wavelet"", ""inr""]","[-12.382340431213379, -13.122697830200195, -17.716976165771484]","[0.00014317504246719182, 0.0005826994311064482, 0.19578629732131958]"
evc,chunk_85_89,85,2,5,conv_lowtv,"[""conv_lowtv"", ""wavelet"", ""inr""]","[-12.278067588806152, -13.11995792388916, -17.74350357055664]","[8.15418316051364e-05, 0.0007214826182462275, 0.17457512021064758]"
evc,chunk_85_89,85,2,6,conv_lowtv,"[""conv_lowtv"", ""wavelet"", ""inr""]","[-12.328402519226074, -13.102535247802734, -17.683151245117188]","[9.545681677991524e-05, 0.0007374504930339754, 0.19125258922576904]"
evc,chunk_85_89,85,2,7,conv_lowtv,"[""conv_lowtv"", ""wavelet"", ""inr""]","[-12.149142265319824, -13.115912437438965, -17.756078720092773]","[6.068489528843202e-05, 0.0006333833443932235, 0.18405582010746002]"
evc,chunk_85_89,85,2,8,conv_lowtv,"[""conv_lowtv"", ""wavelet"", ""inr""]","[-12.391885757446289, -13.374751091003418, -18.03356170654297]","[8.507276652380824e-05, 0.0007229744805954397, 0.189020037651062]"
evc,chunk_85_89,85,3,1,had,"[""dct"", ""had""]","[-11.967533111572266, -11.60205364227295]","[0.00043386174365878105, 0.0002542018482927233]"
evc,chunk_85_89,85,3,2,had,"[""dct"", ""had""]","[-11.820364952087402, -11.786454200744629]","[0.000252650206675753, 0.0002372474264120683]"
evc,chunk_85_89,85,3,3,had,"[""dct"", ""had""]","[-11.704312324523926, -11.522695541381836]","[0.00022713519865646958, 0.00017484910495113581]"
evc,chunk_85_89,85,3,4,had,"[""dct"", ""had""]","[-12.093828201293945, -11.57392406463623]","[0.0006401913706213236, 0.0001596645888639614]"
evc,chunk_85_89,85,3,5,had,"[""dct"", ""had""]","[-12.050030708312988, -11.880806922912598]","[0.0004597820807248354, 0.00014830389409326017]"
evc,chunk_85_89,85,3,6,dct,"[""dct"", ""had""]","[-11.654455184936523, -12.12806224822998]","[0.00017711371765471995, 0.00022302113939076662]"
evc,chunk_85_89,85,3,7,had,"[""dct"", ""had""]","[-12.258301734924316, -12.133122444152832]","[0.0002393432951066643, 0.0001514911709818989]"
evc,chunk_85_89,85,3,8,dct,"[""dct"", ""had""]","[-11.889416694641113, -12.506128311157227]","[0.00014469027519226074, 0.0002925347944255918]"
evc,chunk_85_89,85,4,1,tv2,"[""tv2"", ""huber""]","[-11.647936820983887, -11.67082691192627]","[0.0005458901869133115, 0.0002184099139412865]"
evc,chunk_85_89,85,4,2,tv2,"[""tv2"", ""huber""]","[-11.576080322265625, -11.622923851013184]","[0.0003276582283433527, 0.00026313410489819944]"
evc,chunk_85_89,85,4,3,tv2,"[""tv2"", ""huber""]","[-11.712841033935547, -11.856162071228027]","[0.0006307379808276892, 0.00028770967037416995]"
evc,chunk_85_89,85,4,4,huber,"[""tv2"", ""huber""]","[-11.784512519836426, -11.606810569763184]","[0.0005287255626171827, 0.00021239892521407455]"
evc,chunk_85_89,85,4,5,huber,"[""tv2"", ""huber""]","[-11.63053035736084, -11.614578247070312]","[0.0003044643672183156, 0.00020483139087446034]"
evc,chunk_85_89,85,4,6,huber,"[""tv2"", ""huber""]","[-11.792006492614746, -11.714863777160645]","[0.00034153106389567256, 0.0002275128645123914]"
evc,chunk_85_89,85,4,7,tv2,"[""tv2"", ""huber""]","[-11.471623420715332, -12.205424308776855]","[0.0003604711964726448, 0.00039948924677446485]"
evc,chunk_85_89,85,4,8,huber,"[""tv2"", ""huber""]","[-12.375042915344238, -11.941916465759277]","[0.0007554623298346996, 0.00045369367580860853]"
evc,chunk_85_89,85,5,1,dct,"[""dct"", ""tv2""]","[-11.643258094787598, -11.674851417541504]","[0.0004930728464387357, 0.0006090910756029189]"
evc,chunk_85_89,85,5,2,dct,"[""dct"", ""tv2""]","[-11.743865013122559, -12.192925453186035]","[0.000549313728697598, 0.0009287780849263072]"
evc,chunk_85_89,85,5,3,tv2,"[""dct"", ""tv2""]","[-11.72258186340332, -11.003769874572754]","[0.0003376998647581786, 0.0003275938506703824]"
evc,chunk_85_89,85,5,4,tv2,"[""dct"", ""tv2""]","[-11.796417236328125, -11.665617942810059]","[0.0002886066504288465, 0.00042747214320115745]"
evc,chunk_85_89,85,5,5,tv2,"[""dct"", ""tv2""]","[-11.617045402526855, -11.570066452026367]","[0.00028843898326158524, 0.0005367342382669449]"
evc,chunk_85_89,85,5,6,dct,"[""dct"", ""tv2""]","[-11.57341194152832, -11.617142677307129]","[8.223098120652139e-05, 0.000610233168117702]"
evc,chunk_85_89,85,5,7,dct,"[""dct"", ""tv2""]","[-11.73552417755127, -11.768169403076172]","[0.000132747067254968, 0.0004821949696633965]"
evc,chunk_85_89,85,5,8,dct,"[""dct"", ""tv2""]","[-11.733030319213867, -11.755457878112793]","[0.00014873496547807008, 0.0005821753293275833]"
evc,chunk_85_89,86,0,1,phys,"[""phys"", ""robust""]","[-11.269783020019531, -11.35680866241455]","[0.0008793891756795347, 0.002887275768443942]"
evc,chunk_85_89,86,0,2,phys,"[""phys"", ""robust""]","[-10.85501766204834, -11.350455284118652]","[0.0010398703161627054, 0.0023655518889427185]"
evc,chunk_85_89,86,0,3,robust,"[""phys"", ""robust""]","[-12.308377265930176, -11.228514671325684]","[0.00517604686319828, 0.0016023970674723387]"
evc,chunk_85_89,86,0,4,phys,"[""phys"", ""robust""]","[-10.933337211608887, -11.47677230834961]","[0.0007779384613968432, 0.003953544422984123]"
evc,chunk_85_89,86,0,5,phys,"[""phys"", ""robust""]","[-11.160897254943848, -12.354612350463867]","[0.0006899781874381006, 0.009241730906069279]"
evc,chunk_85_89,86,0,6,phys,"[""phys"", ""robust""]","[-11.563899040222168, -11.87731647491455]","[0.0011181712616235018, 0.002606706228107214]"
evc,chunk_85_89,86,0,7,phys,"[""phys"", ""robust""]","[-11.520241737365723, -11.863984107971191]","[0.00109539192635566, 0.0016901834169402719]"
evc,chunk_85_89,86,0,8,phys,"[""phys"", ""robust""]","[-11.604216575622559, -12.054373741149902]","[0.0012343787821009755, 0.0015263971872627735]"
evc,chunk_85_89,86,1,1,prox_tv,"[""conv"", ""prox_tv""]","[-11.674564361572266, -11.400166511535645]","[0.0016222673002630472, 0.0009471910889260471]"
evc,chunk_85_89,86,1,2,prox_tv,"[""conv"", ""prox_tv""]","[-11.107217788696289, -11.043391227722168]","[0.0011501481058076024, 0.0010792919201776385]"
evc,chunk_85_89,86,1,3,conv,"[""conv"", ""prox_tv""]","[-10.972698211669922, -11.731456756591797]","[0.0008327769464813173, 0.0015174495056271553]"
evc,chunk_85_89,86,1,4,conv,"[""conv"", ""prox_tv""]","[-11.157584190368652, -11.681167602539062]","[0.0008926527807489038, 0.0010157345095649362]"
evc,chunk_85_89,86,1,5,conv,"[""conv"", ""prox_tv""]","[-11.403375625610352, -12.54553508758545]","[0.0013083999510854483, 0.002419025171548128]"
evc,chunk_85_89,86,1,6,conv,"[""conv"", ""prox_tv""]","[-11.603413581848145, -11.956402778625488]","[0.00089983397629112, 0.0012294297339394689]"
evc,chunk_85_89,86,1,7,conv,"[""conv"", ""prox_tv""]","[-11.47215461730957, -11.8617525100708]","[0.0006841126014478505, 0.0009500456508249044]"
evc,chunk_85_89,86,1,8,prox_tv,"[""conv"", ""prox_tv""]","[-11.73246955871582, -11.463168144226074]","[0.0010187143925577402, 0.0005933025968261063]"
evc,chunk_85_89,86,2,1,conv_lowtv,"[""conv_lowtv"", ""wavelet"", ""inr""]","[-11.627867698669434, -12.316149711608887, -16.066537857055664]","[0.0008891156176105142, 0.002069330308586359, 0.31434786319732666]"
evc,chunk_85_89,86,2,2,conv_lowtv,"[""conv_lowtv"", ""wavelet"", ""inr""]","[-11.817789077758789, -12.513764381408691, -17.977752685546875]","[0.0006257683271542192, 0.0014219508739188313, 0.3615572154521942]"
evc,chunk_85_89,86,2,3,conv_lowtv,"[""conv_lowtv"", ""wavelet"", ""inr""]","[-11.900320053100586, -12.605406761169434, -18.342697143554688]","[0.0010120522929355502, 0.001653329818509519, 0.32665178179740906]"
evc,chunk_85_89,86,2,4,conv_lowtv,"[""conv_lowtv"", ""wavelet"", ""inr""]","[-12.044974327087402, -12.766332626342773, -19.22720718383789]","[0.0005982914008200169, 0.0010619998211041093, 0.341825008392334]"
evc,chunk_85_89,86,2,5,conv_lowtv,"[""conv_lowtv"", ""wavelet"", ""inr""]","[-12.377853393554688, -13.460272789001465, -19.446727752685547]","[0.0016984466928988695, 0.00198521395213902, 0.33677583932876587]"
evc,chunk_85_89,86,2,6,conv_lowtv,"[""conv_lowtv"", ""wavelet"", ""inr""]","[-12.431185722351074, -13.01448917388916, -19.703224182128906]","[0.0010408777743577957, 0.0009583584615029395, 0.3534816801548004]"
evc,chunk_85_89,86,2,7,conv_lowtv,"[""conv_lowtv"", ""wavelet"", ""inr""]","[-12.510503768920898, -12.988541603088379, -19.65973663330078]","[0.001138600637204945, 0.0012257357593625784, 0.4008379578590393]"
evc,chunk_85_89,86,2,8,conv_lowtv,"[""conv_lowtv"", ""wavelet"", ""inr""]","[-12.308506965637207, -13.600324630737305, -19.219425201416016]","[0.001488403999246657, 0.0038786176592111588, 0.3804367184638977]"
evc,chunk_85_89,86,3,1,had,"[""dct"", ""had""]","[-11.862716674804688, -11.19665241241455]","[0.001792163122445345, 0.0015457110712304711]"
evc,chunk_85_89,86,3,2,had,"[""dct"", ""had""]","[-11.174271583557129, -11.045517921447754]","[0.0015455721877515316, 0.000728711427655071]"
evc,chunk_85_89,86,3,3,dct,"[""dct"", ""had""]","[-10.76616382598877, -11.468550682067871]","[0.0006128487293608487, 0.0008864342235028744]"
evc,chunk_85_89,86,3,4,dct,"[""dct"", ""had""]","[-11.2011079788208, -11.71481704711914]","[0.000896645535249263, 0.0012562675401568413]"
evc,chunk_85_89,86,3,5,dct,"[""dct"", ""had""]","[-10.716774940490723, -11.357556343078613]","[0.0009243716485798359, 0.001130445976741612]"
evc,chunk_85_89,86,3,6,dct,"[""dct"", ""had""]","[-11.100049018859863, -11.663413047790527]","[0.0009375118534080684, 0.0010308072669431567]"
evc,chunk_85_89,86,3,7,had,"[""dct"", ""had""]","[-11.857396125793457, -11.517666816711426]","[0.0016269234474748373, 0.0012006880715489388]"
evc,chunk_85_89,86,3,8,dct,"[""dct"", ""had""]","[-11.449057579040527, -11.962878227233887]","[0.0009642830118536949, 0.001365646137855947]"
evc,chunk_85_89,86,4,1,tv2,"[""tv2"", ""huber""]","[-11.229682922363281, -11.26063060760498]","[0.0017480308888480067, 0.0011431043967604637]"
evc,chunk_85_89,86,4,2,tv2,"[""tv2"", ""huber""]","[-10.993659019470215, -11.644516944885254]","[0.0010623130947351456, 0.0013476073509082198]"
evc,chunk_85_89,86,4,3,tv2,"[""tv2"", ""huber""]","[-11.162952423095703, -12.1368408203125]","[0.0011452394537627697, 0.001486888388171792]"
evc,chunk_85_89,86,4,4,huber,"[""tv2"", ""huber""]","[-11.23889446258545, -11.233843803405762]","[0.0009762348490767181, 0.0008874008781276643]"
evc,chunk_85_89,86,4,5,huber,"[""tv2"", ""huber""]","[-11.430851936340332, -11.333980560302734]","[0.001509348163381219, 0.0009057024144567549]"
evc,chunk_85_89,86,4,6,tv2,"[""tv2"", ""huber""]","[-11.448501586914062, -11.486577987670898]","[0.0010119231883436441, 0.0007767656934447587]"
evc,chunk_85_89,86,4,7,huber,"[""tv2"", ""huber""]","[-11.699986457824707, -11.625017166137695]","[0.0013977005146443844, 0.0008176423143595457]"
evc,chunk_85_89,86,4,8,tv2,"[""tv2"", ""huber""]","[-11.093493461608887, -11.90466022491455]","[0.0007913322770036757, 0.001641166745685041]"
evc,chunk_85_89,86,5,1,tv2,"[""dct"", ""tv2""]","[-11.35414981842041, -10.999430656433105]","[0.0011030317982658744, 0.001743585686199367]"
evc,chunk_85_89,86,5,2,tv2,"[""dct"", ""tv2""]","[-14.76753044128418, -12.173613548278809]","[0.023449955508112907, 0.0038579246029257774]"
evc,chunk_85_89,86,5,3,dct,"[""dct"", ""tv2""]","[-11.450366020202637, -11.544671058654785]","[0.0010024633957073092, 0.0014599384739995003]"
evc,chunk_85_89,86,5,4,dct,"[""dct"", ""tv2""]","[-11.304532051086426, -11.31781005859375]","[0.0008034492493607104, 0.0010045759845525026]"
evc,chunk_85_89,86,5,5,dct,"[""dct"", ""tv2""]","[-11.288329124450684, -11.373391151428223]","[0.0009743997361510992, 0.0012513293186202645]"
evc,chunk_85_89,86,5,6,dct,"[""dct"", ""tv2""]","[-11.466001510620117, -12.103473663330078]","[0.001216869568452239, 0.004180431365966797]"
evc,chunk_85_89,86,5,7,dct,"[""dct"", ""tv2""]","[-11.630277633666992, -12.60745620727539]","[0.0014458075165748596, 0.0053822859190404415]"
evc,chunk_85_89,86,5,8,dct,"[""dct"", ""tv2""]","[-11.508652687072754, -11.559517860412598]","[0.0010898272739723325, 0.001189212198369205]"
evc,chunk_85_89,87,0,1,robust,"[""phys"", ""robust""]","[-10.332762718200684, -10.312647819519043]","[0.0001636997185414657, 0.0011821631342172623]"
evc,chunk_85_89,87,0,2,phys,"[""phys"", ""robust""]","[-10.35155200958252, -10.514779090881348]","[0.00020018276700284332, 0.006465717684477568]"
evc,chunk_85_89,87,0,3,phys,"[""phys"", ""robust""]","[-10.263941764831543, -10.558472633361816]","[6.606616079807281e-05, 0.003436862025409937]"
evc,chunk_85_89,87,0,4,phys,"[""phys"", ""robust""]","[-10.25101375579834, -10.60196590423584]","[9.421630238648504e-05, 0.0016240855911746621]"
evc,chunk_85_89,87,0,5,phys,"[""phys"", ""robust""]","[-10.349738121032715, -10.649272918701172]","[8.986026659840718e-05, 0.0024708809796720743]"
evc,chunk_85_89,87,0,6,phys,"[""phys"", ""robust""]","[-10.096905708312988, -10.994830131530762]","[4.1853098082356155e-05, 0.006976277567446232]"
evc,chunk_85_89,87,0,7,phys,"[""phys"", ""robust""]","[-10.229327201843262, -10.584298133850098]","[5.7559922424843535e-05, 0.001899465685710311]"
evc,chunk_85_89,87,0,8,phys,"[""phys"", ""robust""]","[-10.17275333404541, -10.443211555480957]","[6.003070666338317e-05, 0.0014175090473145247]"
evc,chunk_85_89,87,1,1,conv,"[""conv"", ""prox_tv""]","[-9.798128128051758, -10.522475242614746]","[0.00012225363752804697, 0.0001265467144548893]"
evc,chunk_85_89,87,1,2,prox_tv,"[""conv"", ""prox_tv""]","[-10.168486595153809, -10.007701873779297]","[8.885034912964329e-05, 8.069387695286423e-05]"
evc,chunk_85_89,87,1,3,conv,"[""conv"", ""prox_tv""]","[-9.832569122314453, -10.469908714294434]","[6.002755981171504e-05, 8.95721314009279e-05]"
evc,chunk_85_89,87,1,4,prox_tv,"[""conv"", ""prox_tv""]","[-10.404839515686035, -10.047680854797363]","[0.0004976181080564857, 7.588265725644305e-05]"
evc,chunk_85_89,87,1,5,conv,"[""conv"", ""prox_tv""]","[-9.730587005615234, -10.442083358764648]","[5.160457658348605e-05, 0.00013385387137532234]"
evc,chunk_85_89,87,1,6,conv,"[""conv"", ""prox_tv""]","[-9.67659854888916, -10.25118350982666]","[4.613351484294981e-05, 7.073988672345877e-05]"
evc,chunk_85_89,87,1,7,prox_tv,"[""conv"", ""prox_tv""]","[-10.41599178314209, -9.940266609191895]","[9.505669004283845e-05, 6.713766197208315e-05]"
evc,chunk_85_89,87,1,8,prox_tv,"[""conv"", ""prox_tv""]","[-10.20377254486084, -9.955802917480469]","[9.238466736860573e-05, 5.168408461031504e-05]"
evc,chunk_85_89,87,2,1,conv_lowtv,"[""conv_lowtv"", ""wavelet"", ""inr""]","[-9.873278617858887, -10.451679229736328, -11.72835636138916]","[8.51033182698302e-05, 0.0003077525179833174, 0.046872999519109726]"
evc,chunk_85_89,87,2,2,conv_lowtv,"[""conv_lowtv"", ""wavelet"", ""inr""]","[-9.913029670715332, -10.429886817932129, -11.92076301574707]","[8.949330367613584e-05, 0.0003321759286336601, 0.04553750157356262]"
evc,chunk_85_89,87,2,3,conv_lowtv,"[""conv_lowtv"", ""wavelet"", ""inr""]","[-9.694090843200684, -10.634157180786133, -12.091110229492188]","[5.2214298193575814e-05, 0.00037779787089675665, 0.05044027417898178]"
evc,chunk_85_89,87,2,4,conv_lowtv,"[""conv_lowtv"", ""wavelet"", ""inr""]","[-9.769464492797852, -10.541923522949219, -12.168957710266113]","[8.096043893601745e-05, 0.00043129007099196315, 0.04277448356151581]"
evc,chunk_85_89,87,2,5,conv_lowtv,"[""conv_lowtv"", ""wavelet"", ""inr""]","[-9.514025688171387, -10.60234260559082, -12.319316864013672]","[3.973515049437992e-05, 0.0003446986374910921, 0.05000612139701843]"
evc,chunk_85_89,87,2,6,conv_lowtv,"[""conv_lowtv"", ""wavelet"", ""inr""]","[-9.689926147460938, -10.481513023376465, -12.22020435333252]","[6.658464553765953e-05, 0.00034804624738171697, 0.045673973858356476]"
evc,chunk_85_89,87,2,7,conv_lowtv,"[""conv_lowtv"", ""wavelet"", ""inr""]","[-9.59616470336914, -10.785422325134277, -12.490144729614258]","[4.847388845519163e-05, 0.00039393367478623986, 0.04550420492887497]"
evc,chunk_85_89,87,2,8,conv_lowtv,"[""conv_lowtv"", ""wavelet"", ""inr""]","[-9.660765647888184, -10.831727027893066, -12.54411506652832]","[4.3415147956693545e-05, 0.00041233235970139503, 0.04533558711409569]"
evc,chunk_85_89,87,3,1,dct,"[""dct"", ""had""]","[-9.975171089172363, -10.345953941345215]","[6.45226173219271e-05, 6.793213105993345e-05]"
evc,chunk_85_89,87,3,2,had,"[""dct"", ""had""]","[-10.455348014831543, -10.227484703063965]","[0.00014917150838300586, 0.00014550586638506502]"
evc,chunk_85_89,87,3,3,had,"[""dct"", ""had""]","[-10.53683090209961, -9.951310157775879]","[0.00019946998509112746, 7.336796988965943e-05]"
evc,chunk_85_89,87,3,4,had,"[""dct"", ""had""]","[-10.44678020477295, -10.14058780670166]","[0.00013403146294876933, 9.342240809928626e-05]"
evc,chunk_85_89,87,3,5,dct,"[""dct"", ""had""]","[-10.32784652709961, -10.878633499145508]","[0.00013132477761246264, 0.00021080656733829528]"
evc,chunk_85_89,87,3,6,had,"[""dct"", ""had""]","[-10.560802459716797, -10.271245002746582]","[0.0001631427585380152, 9.916551789501682e-05]"
evc,chunk_85_89,87,3,7,dct,"[""dct"", ""had""]","[-9.988249778747559, -10.560783386230469]","[8.394067117478698e-05, 9.694228356238455e-05]"
evc,chunk_85_89,87,3,8,dct,"[""dct"", ""had""]","[-10.111954689025879, -10.78009033203125]","[0.00010317649866919965, 0.00017348630353808403]"
evc,chunk_85_89,87,4,1,tv2,"[""tv2"", ""huber""]","[-9.660595893859863, -10.58676815032959]","[0.000336789817083627, 0.00035222855512984097]"
evc,chunk_85_89,87,4,2,huber,"[""tv2"", ""huber""]","[-9.99467945098877, -9.84940242767334]","[0.0004580442910082638, 0.0001662151626078412]"
evc,chunk_85_89,87,4,3,huber,"[""tv2"", ""huber""]","[-9.914459228515625, -9.83370304107666]","[0.0003189833660144359, 0.00024021674471441656]"
evc,chunk_85_89,87,4,4,tv2,"[""tv2"", ""huber""]","[-9.9480562210083, -9.975077629089355]","[0.0005033671041019261, 0.00023696858261246234]"
evc,chunk_85_89,87,4,5,tv2,"[""tv2"", ""huber""]","[-9.964564323425293, -10.327923774719238]","[0.00038501861854456365, 0.0003592334105633199]"
evc,chunk_85_89,87,4,6,tv2,"[""tv2"", ""huber""]","[-9.991338729858398, -10.121952056884766]","[0.0003553159476723522, 0.00020294483692850918]"
evc,chunk_85_89,87,4,7,tv2,"[""tv2"", ""huber""]","[-9.588574409484863, -10.759811401367188]","[0.00030953739769756794, 0.0005225108470767736]"
evc,chunk_85_89,87,4,8,huber,"[""tv2"", ""huber""]","[-10.257265090942383, -10.20719051361084]","[0.0004167330916970968, 0.00018718007777351886]"
evc,chunk_85_89,87,5,1,tv2,"[""dct"", ""tv2""]","[-9.952070236206055, -9.919604301452637]","[7.736369298072532e-05, 0.0002933669020421803]"
evc,chunk_85_89,87,5,2,tv2,"[""dct"", ""tv2""]","[-10.11192512512207, -9.8372220993042]","[0.00012142587365815416, 0.000466818775748834]"
evc,chunk_85_89,87,5,3,tv2,"[""dct"", ""tv2""]","[-9.969277381896973, -9.942320823669434]","[6.9812209403608e-05, 0.0004723123274743557]"
evc,chunk_85_89,87,5,4,tv2,"[""dct"", ""tv2""]","[-10.088969230651855, -9.939343452453613]","[9.983828203985468e-05, 0.0003025238693226129]"
evc,chunk_85_89,87,5,5,tv2,"[""dct"", ""tv2""]","[-10.355278968811035, -9.795485496520996]","[8.807258564047515e-05, 0.0003426921903155744]"
evc,chunk_85_89,87,5,6,tv2,"[""dct"", ""tv2""]","[-10.451108932495117, -9.974295616149902]","[0.00011758455366361886, 0.0003301188407931477]"
evc,chunk_85_89,87,5,7,tv2,"[""dct"", ""tv2""]","[-10.345559120178223, -9.996827125549316]","[0.00017478468362241983, 0.00038035938632674515]"
evc,chunk_85_89,87,5,8,tv2,"[""dct"", ""tv2""]","[-10.617806434631348, -10.251777648925781]","[0.0002005008136620745, 0.0008963321452029049]"
evc,chunk_85_89,88,0,1,phys,"[""phys"", ""robust""]","[-11.673710823059082, -12.317625045776367]","[0.0008335933089256287, 0.031873852014541626]"
evc,chunk_85_89,88,0,2,phys,"[""phys"", ""robust""]","[-11.750752449035645, -12.162922859191895]","[0.0007086931145749986, 0.013282948173582554]"
evc,chunk_85_89,88,0,3,phys,"[""phys"", ""robust""]","[-12.098528861999512, -12.20152759552002]","[0.0007661447743885219, 0.012594269588589668]"
evc,chunk_85_89,88,0,4,phys,"[""phys"", ""robust""]","[-13.222302436828613, -14.41618824005127]","[0.0014831627486273646, 0.15803247690200806]"
evc,chunk_85_89,88,0,5,phys,"[""phys"", ""robust""]","[-12.539629936218262, -12.871855735778809]","[0.0017011763993650675, 0.011518441140651703]"
evc,chunk_85_89,88,0,6,phys,"[""phys"", ""robust""]","[-12.525769233703613, -13.022917747497559]","[0.0005749432602897286, 0.0180188175290823]"
evc,chunk_85_89,88,0,7,phys,"[""phys"", ""robust""]","[-12.863767623901367, -13.389092445373535]","[0.004363044630736113, 0.014450729824602604]"
evc,chunk_85_89,88,0,8,phys,"[""phys"", ""robust""]","[-13.9554443359375, -16.179399490356445]","[0.0018344956915825605, 0.08489668369293213]"
evc,chunk_85_89,88,1,1,conv,"[""conv"", ""prox_tv""]","[-11.615057945251465, -12.151622772216797]","[0.0007888500695116818, 0.0008319574990309775]"
evc,chunk_85_89,88,1,2,prox_tv,"[""conv"", ""prox_tv""]","[-12.89058780670166, -12.488688468933105]","[0.0017286745132878423, 0.0012219770578667521]"
evc,chunk_85_89,88,1,3,prox_tv,"[""conv"", ""prox_tv""]","[-12.762962341308594, -12.300166130065918]","[0.001990366028621793, 0.001000131480395794]"
evc,chunk_85_89,88,1,4,conv,"[""conv"", ""prox_tv""]","[-13.845809936523438, -18.404123306274414]","[0.002470483537763357, 0.20907674729824066]"
evc,chunk_85_89,88,1,5,conv,"[""conv"", ""prox_tv""]","[-12.7249116897583, -13.337916374206543]","[0.002645069733262062, 0.0026596132665872574]"
evc,chunk_85_89,88,1,6,prox_tv,"[""conv"", ""prox_tv""]","[-14.863415718078613, -13.746451377868652]","[0.011234655976295471, 0.003470940515398979]"
evc,chunk_85_89,88,1,7,prox_tv,"[""conv"", ""prox_tv""]","[-13.807730674743652, -13.732863426208496]","[0.002901179948821664, 0.0020157170947641134]"
evc,chunk_85_89,88,1,8,conv,"[""conv"", ""prox_tv""]","[-14.066668510437012, -15.099780082702637]","[0.004123367369174957, 0.015227992087602615]"
evc,chunk_85_89,88,2,1,conv_lowtv,"[""conv_lowtv"", ""wavelet"", ""inr""]","[-11.810643196105957, -12.59996509552002, -15.850549697875977]","[0.001064412877894938, 0.0019999004434794188, 0.3702697455883026]"
evc,chunk_85_89,88,2,2,conv_lowtv,"[""conv_lowtv"", ""wavelet"", ""inr""]","[-11.241799354553223, -12.505030632019043, -16.030664443969727]","[0.0005995519459247589, 0.001778961275704205, 0.47366461157798767]"
evc,chunk_85_89,88,2,3,conv_lowtv,"[""conv_lowtv"", ""wavelet"", ""inr""]","[-11.904218673706055, -13.387717247009277, -16.0283145904541]","[0.0007969361613504589, 0.003068199148401618, 0.39301252365112305]"
evc,chunk_85_89,88,2,4,conv_lowtv,"[""conv_lowtv"", ""wavelet"", ""inr""]","[-12.849322319030762, -13.186079978942871, -17.005098342895508]","[0.007172927726060152, 0.002651178278028965, 0.5879279375076294]"
evc,chunk_85_89,88,2,5,conv_lowtv,"[""conv_lowtv"", ""wavelet"", ""inr""]","[-13.283217430114746, -14.137030601501465, -17.66939926147461]","[0.0022596982307732105, 0.0036500443238765, 0.5054008364677429]"
evc,chunk_85_89,88,2,6,conv_lowtv,"[""conv_lowtv"", ""wavelet"", ""inr""]","[-13.37282943725586, -14.347088813781738, -18.519371032714844]","[0.0015149920945987105, 0.004894902464002371, 0.517877995967865]"
evc,chunk_85_89,88,2,7,conv_lowtv,"[""conv_lowtv"", ""wavelet"", ""inr""]","[-12.538750648498535, -13.961138725280762, -17.909528732299805]","[0.0004105022526346147, 0.003492922754958272, 0.5378808975219727]"
evc,chunk_85_89,88,2,8,conv_lowtv,"[""conv_lowtv"", ""wavelet"", ""inr""]","[-13.59954833984375, -14.30876636505127, -17.666414260864258]","[0.0034069111570715904, 0.003472380805760622, 0.21814243495464325]"
evc,chunk_85_89,88,3,1,dct,"[""dct"", ""had""]","[-11.596356391906738, -12.776171684265137]","[0.00041797003359533846, 0.0011260210303589702]"
evc,chunk_85_89,88,3,2,dct,"[""dct"", ""had""]","[-12.196274757385254, -12.51400089263916]","[0.002338569378480315, 0.005298183299601078]"
evc,chunk_85_89,88,3,3,dct,"[""dct"", ""had""]","[-13.209626197814941, -13.665621757507324]","[0.0028993745800107718, 0.0047712428495287895]"
evc,chunk_85_89,88,3,4,dct,"[""dct"", ""had""]","[-13.864773750305176, -13.976143836975098]","[0.004613866098225117, 0.0035583944991230965]"
evc,chunk_85_89,88,3,5,dct,"[""dct"", ""had""]","[-13.134159088134766, -13.75420093536377]","[0.0055167097598314285, 0.0058907754719257355]"
evc,chunk_85_89,88,3,6,dct,"[""dct"", ""had""]","[-13.841765403747559, -16.009403228759766]","[0.0022386275231838226, 0.04444200545549393]"
evc,chunk_90_94,90,0,1,phys,"[""phys"", ""robust""]","[-13.556818962097168, -13.924301147460938]","[0.0024876734241843224, 0.013385031372308731]"
evc,chunk_90_94,90,0,2,robust,"[""phys"", ""robust""]","[-15.660069465637207, -14.913575172424316]","[0.004744629375636578, 0.011984314769506454]"
evc,chunk_90_94,90,0,3,phys,"[""phys"", ""robust""]","[-14.010144233703613, -14.434784889221191]","[0.0020665847696363926, 0.013949778862297535]"
evc,chunk_90_94,90,0,4,phys,"[""phys"", ""robust""]","[-14.335494041442871, -14.896955490112305]","[0.0021536939311772585, 0.01001832913607359]"
evc,chunk_90_94,90,0,5,phys,"[""phys"", ""robust""]","[-15.018404960632324, -15.212340354919434]","[0.002277705119922757, 0.00789736956357956]"
evc,chunk_90_94,90,0,6,phys,"[""phys"", ""robust""]","[-14.09235668182373, -14.657708168029785]","[0.0015963378828018904, 0.009169159457087517]"
evc,chunk_90_94,90,0,7,phys,"[""phys"", ""robust""]","[-14.696685791015625, -15.277112007141113]","[0.0013308152556419373, 0.011153235100209713]"
evc,chunk_90_94,90,0,8,phys,"[""phys"", ""robust""]","[-15.055062294006348, -15.818717002868652]","[0.0026982082054018974, 0.010911602526903152]"
evc,chunk_90_94,90,1,1,prox_tv,"[""conv"", ""prox_tv""]","[-14.270268440246582, -13.925925254821777]","[0.0031404150649905205, 0.0009338337695226073]"
evc,chunk_90_94,90,1,2,conv,"[""conv"", ""prox_tv""]","[-14.603311538696289, -17.99180030822754]","[0.003483543172478676, 0.060298237949609756]"
evc,chunk_90_94,90,1,3,conv,"[""conv"", ""prox_tv""]","[-14.090092658996582, -14.534895896911621]","[0.0020908371079713106, 0.002610685070976615]"
evc,chunk_90_94,90,1,4,conv,"[""conv"", ""prox_tv""]","[-14.144095420837402, -14.51692008972168]","[0.0030528937932103872, 0.008583374321460724]"
evc,chunk_90_94,90,1,5,conv,"[""conv"", ""prox_tv""]","[-14.200758934020996, -14.706843376159668]","[0.0005624449113383889, 0.002126897918060422]"
evc,chunk_90_94,90,1,6,prox_tv,"[""conv"", ""prox_tv""]","[-13.980984687805176, -13.979665756225586]","[0.0026771430857479572, 0.003246877808123827]"
evc,chunk_90_94,90,1,7,prox_tv,"[""conv"", ""prox_tv""]","[-14.541459083557129, -14.379815101623535]","[0.0012238307390362024, 0.0006292065954767168]"
evc,chunk_90_94,90,1,8,prox_tv,"[""conv"", ""prox_tv""]","[-15.015509605407715, -14.65952205657959]","[0.0021910988725721836, 0.0018209621775895357]"
evc,chunk_90_94,90,2,1,conv_lowtv,"[""conv_lowtv"", ""wavelet"", ""inr""]","[-14.936810493469238, -15.443660736083984, -21.623308181762695]","[0.00248743430711329, 0.002086630091071129, 0.631198525428772]"
evc,chunk_90_94,90,2,2,conv_lowtv,"[""conv_lowtv"", ""wavelet"", ""inr""]","[-15.50258731842041, -16.253942489624023, -23.952117919921875]","[0.004246255848556757, 0.009611704386770725, 0.5557723641395569]"
evc,chunk_90_94,90,2,3,conv_lowtv,"[""conv_lowtv"", ""wavelet"", ""inr""]","[-16.13766098022461, -16.389263153076172, -25.007904052734375]","[0.0020658434368669987, 0.0019075487507507205, 0.5798420310020447]"
evc,chunk_90_94,90,2,4,conv_lowtv,"[""conv_lowtv"", ""wavelet"", ""inr""]","[-16.49942970275879, -16.693092346191406, -25.91066551208496]","[0.0025310353375971317, 0.0020884450059384108, 0.5528395175933838]"
evc,chunk_90_94,90,2,5,conv_lowtv,"[""conv_lowtv"", ""wavelet"", ""inr""]","[-16.39777183532715, -17.083459854125977, -26.236000061035156]","[0.002514477586373687, 0.0029963303823024035, 0.5654140114784241]"
evc,chunk_90_94,90,2,6,conv_lowtv,"[""conv_lowtv"", ""wavelet"", ""inr""]","[-16.978092193603516, -18.230995178222656, -26.82428550720215]","[0.0019841764587908983, 0.005652307998389006, 0.5452139973640442]"
evc,chunk_90_94,90,2,7,conv_lowtv,"[""conv_lowtv"", ""wavelet"", ""inr""]","[-15.868908882141113, -16.515682220458984, -25.875425338745117]","[0.0017815078608691692, 0.0021501409355551004, 0.609071671962738]"
evc,chunk_90_94,90,2,8,conv_lowtv,"[""conv_lowtv"", ""wavelet"", ""inr""]","[-16.72633171081543, -17.14360809326172, -26.67626190185547]","[0.0030359940137714148, 0.0019234135979786515, 0.5387251973152161]"
evc,chunk_90_94,90,3,1,had,"[""dct"", ""had""]","[-13.939484596252441, -13.919638633728027]","[0.0014473246410489082, 0.0011852681636810303]"
evc,chunk_90_94,90,3,2,dct,"[""dct"", ""had""]","[-13.59469985961914, -13.882125854492188]","[0.002385491970926523, 0.003065712284296751]"
evc,chunk_90_94,90,3,3,dct,"[""dct"", ""had""]","[-13.829949378967285, -14.487231254577637]","[0.0019566817209124565, 0.005093492101877928]"
evc,chunk_90_94,90,3,4,had,"[""dct"", ""had""]","[-14.954943656921387, -14.636197090148926]","[0.004255900625139475, 0.0018065026961266994]"
evc,chunk_90_94,90,3,5,dct,"[""dct"", ""had""]","[-15.373644828796387, -16.5262508392334]","[0.001242197584360838, 0.009682949632406235]"
evc,chunk_90_94,90,3,6,dct,"[""dct"", ""had""]","[-14.320754051208496, -14.675801277160645]","[0.002314315875992179, 0.003347614547237754]"
evc,chunk_90_94,90,3,7,dct,"[""dct"", ""had""]","[-14.484658241271973, -15.046229362487793]","[0.0019715416710823774, 0.0022805961780250072]"
evc,chunk_90_94,90,3,8,had,"[""dct"", ""had""]","[-14.982096672058105, -14.640307426452637]","[0.0037965611554682255, 0.0018099306616932154]"
evc,chunk_90_94,90,4,1,tv2,"[""tv2"", ""huber""]","[-14.062795639038086, -14.875720024108887]","[0.003310894826427102, 0.0035623586736619473]"
evc,chunk_90_94,90,4,2,tv2,"[""tv2"", ""huber""]","[-14.289505958557129, -15.319313049316406]","[0.0033686754759401083, 0.009142179042100906]"
evc,chunk_90_94,90,4,3,tv2,"[""tv2"", ""huber""]","[-14.102998733520508, -14.275025367736816]","[0.003462936030700803, 0.002489664126187563]"
evc,chunk_90_94,90,4,4,tv2,"[""tv2"", ""huber""]","[-14.854432106018066, -14.979753494262695]","[0.006158499047160149, 0.0029318640008568764]"
evc,chunk_90_94,90,4,5,tv2,"[""tv2"", ""huber""]","[-14.81777286529541, -14.995057106018066]","[0.0039058043621480465, 0.0030651928391307592]"
evc,chunk_90_94,90,4,6,huber,"[""tv2"", ""huber""]","[-15.329228401184082, -15.152013778686523]","[0.004964760504662991, 0.002666325541213155]"
evc,chunk_90_94,90,4,7,huber,"[""tv2"", ""huber""]","[-16.708635330200195, -16.4932861328125]","[0.010093526914715767, 0.002558547304943204]"
evc,chunk_90_94,90,4,8,tv2,"[""tv2"", ""huber""]","[-15.059558868408203, -16.781417846679688]","[0.0029313236009329557, 0.009466116316616535]"
evc,chunk_90_94,90,5,1,dct,"[""dct"", ""tv2""]","[-13.629465103149414, -13.682652473449707]","[0.0020766127854585648, 0.0025103914085775614]"
evc,chunk_90_94,90,5,2,tv2,"[""dct"", ""tv2""]","[-14.350881576538086, -14.316119194030762]","[0.002007886068895459, 0.008109981194138527]"
evc,chunk_90_94,90,5,3,dct,"[""dct"", ""tv2""]","[-14.91616153717041, -15.084644317626953]","[0.003538380842655897, 0.004431217443197966]"
evc,chunk_90_94,90,5,4,tv2,"[""dct"", ""tv2""]","[-14.182295799255371, -13.408743858337402]","[0.003943555057048798, 0.0027741414960473776]"
evc,chunk_90_94,90,5,5,tv2,"[""dct"", ""tv2""]","[-16.107540130615234, -14.888602256774902]","[0.005766940303146839, 0.0034963146317750216]"
evc,chunk_90_94,90,5,6,tv2,"[""dct"", ""tv2""]","[-16.088613510131836, -15.066254615783691]","[0.004045318346470594, 0.003912025131285191]"
evc,chunk_90_94,90,5,7,tv2,"[""dct"", ""tv2""]","[-15.32959270477295, -15.189472198486328]","[0.002815647516399622, 0.002957193413749337]"
evc,chunk_90_94,90,5,8,tv2,"[""dct"", ""tv2""]","[-16.133039474487305, -14.94660472869873]","[0.008069418370723724, 0.007994045503437519]"
evc,chunk_90_94,91,0,1,phys,"[""phys"", ""robust""]","[-10.293660163879395, -10.71870231628418]","[0.00024691244470886886, 0.007990466430783272]"
evc,chunk_90_94,91,0,2,phys,"[""phys"", ""robust""]","[-10.280346870422363, -10.760184288024902]","[0.00022337710834108293, 0.0023099505342543125]"
evc,chunk_90_94,91,0,3,phys,"[""phys"", ""robust""]","[-10.48502254486084, -10.61640453338623]","[0.0003611393040046096, 0.005514365620911121]"
evc,chunk_90_94,91,0,4,robust,"[""phys"", ""robust""]","[-10.78952407836914, -10.381375312805176]","[0.0005666926736012101, 0.0012200894998386502]"
evc,chunk_90_94,91,0,5,phys,"[""phys"", ""robust""]","[-10.65798282623291, -10.901823997497559]","[0.0005465512513183057, 0.01371996384114027]"
evc,chunk_90_94,91,0,6,phys,"[""phys"", ""robust""]","[-10.41789722442627, -10.99915599822998]","[0.00019007101946044713, 0.00546712800860405]"
evc,chunk_90_94,91,0,7,phys,"[""phys"", ""robust""]","[-10.638688087463379, -10.781867027282715]","[0.00026317054289393127, 0.002635080134496093]"
evc,chunk_90_94,91,0,8,phys,"[""phys"", ""robust""]","[-10.29101276397705, -10.500815391540527]","[0.00015045132022351027, 0.002904422814026475]"
evc,chunk_90_94,91,1,1,conv,"[""conv"", ""prox_tv""]","[-10.19709300994873, -10.848929405212402]","[0.00019786262419074774, 0.0002503156429156661]"
evc,chunk_90_94,91,1,2,prox_tv,"[""conv"", ""prox_tv""]","[-10.979594230651855, -10.651557922363281]","[0.0038784323260188103, 0.0003548411186784506]"
evc,chunk_90_94,91,1,3,prox_tv,"[""conv"", ""prox_tv""]","[-10.627476692199707, -10.472575187683105]","[0.00040300708496943116, 0.0003542168124113232]"
evc,chunk_90_94,91,1,4,prox_tv,"[""conv"", ""prox_tv""]","[-10.920893669128418, -10.298249244689941]","[0.0009974195854738355, 0.00022377559798769653]"
evc,chunk_90_94,91,1,5,conv,"[""conv"", ""prox_tv""]","[-10.504266738891602, -10.521790504455566]","[0.00017208559438586235, 0.000147176455357112]"
evc,chunk_90_94,91,1,6,prox_tv,"[""conv"", ""prox_tv""]","[-10.511334419250488, -10.426762580871582]","[0.00027374125784263015, 0.00019199185771867633]"
evc,chunk_90_94,91,1,7,conv,"[""conv"", ""prox_tv""]","[-10.511038780212402, -11.475201606750488]","[0.0003090407408308238, 0.0006360419793054461]"
evc,chunk_90_94,91,1,8,prox_tv,"[""conv"", ""prox_tv""]","[-11.017073631286621, -10.689533233642578]","[0.0004197545349597931, 0.000248949509114027]"
evc,chunk_90_94,91,2,1,conv_lowtv,"[""conv_lowtv"", ""wavelet"", ""inr""]","[-10.751569747924805, -11.12725830078125, -13.094738006591797]","[0.00037806385080330074, 0.0004890932468697429, 0.12074121087789536]"
evc,chunk_90_94,91,2,2,conv_lowtv,"[""conv_lowtv"", ""wavelet"", ""inr""]","[-10.67737102508545, -11.041698455810547, -13.117944717407227]","[0.00033356263884343207, 0.0013594082556664944, 0.1267279088497162]"
evc,chunk_90_94,91,2,3,conv_lowtv,"[""conv_lowtv"", ""wavelet"", ""inr""]","[-10.326541900634766, -10.955257415771484, -13.152929306030273]","[0.00021095891133882105, 0.0008142092265188694, 0.13206307590007782]"
evc,chunk_90_94,91,2,4,conv_lowtv,"[""conv_lowtv"", ""wavelet"", ""inr""]","[-10.608302116394043, -11.26276683807373, -13.253870964050293]","[0.0002962955040857196, 0.0006504187476821244, 0.11675163358449936]"
evc,chunk_90_94,91,2,5,conv_lowtv,"[""conv_lowtv"", ""wavelet"", ""inr""]","[-10.52139663696289, -11.337323188781738, -13.549347877502441]","[0.000170105166034773, 0.000607996538747102, 0.11921052634716034]"
evc,chunk_90_94,91,2,6,conv_lowtv,"[""conv_lowtv"", ""wavelet"", ""inr""]","[-10.638754844665527, -11.356755256652832, -13.553378105163574]","[0.0003628845443017781, 0.0007679390837438405, 0.12351766973733902]"
evc,chunk_90_94,91,2,7,conv_lowtv,"[""conv_lowtv"", ""wavelet"", ""inr""]","[-10.313307762145996, -11.271551132202148, -13.498456954956055]","[0.000212275015655905, 0.0008630194934085011, 0.11959471553564072]"
evc,chunk_90_94,91,2,8,conv_lowtv,"[""conv_lowtv"", ""wavelet"", ""inr""]","[-10.299975395202637, -11.44495964050293, -13.813121795654297]","[0.00018038685084320605, 0.001019554096274078, 0.12678304314613342]"
evc,chunk_90_94,91,3,1,had,"[""dct"", ""had""]","[-10.649933815002441, -10.58751392364502]","[0.0002901831758208573, 0.0002727316168602556]"
evc,chunk_90_94,91,3,2,dct,"[""dct"", ""had""]","[-10.327433586120605, -11.031536102294922]","[0.0003870526561513543, 0.0006744167767465115]"
evc,chunk_90_94,91,3,3,had,"[""dct"", ""had""]","[-10.73110294342041, -10.560269355773926]","[0.0013240356929600239, 0.0004159642558079213]"
evc,chunk_90_94,91,3,4,dct,"[""dct"", ""had""]","[-10.22898006439209, -10.983362197875977]","[0.00023805529053788632, 0.0005063802818767726]"
evc,chunk_90_94,91,3,5,had,"[""dct"", ""had""]","[-11.031643867492676, -10.394848823547363]","[0.0012769384775310755, 0.00021077757992316037]"
evc,chunk_90_94,91,3,6,dct,"[""dct"", ""had""]","[-10.133927345275879, -10.684663772583008]","[0.0002214996056864038, 0.00030795944621786475]"
evc,chunk_90_94,91,3,7,had,"[""dct"", ""had""]","[-10.701054573059082, -10.356513023376465]","[0.0003389648627489805, 0.00019400000746827573]"
evc,chunk_90_94,91,3,8,dct,"[""dct"", ""had""]","[-10.209219932556152, -10.924033164978027]","[0.00014982170250732452, 0.0003569035907275975]"
evc,chunk_90_94,91,4,1,huber,"[""tv2"", ""huber""]","[-11.006278038024902, -10.379237174987793]","[0.003180046798661351, 0.000589104660321027]"
evc,chunk_90_94,91,4,2,huber,"[""tv2"", ""huber""]","[-10.195696830749512, -10.188851356506348]","[0.0014381703222170472, 0.0010943134548142552]"
evc,chunk_90_94,91,4,3,huber,"[""tv2"", ""huber""]","[-10.173826217651367, -10.026507377624512]","[0.0007016633753664792, 0.0004504009266383946]"
evc,chunk_90_94,91,4,4,huber,"[""tv2"", ""huber""]","[-10.191659927368164, -10.137321472167969]","[0.0014465355779975653, 0.0006615327438339591]"
evc,chunk_90_94,91,4,5,huber,"[""tv2"", ""huber""]","[-10.34593677520752, -10.239786148071289]","[0.0017756078159436584, 0.0005186134367249906]"
evc,chunk_90_94,91,4,6,huber,"[""tv2"", ""huber""]","[-10.08252239227295, -10.038240432739258]","[0.0010544601827859879, 0.00040212678140960634]"
evc,chunk_90_94,91,4,7,tv2,"[""tv2"", ""huber""]","[-10.471917152404785, -10.5591459274292]","[0.0009204592206515372, 0.0008891571196727455]"
evc,chunk_90_94,91,4,8,tv2,"[""tv2"", ""huber""]","[-10.62144660949707, -10.804882049560547]","[0.001842879457399249, 0.0007209748728200793]"
evc,chunk_90_94,91,5,1,tv2,"[""dct"", ""tv2""]","[-10.642930030822754, -10.635815620422363]","[0.0003738481900654733, 0.0012903007445856929]"
evc,chunk_90_94,91,5,2,tv2,"[""dct"", ""tv2""]","[-10.619131088256836, -10.15817928314209]","[0.0005831832531839609, 0.0014747888781130314]"
evc,chunk_90_94,91,5,3,tv2,"[""dct"", ""tv2""]","[-10.521742820739746, -10.19827938079834]","[0.00027635498554445803, 0.0009300938691012561]"
evc,chunk_90_94,91,5,4,tv2,"[""dct"", ""tv2""]","[-10.38000202178955, -10.243000984191895]","[0.0002228450757684186, 0.0008135600364767015]"
evc,chunk_90_94,91,5,5,tv2,"[""dct"", ""tv2""]","[-10.576661109924316, -10.315779685974121]","[0.0003594577719923109, 0.0010889272671192884]"
evc,chunk_90_94,91,5,6,tv2,"[""dct"", ""tv2""]","[-10.62337875366211, -10.426233291625977]","[0.0006499568116851151, 0.00124742288608104]"
evc,chunk_90_94,91,5,7,tv2,"[""dct"", ""tv2""]","[-10.472240447998047, -10.237189292907715]","[0.0002115093229804188, 0.0007043449440971017]"
evc,chunk_90_94,91,5,8,tv2,"[""dct"", ""tv2""]","[-10.677830696105957, -10.206786155700684]","[0.0005960616981610656, 0.000629945658147335]"
evc,chunk_90_94,92,0,1,phys,"[""phys"", ""robust""]","[-11.707032203674316, -12.371845245361328]","[0.00157951470464468, 0.010224874131381512]"
evc,chunk_90_94,92,0,2,robust,"[""phys"", ""robust""]","[-11.904939651489258, -11.801172256469727]","[0.0033868735190480947, 0.02235405519604683]"
evc,chunk_90_94,92,0,3,robust,"[""phys"", ""robust""]","[-11.98503589630127, -11.582799911499023]","[0.008753261528909206, 0.005932216066867113]"
evc,chunk_90_94,92,0,4,phys,"[""phys"", ""robust""]","[-12.068687438964844, -12.916483879089355]","[0.0032975119538605213, 0.021825876086950302]"
evc,chunk_90_94,92,0,5,robust,"[""phys"", ""robust""]","[-13.72362995147705, -12.921921730041504]","[0.007271378301084042, 0.005554301664233208]"
evc,chunk_90_94,92,0,6,robust,"[""phys"", ""robust""]","[-13.520010948181152, -12.593888282775879]","[0.01080750860273838, 0.005017114803195]"
evc,chunk_90_94,92,0,7,phys,"[""phys"", ""robust""]","[-12.495123863220215, -12.992709159851074]","[0.004548879340291023, 0.006016389466822147]"
evc,chunk_90_94,92,0,8,phys,"[""phys"", ""robust""]","[-12.812514305114746, -14.169892311096191]","[0.002241981914266944, 0.016839612275362015]"
evc,chunk_90_94,92,1,1,conv,"[""conv"", ""prox_tv""]","[-11.613646507263184, -12.17633056640625]","[0.0010608130833134055, 0.0017231638776138425]"
evc,chunk_90_94,92,1,2,conv,"[""conv"", ""prox_tv""]","[-11.914291381835938, -12.471999168395996]","[0.003807666013017297, 0.009473745711147785]"
evc,chunk_90_94,92,1,3,prox_tv,"[""conv"", ""prox_tv""]","[-12.473638534545898, -12.35719108581543]","[0.003908486105501652, 0.0025632395409047604]"
evc,chunk_90_94,92,1,4,conv,"[""conv"", ""prox_tv""]","[-12.581766128540039, -13.04539966583252]","[0.003166073001921177, 0.0037141265347599983]"
evc,chunk_90_94,92,1,5,conv,"[""conv"", ""prox_tv""]","[-12.558167457580566, -13.260931968688965]","[0.001974842743948102, 0.005438811145722866]"
evc,chunk_90_94,92,1,6,prox_tv,"[""conv"", ""prox_tv""]","[-12.891861915588379, -12.796076774597168]","[0.003775080433115363, 0.002950887195765972]"
evc,chunk_90_94,92,1,7,prox_tv,"[""conv"", ""prox_tv""]","[-14.440899848937988, -13.132424354553223]","[0.01903684251010418, 0.002747980412095785]"
evc,chunk_90_94,92,1,8,prox_tv,"[""conv"", ""prox_tv""]","[-14.002360343933105, -13.455048561096191]","[0.01194929052144289, 0.004816747270524502]"
evc,chunk_90_94,92,2,1,conv_lowtv,"[""conv_lowtv"", ""wavelet"", ""inr""]","[-12.38154411315918, -13.139021873474121, -17.00031280517578]","[0.0028172500897198915, 0.0021343673579394817, 0.6079025864601135]"
evc,chunk_90_94,92,2,2,conv_lowtv,"[""conv_lowtv"", ""wavelet"", ""inr""]","[-12.820388793945312, -13.643769264221191, -18.762290954589844]","[0.002707552397623658, 0.0027640708722174168, 0.6333056688308716]"
evc,chunk_90_94,92,2,3,conv_lowtv,"[""conv_lowtv"", ""wavelet"", ""inr""]","[-13.553178787231445, -13.915733337402344, -20.874553680419922]","[0.0037678952794522047, 0.0024969661608338356, 0.6485134363174438]"
evc,chunk_90_94,92,2,4,conv_lowtv,"[""conv_lowtv"", ""wavelet"", ""inr""]","[-13.91629409790039, -14.402437210083008, -22.13963508605957]","[0.002197137800976634, 0.0020009467843919992, 0.6487724184989929]"
evc,chunk_90_94,92,2,5,conv_lowtv,"[""conv_lowtv"", ""wavelet"", ""inr""]","[-14.32165241241455, -14.977524757385254, -23.040861129760742]","[0.0035293023101985455, 0.005114970728754997, 0.6620779633522034]"
evc,chunk_90_94,92,2,6,conv_lowtv,"[""conv_lowtv"", ""wavelet"", ""inr""]","[-14.412776947021484, -15.253567695617676, -23.304271697998047]","[0.002977966330945492, 0.003970268182456493, 0.6489891409873962]"
evc,chunk_90_94,92,2,7,conv_lowtv,"[""conv_lowtv"", ""wavelet"", ""inr""]","[-14.358607292175293, -17.725818634033203, -23.050968170166016]","[0.0017963730497285724, 0.05880042538046837, 0.6542477607727051]"
evc,chunk_90_94,92,2,8,conv_lowtv,"[""conv_lowtv"", ""wavelet"", ""inr""]","[-14.128365516662598, -15.101252555847168, -22.243797302246094]","[0.002354768570512533, 0.005180919077247381, 0.60727858543396]"
evc,chunk_90_94,92,3,1,had,"[""dct"", ""had""]","[-12.226580619812012, -11.725475311279297]","[0.00209949747659266, 0.0018116587307304144]"
evc,chunk_90_94,92,3,2,had,"[""dct"", ""had""]","[-12.402300834655762, -12.208550453186035]","[0.004689069464802742, 0.003456802573055029]"
evc,chunk_90_94,92,3,3,had,"[""dct"", ""had""]","[-14.660258293151855, -13.010485649108887]","[0.02023920975625515, 0.0031636254861950874]"
evc,chunk_90_94,92,3,4,dct,"[""dct"", ""had""]","[-12.70140266418457, -13.427556037902832]","[0.0036054851952940226, 0.003968354314565659]"
evc,chunk_90_94,92,3,5,dct,"[""dct"", ""had""]","[-12.542713165283203, -12.953959465026855]","[0.003270636545494199, 0.003337303875014186]"
evc,chunk_90_94,92,3,6,had,"[""dct"", ""had""]","[-13.144498825073242, -12.958430290222168]","[0.0032782270573079586, 0.0023823613300919533]"
evc,chunk_90_94,92,3,7,had,"[""dct"", ""had""]","[-13.576041221618652, -13.472745895385742]","[0.006293535698205233, 0.005760044790804386]"
evc,chunk_90_94,92,3,8,dct,"[""dct"", ""had""]","[-12.898828506469727, -13.431944847106934]","[0.0030765682458877563, 0.003711859229952097]"
evc,chunk_90_94,92,4,1,huber,"[""tv2"", ""huber""]","[-12.499958992004395, -12.100714683532715]","[0.0028383343014866114, 0.0023650575894862413]"
evc,chunk_90_94,92,4,2,huber,"[""tv2"", ""huber""]","[-13.15099811553955, -12.613205909729004]","[0.009775785729289055, 0.004048155155032873]"
evc,chunk_90_94,92,4,3,tv2,"[""tv2"", ""huber""]","[-12.358407020568848, -12.967612266540527]","[0.003477921709418297, 0.0038694492541253567]"
evc,chunk_90_94,92,4,4,tv2,"[""tv2"", ""huber""]","[-12.5075044631958, -13.182211875915527]","[0.003546952037140727, 0.004076431505382061]"
evc,chunk_90_94,92,4,5,tv2,"[""tv2"", ""huber""]","[-12.4585599899292, -13.572775840759277]","[0.0033101877197623253, 0.005884866695851088]"
evc,chunk_90_94,92,4,6,huber,"[""tv2"", ""huber""]","[-13.873859405517578, -12.936541557312012]","[0.01023842766880989, 0.0025584870018064976]"
evc,chunk_90_94,92,4,7,huber,"[""tv2"", ""huber""]","[-13.767305374145508, -13.205546379089355]","[0.009890103712677956, 0.004224208649247885]"
evc,chunk_90_94,92,4,8,huber,"[""tv2"", ""huber""]","[-15.616803169250488, -13.623555183410645]","[0.03963844105601311, 0.004594338592141867]"
evc,chunk_90_94,92,5,1,dct,"[""dct"", ""tv2""]","[-11.895739555358887, -12.050150871276855]","[0.019134145230054855, 0.003144333604723215]"
evc,chunk_90_94,92,5,2,dct,"[""dct"", ""tv2""]","[-12.22364330291748, -12.471610069274902]","[0.0033707234542816877, 0.005174323916435242]"
evc,chunk_90_94,92,5,3,dct,"[""dct"", ""tv2""]","[-12.56529712677002, -12.679893493652344]","[0.0030390359461307526, 0.003158747684210539]"
evc,chunk_90_94,92,5,4,dct,"[""dct"", ""tv2""]","[-12.853842735290527, -12.902365684509277]","[0.003103795927017927, 0.004125264473259449]"
evc,chunk_90_94,92,5,5,tv2,"[""dct"", ""tv2""]","[-13.47242259979248, -12.560269355773926]","[0.005472718738019466, 0.004066741093993187]"
evc,chunk_90_94,92,5,6,tv2,"[""dct"", ""tv2""]","[-13.331409454345703, -12.252242088317871]","[0.00750073604285717, 0.0035620490089058876]"
evc,chunk_90_94,92,5,7,dct,"[""dct"", ""tv2""]","[-12.778023719787598, -12.841885566711426]","[0.003003990277647972, 0.004005179740488529]"
evc,chunk_90_94,92,5,8,dct,"[""dct"", ""tv2""]","[-12.757465362548828, -12.824942588806152]","[0.002155408961698413, 0.0032280206214636564]"
evc,chunk_90_94,93,0,1,robust,"[""phys"", ""robust""]","[-10.797162055969238, -10.652824401855469]","[0.00027865421725437045, 0.0023116038646548986]"
evc,chunk_90_94,93,0,2,phys,"[""phys"", ""robust""]","[-11.01807975769043, -11.118343353271484]","[0.0004293217498343438, 0.013349315151572227]"
evc,chunk_90_94,93,0,3,phys,"[""phys"", ""robust""]","[-10.712803840637207, -10.99573802947998]","[0.00024041940923780203, 0.0014030582970008254]"
evc,chunk_90_94,93,0,4,phys,"[""phys"", ""robust""]","[-10.576430320739746, -10.760703086853027]","[0.00018342053226660937, 0.003498704405501485]"
evc,chunk_90_94,93,0,5,phys,"[""phys"", ""robust""]","[-10.107033729553223, -10.638069152832031]","[0.00011032367910956964, 0.00033325026743113995]"
evc,chunk_90_94,93,0,6,phys,"[""phys"", ""robust""]","[-10.013365745544434, -10.604634284973145]","[6.610732089029625e-05, 0.0010499842464923859]"
evc,chunk_90_94,93,0,7,phys,"[""phys"", ""robust""]","[-10.321004867553711, -10.849251747131348]","[6.563851638929918e-05, 0.0003165941743645817]"
evc,chunk_90_94,93,0,8,phys,"[""phys"", ""robust""]","[-10.193490028381348, -10.626749992370605]","[5.577776028076187e-05, 0.0002220299356849864]"
evc,chunk_90_94,93,1,1,prox_tv,"[""conv"", ""prox_tv""]","[-11.04410457611084, -10.97188663482666]","[0.0001871514250524342, 0.00018713822646532208]"
evc,chunk_90_94,93,1,2,conv,"[""conv"", ""prox_tv""]","[-10.141497611999512, -10.952813148498535]","[0.00021151118562556803, 0.00021962930622976273]"
evc,chunk_90_94,93,1,3,prox_tv,"[""conv"", ""prox_tv""]","[-10.576302528381348, -10.444193840026855]","[0.0001739226427162066, 0.00013545852561946958]"
evc,chunk_90_94,93,1,4,prox_tv,"[""conv"", ""prox_tv""]","[-10.4055757522583, -10.049225807189941]","[0.0001654073566896841, 0.00013969313295092434]"
evc,chunk_90_94,93,1,5,conv,"[""conv"", ""prox_tv""]","[-9.858443260192871, -10.141814231872559]","[9.561451588524505e-05, 9.683729876996949e-05]"
evc,chunk_90_94,93,1,6,conv,"[""conv"", ""prox_tv""]","[-10.144135475158691, -10.19843578338623]","[0.00011107886530226097, 0.00010837510490091518]"
evc,chunk_90_94,93,1,7,conv,"[""conv"", ""prox_tv""]","[-9.898553848266602, -10.297816276550293]","[0.00011944409925490618, 0.0001261162105947733]"
evc,chunk_90_94,93,1,8,prox_tv,"[""conv"", ""prox_tv""]","[-10.209898948669434, -10.06726360321045]","[8.421375241596252e-05, 7.676096720388159e-05]"
evc,chunk_90_94,93,2,1,conv_lowtv,"[""conv_lowtv"", ""wavelet"", ""inr""]","[-10.842263221740723, -11.664156913757324, -13.531377792358398]","[0.00023902248358353972, 0.00039485114393755794, 0.28247278928756714]"
evc,chunk_90_94,93,2,2,conv_lowtv,"[""conv_lowtv"", ""wavelet"", ""inr""]","[-10.616446495056152, -11.621434211730957, -13.925313949584961]","[0.00017841074441093951, 0.0004926964174956083, 0.32383522391319275]"
evc,chunk_90_94,93,2,3,conv_lowtv,"[""conv_lowtv"", ""wavelet"", ""inr""]","[-10.597025871276855, -11.738972663879395, -13.983803749084473]","[0.00017332460265606642, 0.0005273985443636775, 0.30041804909706116]"
evc,chunk_90_94,93,2,4,conv_lowtv,"[""conv_lowtv"", ""wavelet"", ""inr""]","[-10.736265182495117, -11.673317909240723, -14.209612846374512]","[0.0002089220070047304, 0.000528202741406858, 0.3399657607078552]"
evc,chunk_90_94,93,2,5,conv_lowtv,"[""conv_lowtv"", ""wavelet"", ""inr""]","[-10.410327911376953, -11.381242752075195, -14.081073760986328]","[0.0001053122105076909, 0.0005054938956163824, 0.2842138707637787]"
evc,chunk_90_94,93,2,6,conv_lowtv,"[""conv_lowtv"", ""wavelet"", ""inr""]","[-10.480067253112793, -11.754840850830078, -14.387640953063965]","[0.0001850921253208071, 0.00047107995487749577, 0.3115219473838806]"
evc,chunk_90_94,93,2,7,conv_lowtv,"[""conv_lowtv"", ""wavelet"", ""inr""]","[-11.251801490783691, -12.279816627502441, -14.785429954528809]","[0.00018730014562606812, 0.0007662810385227203, 0.3306463062763214]"
evc,chunk_90_94,93,2,8,conv_lowtv,"[""conv_lowtv"", ""wavelet"", ""inr""]","[-10.663838386535645, -12.29698657989502, -15.138262748718262]","[0.00011465679563116282, 0.00036146893398836255, 0.32922446727752686]"
evc,chunk_90_94,93,3,1,dct,"[""dct"", ""had""]","[-10.245226860046387, -11.468031883239746]","[0.0001646808668738231, 0.0003009075880981982]"
evc,chunk_90_94,93,3,2,dct,"[""dct"", ""had""]","[-9.940506935119629, -10.604645729064941]","[0.00013081947690807283, 0.000153052038513124]"
evc,chunk_90_94,93,3,3,dct,"[""dct"", ""had""]","[-9.828309059143066, -10.520967483520508]","[0.0001277606061194092, 0.00021525165357161313]"
evc,chunk_90_94,93,3,4,dct,"[""dct"", ""had""]","[-9.920536994934082, -10.358521461486816]","[0.00012099510058760643, 0.00012320629321038723]"
evc,chunk_90_94,93,3,5,dct,"[""dct"", ""had""]","[-10.004691123962402, -10.8034029006958]","[8.56981860124506e-05, 0.0002392532624071464]"
evc,chunk_95_99,95,0,1,phys,"[""phys"", ""robust""]","[-10.030882835388184, -10.402405738830566]","[0.00019100232748314738, 0.0038263064343482256]"
evc,chunk_95_99,95,0,2,phys,"[""phys"", ""robust""]","[-10.192790031433105, -10.728255271911621]","[0.0003211376315448433, 0.004704575054347515]"
evc,chunk_95_99,95,0,3,phys,"[""phys"", ""robust""]","[-10.334685325622559, -10.763258934020996]","[0.0005898589733988047, 0.004355326294898987]"
evc,chunk_95_99,95,0,4,phys,"[""phys"", ""robust""]","[-10.275472640991211, -10.603106498718262]","[0.000782068120315671, 0.002586834132671356]"
evc,chunk_95_99,95,0,5,phys,"[""phys"", ""robust""]","[-10.381653785705566, -10.855608940124512]","[0.000827923824544996, 0.004557227250188589]"
evc,chunk_95_99,95,0,6,phys,"[""phys"", ""robust""]","[-10.26465129852295, -10.68610668182373]","[0.00046408677008002996, 0.002386525273323059]"
evc,chunk_95_99,95,0,7,phys,"[""phys"", ""robust""]","[-10.43150806427002, -10.632828712463379]","[0.0009358582319691777, 0.0033123716711997986]"
evc,chunk_95_99,95,0,8,phys,"[""phys"", ""robust""]","[-10.59166431427002, -10.948776245117188]","[0.0009420005953870714, 0.005541094578802586]"
evc,chunk_95_99,95,1,1,conv,"[""conv"", ""prox_tv""]","[-10.241764068603516, -10.353570938110352]","[0.00032200710847973824, 0.00026939978124573827]"
evc,chunk_95_99,95,1,2,conv,"[""conv"", ""prox_tv""]","[-10.137202262878418, -10.598610877990723]","[0.0008737917523831129, 0.0008817211491987109]"
evc,chunk_95_99,95,1,3,prox_tv,"[""conv"", ""prox_tv""]","[-10.644806861877441, -10.363092422485352]","[0.0010288424091413617, 0.0006105301436036825]"
evc,chunk_95_99,95,1,4,conv,"[""conv"", ""prox_tv""]","[-10.077397346496582, -10.721744537353516]","[0.000261434237472713, 0.0004264378221705556]"
evc,chunk_95_99,95,1,5,prox_tv,"[""conv"", ""prox_tv""]","[-10.494831085205078, -10.453413963317871]","[0.0005930535844527185, 0.0005815807380713522]"
evc,chunk_95_99,95,1,6,conv,"[""conv"", ""prox_tv""]","[-10.414551734924316, -11.117403030395508]","[0.0008310931734740734, 0.0016796672716736794]"
evc,chunk_95_99,95,1,7,conv,"[""conv"", ""prox_tv""]","[-10.201875686645508, -11.037878036499023]","[0.0003539212339092046, 0.0014110530028119683]"
evc,chunk_95_99,95,1,8,prox_tv,"[""conv"", ""prox_tv""]","[-10.531281471252441, -10.455636978149414]","[0.0008690429385751486, 0.00040995675954036415]"
evc,chunk_95_99,95,2,1,conv_lowtv,"[""conv_lowtv"", ""wavelet"", ""inr""]","[-10.451388359069824, -11.053190231323242, -13.783716201782227]","[0.000513409439008683, 0.001754710334353149, 0.12316218763589859]"
evc,chunk_95_99,95,2,2,conv_lowtv,"[""conv_lowtv"", ""wavelet"", ""inr""]","[-10.382938385009766, -11.156222343444824, -14.106598854064941]","[0.00039110635407269, 0.0011902941623702645, 0.12450707703828812]"
evc,chunk_95_99,95,2,3,conv_lowtv,"[""conv_lowtv"", ""wavelet"", ""inr""]","[-10.531498908996582, -11.202816009521484, -14.567303657531738]","[0.0007916368776932359, 0.0012134278658777475, 0.1244191825389862]"
evc,chunk_95_99,95,2,4,conv_lowtv,"[""conv_lowtv"", ""wavelet"", ""inr""]","[-10.910980224609375, -11.564753532409668, -15.163155555725098]","[0.0008323935908265412, 0.0010953859891742468, 0.12622778117656708]"
evc,chunk_95_99,95,2,5,conv_lowtv,"[""conv_lowtv"", ""wavelet"", ""inr""]","[-10.840559959411621, -11.66202163696289, -15.231128692626953]","[0.0007859055185690522, 0.0011290166294202209, 0.12307289242744446]"
evc,chunk_95_99,95,2,6,conv_lowtv,"[""conv_lowtv"", ""wavelet"", ""inr""]","[-10.810348510742188, -11.72669506072998, -15.267302513122559]","[0.000331186834955588, 0.0013796495040878654, 0.1170286163687706]"
evc,chunk_95_99,95,2,7,conv_lowtv,"[""conv_lowtv"", ""wavelet"", ""inr""]","[-10.89582347869873, -11.607770919799805, -15.532671928405762]","[0.0006178051116876304, 0.001545652630738914, 0.1293371319770813]"
evc,chunk_95_99,95,2,8,conv_lowtv,"[""conv_lowtv"", ""wavelet"", ""inr""]","[-10.99191951751709, -11.645315170288086, -15.710593223571777]","[0.0005474717472679913, 0.000901546620298177, 0.14051374793052673]"
evc,chunk_95_99,95,3,1,dct,"[""dct"", ""had""]","[-10.333864212036133, -10.854218482971191]","[0.0003691679157782346, 0.0006546820513904095]"
evc,chunk_95_99,95,3,2,dct,"[""dct"", ""had""]","[-9.970574378967285, -10.557967185974121]","[0.0007597185904160142, 0.0007744892500340939]"
evc,chunk_95_99,95,3,3,had,"[""dct"", ""had""]","[-10.456669807434082, -10.080828666687012]","[0.0008863573311828077, 0.0004451414861250669]"
evc,chunk_95_99,95,3,4,had,"[""dct"", ""had""]","[-10.317072868347168, -10.244054794311523]","[0.00121025531552732, 0.00030236912425607443]"
evc,chunk_95_99,95,3,5,had,"[""dct"", ""had""]","[-10.450238227844238, -10.2813138961792]","[0.000990647473372519, 0.000671226589474827]"
evc,chunk_95_99,95,3,6,dct,"[""dct"", ""had""]","[-10.230388641357422, -10.619028091430664]","[0.001098312670364976, 0.001632325234822929]"
evc,chunk_95_99,95,3,7,had,"[""dct"", ""had""]","[-10.443648338317871, -10.243985176086426]","[0.0008070218027569354, 0.00046146532986313105]"
evc,chunk_95_99,95,3,8,dct,"[""dct"", ""had""]","[-10.195582389831543, -10.880534172058105]","[0.0005066550802439451, 0.0021146454382687807]"
evc,chunk_95_99,95,4,1,tv2,"[""tv2"", ""huber""]","[-10.289637565612793, -10.317378044128418]","[0.0011992877116426826, 0.0008294611470773816]"
evc,chunk_95_99,95,4,2,tv2,"[""tv2"", ""huber""]","[-9.656339645385742, -10.514349937438965]","[0.0010650809854269028, 0.001302556018345058]"
evc,chunk_95_99,95,4,3,tv2,"[""tv2"", ""huber""]","[-9.953725814819336, -10.151368141174316]","[0.0016696024686098099, 0.0011620044242590666]"
evc,chunk_95_99,95,4,4,tv2,"[""tv2"", ""huber""]","[-10.0420503616333, -10.30419635772705]","[0.0016838875599205494, 0.0013533997116610408]"
evc,chunk_95_99,95,4,5,tv2,"[""tv2"", ""huber""]","[-9.799506187438965, -10.468926429748535]","[0.0009637339971959591, 0.0009693488827906549]"
evc,chunk_95_99,95,4,6,tv2,"[""tv2"", ""huber""]","[-10.172364234924316, -10.186746597290039]","[0.0018883496522903442, 0.0006750659085810184]"
evc,chunk_95_99,95,4,7,tv2,"[""tv2"", ""huber""]","[-10.271634101867676, -10.449503898620605]","[0.0018941477173939347, 0.0010461718775331974]"
evc,chunk_95_99,95,4,8,tv2,"[""tv2"", ""huber""]","[-10.006243705749512, -10.762243270874023]","[0.001187202287837863, 0.001929646823555231]"
evc,chunk_95_99,95,5,1,dct,"[""dct"", ""tv2""]","[-10.336028099060059, -10.414822578430176]","[0.0005839953082613647, 0.001733435783535242]"
evc,chunk_95_99,95,5,2,dct,"[""dct"", ""tv2""]","[-10.089227676391602, -10.135737419128418]","[0.0002554453967604786, 0.001516614924184978]"
evc,chunk_95_99,95,5,3,tv2,"[""dct"", ""tv2""]","[-10.049254417419434, -9.949389457702637]","[0.0004499856731854379, 0.0010590528836473823]"
evc,chunk_95_99,95,5,4,tv2,"[""dct"", ""tv2""]","[-10.369593620300293, -10.098664283752441]","[0.0012249124702066183, 0.001256831455975771]"
evc,chunk_95_99,95,5,5,tv2,"[""dct"", ""tv2""]","[-10.297028541564941, -10.156481742858887]","[0.001091886661015451, 0.0023288526572287083]"
evc,chunk_95_99,95,5,6,tv2,"[""dct"", ""tv2""]","[-10.213624000549316, -10.006928443908691]","[0.0004894732846878469, 0.001143547473475337]"
evc,chunk_95_99,95,5,7,tv2,"[""dct"", ""tv2""]","[-10.289463996887207, -10.094258308410645]","[0.000934949959628284, 0.0017093485221266747]"
evc,chunk_95_99,95,5,8,tv2,"[""dct"", ""tv2""]","[-10.358880043029785, -10.225752830505371]","[0.0009399396949447691, 0.0020449068397283554]"
evc,chunk_95_99,96,0,1,robust,"[""phys"", ""robust""]","[-10.78433895111084, -10.448244094848633]","[0.0006446799961850047, 0.0005768741248175502]"
evc,chunk_95_99,96,0,2,phys,"[""phys"", ""robust""]","[-10.502949714660645, -10.84979248046875]","[0.0007584192790091038, 0.0008624998736195266]"
evc,chunk_95_99,96,0,3,phys,"[""phys"", ""robust""]","[-10.71509838104248, -11.196605682373047]","[0.00039889212348498404, 0.0009575595031492412]"
evc,chunk_95_99,96,0,4,phys,"[""phys"", ""robust""]","[-10.79158878326416, -11.191081047058105]","[0.0007033208967186511, 0.0009404209558852017]"
evc,chunk_95_99,96,0,5,phys,"[""phys"", ""robust""]","[-10.84305191040039, -11.226228713989258]","[0.0005403124378062785, 0.0007258156547322869]"
evc,chunk_95_99,96,0,6,phys,"[""phys"", ""robust""]","[-10.791764259338379, -11.243586540222168]","[0.00039843664853833616, 0.0006209350540302694]"
evc,chunk_95_99,96,0,7,phys,"[""phys"", ""robust""]","[-10.910325050354004, -11.346665382385254]","[0.0004736511327791959, 0.0007083663367666304]"
evc,chunk_95_99,96,0,8,phys,"[""phys"", ""robust""]","[-11.042437553405762, -11.504560470581055]","[0.000522983493283391, 0.0010020514018833637]"
evc,chunk_95_99,96,1,1,prox_tv,"[""conv"", ""prox_tv""]","[-10.717936515808105, -10.511213302612305]","[0.0007190582109615207, 0.0006407354376278818]"
evc,chunk_95_99,96,1,2,prox_tv,"[""conv"", ""prox_tv""]","[-10.929940223693848, -10.81141185760498]","[0.0005098343244753778, 0.00038943495019339025]"
evc,chunk_95_99,96,1,3,conv,"[""conv"", ""prox_tv""]","[-10.730669975280762, -11.502809524536133]","[0.0007065018871799111, 0.0013319908175617456]"
evc,chunk_95_99,96,1,4,conv,"[""conv"", ""prox_tv""]","[-10.749876976013184, -11.316222190856934]","[0.0005905373254790902, 0.0006723778205923736]"
evc,chunk_95_99,96,1,5,conv,"[""conv"", ""prox_tv""]","[-10.685013771057129, -11.227618217468262]","[0.0003168846305925399, 0.0004937775665894151]"
evc,chunk_95_99,96,1,6,prox_tv,"[""conv"", ""prox_tv""]","[-11.21628189086914, -10.837736129760742]","[0.0007442759815603495, 0.0004680165438912809]"
evc,chunk_95_99,96,1,7,prox_tv,"[""conv"", ""prox_tv""]","[-11.164402961730957, -10.955904006958008]","[0.0006482332246378064, 0.0003857534611597657]"
evc,chunk_95_99,96,1,8,conv,"[""conv"", ""prox_tv""]","[-10.744769096374512, -11.29150104522705]","[0.0003660325310193002, 0.0005017091170884669]"
evc,chunk_95_99,96,2,1,conv_lowtv,"[""conv_lowtv"", ""wavelet"", ""inr""]","[-11.317602157592773, -12.057096481323242, -17.803178787231445]","[0.00036973439273424447, 0.0007137181819416583, 0.21259360015392303]"
evc,chunk_95_99,96,2,2,conv_lowtv,"[""conv_lowtv"", ""wavelet"", ""inr""]","[-11.361120223999023, -12.157635688781738, -18.283145904541016]","[0.00045648933155462146, 0.0008155814139172435, 0.2061842978000641]"
evc,chunk_95_99,96,2,3,conv_lowtv,"[""conv_lowtv"", ""wavelet"", ""inr""]","[-11.55278205871582, -12.23895263671875, -18.681381225585938]","[0.00043524184729903936, 0.0006448485655710101, 0.22149018943309784]"
evc,chunk_95_99,96,2,4,conv_lowtv,"[""conv_lowtv"", ""wavelet"", ""inr""]","[-11.687644004821777, -12.417250633239746, -18.806896209716797]","[0.00048634674749337137, 0.0007339295116253197, 0.22216375172138214]"
evc,chunk_95_99,96,2,5,conv_lowtv,"[""conv_lowtv"", ""wavelet"", ""inr""]","[-11.631023406982422, -12.441557884216309, -18.44174575805664]","[0.00034827523631975055, 0.0008373413584195077, 0.2002900391817093]"
evc,chunk_95_99,96,2,6,conv_lowtv,"[""conv_lowtv"", ""wavelet"", ""inr""]","[-11.797224998474121, -12.548136711120605, -18.799808502197266]","[0.0006258938810788095, 0.0008020478417165577, 0.2080293893814087]"
evc,chunk_95_99,96,2,7,conv_lowtv,"[""conv_lowtv"", ""wavelet"", ""inr""]","[-11.715163230895996, -12.613358497619629, -18.533567428588867]","[0.0004975092015229166, 0.0009462221059948206, 0.20099838078022003]"
evc,chunk_95_99,96,2,8,conv_lowtv,"[""conv_lowtv"", ""wavelet"", ""inr""]","[-11.747739791870117, -12.567130088806152, -18.702823638916016]","[0.000349345471477136, 0.0007413623970933259, 0.1962963491678238]"
evc,chunk_95_99,96,3,1,had,"[""dct"", ""had""]","[-10.772021293640137, -10.569384574890137]","[0.0005480658146552742, 0.0005217778962105513]"
evc,chunk_95_99,96,3,2,dct,"[""dct"", ""had""]","[-10.622889518737793, -11.146737098693848]","[0.000367295608157292, 0.0005835158517584205]"
evc,chunk_95_99,96,3,3,dct,"[""dct"", ""had""]","[-10.707514762878418, -11.186144828796387]","[0.0003905626363120973, 0.0004030955897178501]"
evc,chunk_95_99,96,3,4,had,"[""dct"", ""had""]","[-11.194748878479004, -10.806303977966309]","[0.00043017181451432407, 0.000301439460599795]"
evc,chunk_95_99,96,3,5,had,"[""dct"", ""had""]","[-11.173274040222168, -10.985200881958008]","[0.0004915301105938852, 0.0004808903322555125]"
evc,chunk_95_99,96,3,6,dct,"[""dct"", ""had""]","[-10.862601280212402, -11.3410005569458]","[0.0005084961885586381, 0.0005422283429652452]"
evc,chunk_95_99,96,3,7,dct,"[""dct"", ""had""]","[-10.932844161987305, -11.409392356872559]","[0.0003041191375814378, 0.0004486774269025773]"
evc,chunk_95_99,96,3,8,had,"[""dct"", ""had""]","[-11.969078063964844, -11.087692260742188]","[0.0025602164678275585, 0.0005043727578595281]"
evc,chunk_95_99,96,4,1,tv2,"[""tv2"", ""huber""]","[-10.734996795654297, -10.761490821838379]","[0.000609929789789021, 0.0005292011192068458]"
evc,chunk_95_99,96,4,2,huber,"[""tv2"", ""huber""]","[-10.75033187866211, -10.743681907653809]","[0.0005148951895534992, 0.0004328733484726399]"
evc,chunk_95_99,96,4,3,huber,"[""tv2"", ""huber""]","[-10.889591217041016, -10.833101272583008]","[0.0006490693776868284, 0.0005413718754425645]"
evc,chunk_95_99,96,4,4,tv2,"[""tv2"", ""huber""]","[-10.568275451660156, -11.255843162536621]","[0.0004669779445976019, 0.0005368688725866377]"
evc,chunk_95_99,96,4,5,huber,"[""tv2"", ""huber""]","[-10.96911334991455, -10.899520874023438]","[0.0006048489594832063, 0.0004519734357018024]"
evc,chunk_95_99,96,4,6,huber,"[""tv2"", ""huber""]","[-10.926253318786621, -10.91126537322998]","[0.0005773112061433494, 0.00041222668369300663]"
evc,chunk_95_99,96,4,7,tv2,"[""tv2"", ""huber""]","[-10.673280715942383, -11.31080436706543]","[0.000403600832214579, 0.0005967187462374568]"
evc,chunk_95_99,96,4,8,tv2,"[""tv2"", ""huber""]","[-11.067408561706543, -11.071447372436523]","[0.0005498284590430558, 0.0004115674237255007]"
evc,chunk_95_99,96,5,1,tv2,"[""dct"", ""tv2""]","[-10.9760160446167, -10.206036567687988]","[0.001985671231523156, 0.0006823535659350455]"
evc,chunk_95_99,96,5,2,tv2,"[""dct"", ""tv2""]","[-11.06786823272705, -10.470437049865723]","[0.000615639379248023, 0.0005941615090705454]"
evc,chunk_95_99,96,5,3,tv2,"[""dct"", ""tv2""]","[-11.09410572052002, -10.460494041442871]","[0.000533863203600049, 0.00043736619409173727]"
evc,chunk_95_99,96,5,4,dct,"[""dct"", ""tv2""]","[-10.797565460205078, -10.867066383361816]","[0.0004761223972309381, 0.000573303725104779]"
evc,chunk_95_99,96,5,5,dct,"[""dct"", ""tv2""]","[-10.76978588104248, -11.03064250946045]","[0.00047428865218535066, 0.0008533278596587479]"
evc,chunk_95_99,96,5,6,dct,"[""dct"", ""tv2""]","[-10.800300598144531, -11.045550346374512]","[0.0004067055997438729, 0.0007938650087453425]"
evc,chunk_95_99,96,5,7,dct,"[""dct"", ""tv2""]","[-10.912575721740723, -11.081976890563965]","[0.00048011852777563035, 0.0007103248499333858]"
evc,chunk_95_99,96,5,8,tv2,"[""dct"", ""tv2""]","[-11.270291328430176, -10.676844596862793]","[0.0006140267942100763, 0.0005984896561130881]"
evc,chunk_95_99,97,0,1,phys,"[""phys"", ""robust""]","[-10.338051795959473, -10.437858581542969]","[0.0001644924923311919, 0.0011034199269488454]"
evc,chunk_95_99,97,0,2,phys,"[""phys"", ""robust""]","[-9.78751277923584, -10.091760635375977]","[0.0001441815693397075, 0.002663711551576853]"
evc,chunk_95_99,97,0,3,phys,"[""phys"", ""robust""]","[-9.986374855041504, -10.114903450012207]","[0.00015420861018355936, 0.004525025840848684]"
evc,chunk_95_99,97,0,4,robust,"[""phys"", ""robust""]","[-10.675317764282227, -10.170332908630371]","[0.00034414741094224155, 0.001389447133988142]"
evc,chunk_95_99,97,0,5,phys,"[""phys"", ""robust""]","[-10.040878295898438, -10.167181968688965]","[0.00016743496234994382, 0.001956517808139324]"
evc,chunk_95_99,97,0,6,phys,"[""phys"", ""robust""]","[-9.969186782836914, -10.333852767944336]","[8.462022378807887e-05, 0.0015493305400013924]"
evc,chunk_95_99,97,0,7,phys,"[""phys"", ""robust""]","[-10.030778884887695, -10.485814094543457]","[8.920837717596442e-05, 0.001808073720894754]"
evc,chunk_95_99,97,0,8,phys,"[""phys"", ""robust""]","[-10.224453926086426, -10.383256912231445]","[9.50816465774551e-05, 0.0011069783940911293]"
evc,chunk_95_99,97,1,1,prox_tv,"[""conv"", ""prox_tv""]","[-10.46837043762207, -10.160122871398926]","[0.0004945059190504253, 0.00017405892140232027]"
evc,chunk_95_99,97,1,2,prox_tv,"[""conv"", ""prox_tv""]","[-10.372779846191406, -10.138998985290527]","[0.00020694939303211868, 0.0001769320369930938]"
evc,chunk_95_99,97,1,3,prox_tv,"[""conv"", ""prox_tv""]","[-10.202290534973145, -10.015939712524414]","[0.00016070665151346475, 0.00012783700367435813]"
evc,chunk_95_99,97,1,4,prox_tv,"[""conv"", ""prox_tv""]","[-10.540689468383789, -10.21780776977539]","[0.0003440846048761159, 0.00012359398533590138]"
evc,chunk_95_99,97,1,5,conv,"[""conv"", ""prox_tv""]","[-9.8303804397583, -10.476130485534668]","[0.00010199410462519154, 0.00020462997781578451]"
evc,chunk_95_99,97,1,6,prox_tv,"[""conv"", ""prox_tv""]","[-10.295899391174316, -9.99887752532959]","[0.00010774325346574187, 5.3986612329026684e-05]"
evc,chunk_95_99,97,1,7,prox_tv,"[""conv"", ""prox_tv""]","[-10.276350975036621, -10.188088417053223]","[7.691813516430557e-05, 7.207268208730966e-05]"
evc,chunk_95_99,97,1,8,conv,"[""conv"", ""prox_tv""]","[-9.990304946899414, -10.711653709411621]","[8.064577559707686e-05, 0.00013986154226586223]"
evc,chunk_95_99,97,2,1,conv_lowtv,"[""conv_lowtv"", ""wavelet"", ""inr""]","[-10.485045433044434, -11.091206550598145, -13.216045379638672]","[0.00016945671814028174, 0.00047480902867391706, 0.2194960117340088]"
evc,chunk_95_99,97,2,2,conv_lowtv,"[""conv_lowtv"", ""wavelet"", ""inr""]","[-10.356045722961426, -10.849413871765137, -13.529229164123535]","[0.0002006876457016915, 0.0006703280960209668, 0.2331271469593048]"
evc,chunk_95_99,97,2,3,conv_lowtv,"[""conv_lowtv"", ""wavelet"", ""inr""]","[-10.266386032104492, -11.068929672241211, -13.990107536315918]","[0.0002245516807306558, 0.0006759568932466209, 0.22660580277442932]"
evc,chunk_95_99,97,2,4,conv_lowtv,"[""conv_lowtv"", ""wavelet"", ""inr""]","[-10.598711967468262, -11.735939979553223, -14.809935569763184]","[0.00018436387472320348, 0.00048317332402803004, 0.231716588139534]"
evc,chunk_95_99,97,2,5,conv_lowtv,"[""conv_lowtv"", ""wavelet"", ""inr""]","[-10.347830772399902, -11.651439666748047, -15.02833080291748]","[0.0001139304440584965, 0.0006262186216190457, 0.241334930062294]"
evc,chunk_95_99,97,2,6,conv_lowtv,"[""conv_lowtv"", ""wavelet"", ""inr""]","[-10.290217399597168, -11.865273475646973, -14.970839500427246]","[4.317948696552776e-05, 0.00048243830678984523, 0.22539375722408295]"
evc,chunk_95_99,97,2,7,conv_lowtv,"[""conv_lowtv"", ""wavelet"", ""inr""]","[-11.270947456359863, -11.95627498626709, -15.211821556091309]","[0.0003839998389594257, 0.000757198897190392, 0.22979623079299927]"
evc,chunk_95_99,97,2,8,conv_lowtv,"[""conv_lowtv"", ""wavelet"", ""inr""]","[-10.5612211227417, -11.858351707458496, -15.36762523651123]","[5.145678369444795e-05, 0.0007730556535534561, 0.2082475870847702]"
evc,chunk_95_99,97,3,1,dct,"[""dct"", ""had""]","[-10.277649879455566, -10.675764083862305]","[0.00013022775237914175, 0.0001521277445135638]"
evc,chunk_95_99,97,3,2,dct,"[""dct"", ""had""]","[-9.857314109802246, -10.453154563903809]","[0.00012407537724357098, 0.0001658737164689228]"
evc,chunk_95_99,97,3,3,dct,"[""dct"", ""had""]","[-10.098196029663086, -10.5602445602417]","[0.00014705480134580284, 0.0001691438228590414]"
evc,chunk_95_99,97,3,4,dct,"[""dct"", ""had""]","[-9.945033073425293, -10.380454063415527]","[0.00010139457299374044, 0.00012147085362812504]"
evc,chunk_95_99,97,3,5,dct,"[""dct"", ""had""]","[-9.875164985656738, -10.388322830200195]","[9.493430115981027e-05, 0.00012824208533857018]"
evc,chunk_95_99,97,3,6,dct,"[""dct"", ""had""]","[-10.091837882995605, -10.373908042907715]","[9.437588596483693e-05, 0.00012506908387877047]"
evc,chunk_95_99,97,3,7,dct,"[""dct"", ""had""]","[-10.221604347229004, -10.561528205871582]","[0.00014968264440540224, 0.00015013381198514253]"
evc,chunk_95_99,97,3,8,had,"[""dct"", ""had""]","[-10.426888465881348, -10.241154670715332]","[0.00012958717707078904, 0.00011470774916233495]"
evc,chunk_95_99,97,4,1,huber,"[""tv2"", ""huber""]","[-10.409114837646484, -10.358686447143555]","[0.00031677121296525, 0.0002876065263990313]"
evc,chunk_95_99,97,4,2,huber,"[""tv2"", ""huber""]","[-10.100377082824707, -9.8755464553833]","[0.00035093448241241276, 0.0002589664072729647]"
evc,chunk_95_99,97,4,3,huber,"[""tv2"", ""huber""]","[-10.41636848449707, -10.335787773132324]","[0.0004976151394657791, 0.0003543934435583651]"
evc,chunk_95_99,97,4,4,huber,"[""tv2"", ""huber""]","[-9.983540534973145, -9.916546821594238]","[0.0003360197879374027, 0.00021270911383908242]"
evc,chunk_95_99,97,4,5,tv2,"[""tv2"", ""huber""]","[-9.656755447387695, -10.330504417419434]","[0.0003262740501668304, 0.00035886166733689606]"
evc,chunk_95_99,97,4,6,tv2,"[""tv2"", ""huber""]","[-10.08105182647705, -10.272187232971191]","[0.00030026427702978253, 0.0001999947999138385]"
evc,chunk_95_99,97,4,7,huber,"[""tv2"", ""huber""]","[-10.405927658081055, -10.208187103271484]","[0.000427520222729072, 0.00022170790180098265]"
evc,chunk_95_99,97,4,8,huber,"[""tv2"", ""huber""]","[-10.28414249420166, -10.204371452331543]","[0.0003570569970179349, 0.0002631941169966012]"
evc,chunk_95_99,97,5,1,dct,"[""dct"", ""tv2""]","[-10.31017017364502, -10.449816703796387]","[0.00022082566283643246, 0.0004760406445711851]"
evc,chunk_95_99,97,5,2,dct,"[""dct"", ""tv2""]","[-10.022215843200684, -10.20843505859375]","[0.0002672823320608586, 0.0005757651524618268]"
evc,chunk_95_99,97,5,3,dct,"[""dct"", ""tv2""]","[-9.790997505187988, -10.122588157653809]","[0.0001539659424452111, 0.0004361281171441078]"
evc,chunk_95_99,97,5,4,dct,"[""dct"", ""tv2""]","[-9.800379753112793, -9.94118881225586]","[0.0001154958808911033, 0.00023872469319030643]"
evc,chunk_95_99,97,5,5,tv2,"[""dct"", ""tv2""]","[-10.527005195617676, -9.676512718200684]","[0.00039947827463038266, 0.00027008933830074966]"
evc,chunk_95_99,97,5,6,tv2,"[""dct"", ""tv2""]","[-11.057412147521973, -9.853035926818848]","[0.0004903881927020848, 0.00022844929480925202]"
evc,chunk_95_99,97,5,7,tv2,"[""dct"", ""tv2""]","[-10.500515937805176, -10.403429985046387]","[0.00013375301205087453, 0.00023719757155049592]"
evc,chunk_95_99,97,5,8,dct,"[""dct"", ""tv2""]","[-10.338658332824707, -10.510600090026855]","[0.00013088906416669488, 0.0005188203067518771]"
evc,chunk_95_99,98,0,1,phys,"[""phys"", ""robust""]","[-9.364889144897461, -9.648640632629395]","[0.0001542546524433419, 0.0010668843751773238]"
evc,chunk_95_99,98,0,2,phys,"[""phys"", ""robust""]","[-9.158770561218262, -9.472956657409668]","[0.00030778232030570507, 0.0014327993849292397]"
evc,chunk_95_99,98,0,3,phys,"[""phys"", ""robust""]","[-9.12770938873291, -9.339343070983887]","[0.0002446043072268367, 0.0008640679297968745]"
evc,chunk_95_99,98,0,4,phys,"[""phys"", ""robust""]","[-9.151247024536133, -9.437337875366211]","[0.00030144586344249547, 0.0022311813663691282]"
evc,chunk_95_99,98,0,5,phys,"[""phys"", ""robust""]","[-9.207833290100098, -9.36237621307373]","[0.0004716640105471015, 0.0013110830914229155]"
evc,chunk_95_99,98,0,6,phys,"[""phys"", ""robust""]","[-8.961678504943848, -9.398882865905762]","[0.00011864944826811552, 0.0016232897760346532]"
evc,chunk_95_99,98,0,7,phys,"[""phys"", ""robust""]","[-9.310641288757324, -9.446803092956543]","[0.000518666347488761, 0.0011624515755102038]"
evc,chunk_95_99,98,0,8,phys,"[""phys"", ""robust""]","[-9.339767456054688, -9.392948150634766]","[0.0003668429853860289, 0.0011321890633553267]"
evc,chunk_95_99,98,1,1,prox_tv,"[""conv"", ""prox_tv""]","[-9.31210994720459, -9.11745548248291]","[0.00013659097021445632, 7.384899072349072e-05]"
evc,chunk_95_99,98,1,2,conv,"[""conv"", ""prox_tv""]","[-8.88232421875, -9.263901710510254]","[0.0001531700254417956, 0.00017432634194847196]"
evc,chunk_95_99,98,1,3,conv,"[""conv"", ""prox_tv""]","[-8.777820587158203, -9.349743843078613]","[0.0002765045501291752, 0.0006638361955992877]"
evc,chunk_95_99,98,1,4,conv,"[""conv"", ""prox_tv""]","[-8.771864891052246, -9.196045875549316]","[0.00010132512397831306, 0.00017383592785336077]"
evc,chunk_95_99,98,1,5,conv,"[""conv"", ""prox_tv""]","[-8.872723579406738, -9.718457221984863]","[0.00013805941853206605, 0.0006014798418618739]"
evc,chunk_95_99,98,1,6,prox_tv,"[""conv"", ""prox_tv""]","[-9.113984107971191, -8.87693977355957]","[0.00015689959400333464, 0.00010111006849911064]"
evc,chunk_95_99,98,1,7,prox_tv,"[""conv"", ""prox_tv""]","[-9.110328674316406, -9.039739608764648]","[0.0004036123282276094, 0.00020225346088409424]"
evc,chunk_95_99,98,1,8,conv,"[""conv"", ""prox_tv""]","[-8.928735733032227, -9.306391716003418]","[0.00010341027518734336, 0.00013281697465572506]"
evc,chunk_95_99,98,2,1,conv_lowtv,"[""conv_lowtv"", ""wavelet"", ""inr""]","[-9.160993576049805, -9.836319923400879, -11.457201957702637]","[0.00012737665383610874, 0.0002354762691538781, 0.05844275280833244]"
evc,chunk_95_99,98,2,2,conv_lowtv,"[""conv_lowtv"", ""wavelet"", ""inr""]","[-8.791616439819336, -9.536977767944336, -11.83251667022705]","[0.00010796151764225215, 0.000481515220599249, 0.0596759133040905]"
evc,chunk_95_99,98,2,3,conv_lowtv,"[""conv_lowtv"", ""wavelet"", ""inr""]","[-9.041830062866211, -9.616972923278809, -12.078857421875]","[0.00018796090444084257, 0.00042510515777394176, 0.056509241461753845]"
evc,chunk_95_99,98,2,4,conv_lowtv,"[""conv_lowtv"", ""wavelet"", ""inr""]","[-8.868693351745605, -9.735089302062988, -12.410563468933105]","[0.00015391777560580522, 0.00041502719977870584, 0.061550069600343704]"
evc,chunk_95_99,98,2,5,conv_lowtv,"[""conv_lowtv"", ""wavelet"", ""inr""]","[-8.970359802246094, -9.823769569396973, -12.711657524108887]","[0.00010848948295461014, 0.0007691268110647798, 0.06839784979820251]"
evc,chunk_95_99,98,2,6,conv_lowtv,"[""conv_lowtv"", ""wavelet"", ""inr""]","[-9.174675941467285, -10.026244163513184, -12.860264778137207]","[0.0003144709044136107, 0.0005122582078911364, 0.061214547604322433]"
evc,chunk_95_99,98,2,7,conv_lowtv,"[""conv_lowtv"", ""wavelet"", ""inr""]","[-8.926007270812988, -9.862095832824707, -12.978629112243652]","[7.313856622204185e-05, 0.0006854351959191263, 0.06600650399923325]"
evc,chunk_95_99,98,2,8,conv_lowtv,"[""conv_lowtv"", ""wavelet"", ""inr""]","[-9.018193244934082, -9.989798545837402, -12.88446044921875]","[0.00010632385237840936, 0.0005790303112007678, 0.061077412217855453]"
evc,chunk_95_99,98,3,1,had,"[""dct"", ""had""]","[-9.715903282165527, -9.346558570861816]","[0.00020691305689979345, 0.00010034829028882086]"
evc,chunk_95_99,98,3,2,dct,"[""dct"", ""had""]","[-8.961932182312012, -9.561214447021484]","[0.0001719804567983374, 0.00024831577320583165]"
evc,chunk_95_99,98,3,3,had,"[""dct"", ""had""]","[-9.138532638549805, -9.04787540435791]","[0.00016828592924866825, 0.000155091387568973]"
evc,chunk_95_99,98,3,4,dct,"[""dct"", ""had""]","[-9.08353328704834, -9.44238567352295]","[0.00017046622815541923, 0.00021679772180505097]"
